# DinoMascot converted: 6 materials -> 1 palette texture (player_palette.png)
mtllib player.mtl
v 0.000000 0.648894 -0.252811
v 0.000000 0.590112 -0.278686
v 0.000000 0.271106 -0.252811
v 0.015148 0.793467 -0.072764
v 0.029714 0.774119 -0.123500
v 0.043138 0.742700 -0.170259
v 0.054904 0.700416 -0.211244
v 0.064560 0.648894 -0.244879
v 0.071735 0.590112 -0.269872
v 0.076154 0.526331 -0.285262
v 0.077646 0.460000 -0.290459
v 0.076154 0.393669 -0.285262
v 0.071735 0.329888 -0.269872
v 0.064560 0.271106 -0.244879
v 0.054904 0.219584 -0.211244
v 0.043138 0.177300 -0.170259
v 0.029714 0.145881 -0.123500
v 0.015148 0.126533 -0.072764
v 0.029264 0.793467 -0.067307
v 0.057403 0.774119 -0.112796
v 0.083336 0.742700 -0.154719
v 0.106066 0.700416 -0.191464
v 0.124720 0.648894 -0.221621
v 0.138582 0.590112 -0.244029
v 0.147118 0.526331 -0.257828
v 0.150000 0.460000 -0.262487
v 0.147118 0.393669 -0.257828
v 0.138582 0.329888 -0.244029
v 0.124720 0.271106 -0.221621
v 0.106066 0.219584 -0.191464
v 0.083336 0.177300 -0.154719
v 0.057403 0.145881 -0.112796
v 0.029264 0.126533 -0.067307
v 0.041385 0.793467 -0.058626
v 0.081179 0.774119 -0.095767
v 0.117854 0.742700 -0.129997
v 0.150000 0.700416 -0.160000
v 0.176381 0.648894 -0.184623
v 0.195984 0.590112 -0.202919
v 0.208056 0.526331 -0.214186
v 0.212132 0.460000 -0.217990
v 0.208056 0.393669 -0.214186
v 0.195984 0.329888 -0.202919
v 0.176381 0.271106 -0.184623
v 0.150000 0.219584 -0.160000
v 0.117854 0.177300 -0.129997
v 0.081179 0.145881 -0.095767
v 0.041385 0.126533 -0.058626
v 0.050686 0.793467 -0.047313
v 0.099424 0.774119 -0.073576
v 0.144341 0.742700 -0.097780
v 0.183712 0.700416 -0.118995
v 0.216022 0.648894 -0.136406
v 0.240031 0.590112 -0.149343
v 0.254815 0.526331 -0.157310
v 0.259808 0.460000 -0.160000
v 0.254815 0.393669 -0.157310
v 0.240031 0.329888 -0.149343
v 0.216022 0.271106 -0.136406
v 0.183712 0.219584 -0.118995
v 0.144341 0.177300 -0.097780
v 0.099424 0.145881 -0.073576
v 0.050686 0.126533 -0.047313
v 0.056533 0.793467 -0.034138
v 0.110893 0.774119 -0.047733
v 0.160992 0.742700 -0.060262
v 0.204904 0.700416 -0.071244
v 0.240941 0.648894 -0.080256
v 0.267720 0.590112 -0.086953
v 0.284210 0.526331 -0.091077
v 0.289778 0.460000 -0.092469
v 0.284210 0.393669 -0.091077
v 0.267720 0.329888 -0.086953
v 0.240941 0.271106 -0.080256
v 0.204904 0.219584 -0.071244
v 0.160992 0.177300 -0.060262
v 0.110893 0.145881 -0.047733
v 0.056533 0.126533 -0.034138
v 0.058527 0.793467 -0.020000
v 0.114805 0.774119 -0.020000
v 0.166671 0.742700 -0.020000
v 0.212132 0.700416 -0.020000
v 0.249441 0.648894 -0.020000
v 0.277164 0.590112 -0.020000
v 0.294236 0.526331 -0.020000
v 0.300000 0.460000 -0.020000
v 0.294236 0.393669 -0.020000
v 0.277164 0.329888 -0.020000
v 0.249441 0.271106 -0.020000
v 0.212132 0.219584 -0.020000
v 0.166671 0.177300 -0.020000
v 0.114805 0.145881 -0.020000
v 0.058527 0.126533 -0.020000
v 0.056533 0.793467 -0.005862
v 0.110893 0.774119 0.007733
v 0.160992 0.742700 0.020262
v 0.204904 0.700416 0.031244
v 0.240941 0.648894 0.040256
v 0.267720 0.590112 0.046953
v 0.284210 0.526331 0.051077
v 0.289778 0.460000 0.052469
v 0.284210 0.393669 0.051077
v 0.267720 0.329888 0.046953
v 0.240941 0.271106 0.040256
v 0.204904 0.219584 0.031244
v 0.160992 0.177300 0.020262
v 0.110893 0.145881 0.007733
v 0.056533 0.126533 -0.005862
v 0.050686 0.793467 0.007313
v 0.099424 0.774119 0.033576
v 0.144341 0.742700 0.057780
v 0.183712 0.700416 0.078995
v 0.216022 0.648894 0.096406
v 0.240031 0.590112 0.109343
v 0.254815 0.526331 0.117310
v 0.259808 0.460000 0.120000
v 0.254815 0.393669 0.117310
v 0.240031 0.329888 0.109343
v 0.216022 0.271106 0.096406
v 0.183712 0.219584 0.078995
v 0.144341 0.177300 0.057780
v 0.099424 0.145881 0.033576
v 0.050686 0.126533 0.007313
v 0.041385 0.793467 0.018626
v 0.081179 0.774119 0.055767
v 0.117854 0.742700 0.089997
v 0.150000 0.700416 0.120000
v 0.176381 0.648894 0.144623
v 0.195984 0.590112 0.162919
v 0.208056 0.526331 0.174186
v 0.212132 0.460000 0.177990
v 0.208056 0.393669 0.174186
v 0.195984 0.329888 0.162919
v 0.176381 0.271106 0.144623
v 0.150000 0.219584 0.120000
v 0.117854 0.177300 0.089997
v 0.081179 0.145881 0.055767
v 0.041385 0.126533 0.018626
v 0.029264 0.793467 0.027307
v 0.057402 0.774119 0.072796
v 0.083336 0.742700 0.114719
v 0.106066 0.700416 0.151464
v 0.124720 0.648894 0.181621
v 0.138582 0.590112 0.204029
v 0.147118 0.526331 0.217828
v 0.150000 0.460000 0.222487
v 0.147118 0.393669 0.217828
v 0.138582 0.329888 0.204029
v 0.124720 0.271106 0.181621
v 0.106066 0.219584 0.151464
v 0.083336 0.177300 0.114719
v 0.057402 0.145881 0.072796
v 0.029264 0.126533 0.027307
v 0.015148 0.793467 0.032764
v 0.029714 0.774119 0.083500
v 0.043138 0.742700 0.130259
v 0.054904 0.700416 0.171243
v 0.064560 0.648894 0.204879
v 0.071735 0.590112 0.229872
v 0.076154 0.526331 0.245262
v 0.077646 0.460000 0.250459
v 0.076154 0.393669 0.245262
v 0.071735 0.329888 0.229872
v 0.064560 0.271106 0.204879
v 0.054904 0.219584 0.171243
v 0.043138 0.177300 0.130259
v 0.029714 0.145881 0.083500
v 0.015148 0.126533 0.032764
v 0.000000 0.793467 0.034625
v -0.000000 0.774119 0.087151
v -0.000000 0.742700 0.135560
v 0.000000 0.700416 0.177990
v -0.000000 0.648894 0.212811
v -0.000000 0.590112 0.238686
v 0.000000 0.526331 0.254620
v -0.000000 0.460000 0.260000
v 0.000000 0.393669 0.254620
v -0.000000 0.329888 0.238686
v -0.000000 0.271106 0.212811
v 0.000000 0.219584 0.177990
v -0.000000 0.177300 0.135560
v -0.000000 0.145881 0.087151
v 0.000000 0.126533 0.034625
v -0.015148 0.793467 0.032764
v -0.029714 0.774119 0.083500
v -0.043138 0.742700 0.130259
v -0.054904 0.700416 0.171243
v -0.064560 0.648894 0.204879
v -0.071735 0.590112 0.229872
v -0.076154 0.526331 0.245262
v -0.077646 0.460000 0.250459
v -0.076154 0.393669 0.245262
v -0.071735 0.329888 0.229872
v -0.064560 0.271106 0.204879
v -0.054904 0.219584 0.171243
v -0.043138 0.177300 0.130259
v -0.029714 0.145881 0.083500
v -0.015148 0.126533 0.032764
v 0.000000 0.800000 -0.020000
v -0.029264 0.793467 0.027307
v -0.057403 0.774119 0.072796
v -0.083336 0.742700 0.114719
v -0.106066 0.700416 0.151464
v -0.124720 0.648894 0.181621
v -0.138582 0.590112 0.204029
v -0.147118 0.526331 0.217828
v -0.150000 0.460000 0.222487
v -0.147118 0.393669 0.217828
v -0.138582 0.329888 0.204029
v -0.124720 0.271106 0.181621
v -0.106066 0.219584 0.151464
v -0.083336 0.177300 0.114719
v -0.057403 0.145881 0.072796
v -0.029264 0.126533 0.027307
v 0.000000 0.120000 -0.020000
v -0.041385 0.793467 0.018626
v -0.081179 0.774119 0.055767
v -0.117854 0.742700 0.089997
v -0.150000 0.700416 0.120000
v -0.176381 0.648894 0.144623
v -0.195984 0.590112 0.162919
v -0.208056 0.526331 0.174186
v -0.212132 0.460000 0.177990
v -0.208056 0.393669 0.174186
v -0.195984 0.329888 0.162919
v -0.176381 0.271106 0.144623
v -0.150000 0.219584 0.120000
v -0.117854 0.177300 0.089997
v -0.081179 0.145881 0.055767
v -0.041385 0.126533 0.018626
v -0.050686 0.793467 0.007313
v -0.099424 0.774119 0.033576
v -0.144341 0.742700 0.057780
v -0.183712 0.700416 0.078995
v -0.216022 0.648894 0.096406
v -0.240031 0.590112 0.109343
v -0.254815 0.526331 0.117310
v -0.259808 0.460000 0.120000
v -0.254815 0.393669 0.117310
v -0.240031 0.329888 0.109343
v -0.216022 0.271106 0.096406
v -0.183712 0.219584 0.078995
v -0.144341 0.177300 0.057780
v -0.099424 0.145881 0.033576
v -0.050686 0.126533 0.007313
v -0.056533 0.793467 -0.005862
v -0.110893 0.774119 0.007733
v -0.160992 0.742700 0.020262
v -0.204904 0.700416 0.031244
v -0.240941 0.648894 0.040256
v -0.267720 0.590112 0.046953
v -0.284210 0.526331 0.051077
v -0.289778 0.460000 0.052469
v -0.284210 0.393669 0.051077
v -0.267720 0.329888 0.046953
v -0.240941 0.271106 0.040256
v -0.204904 0.219584 0.031244
v -0.160992 0.177300 0.020262
v -0.110893 0.145881 0.007733
v -0.056533 0.126533 -0.005862
v -0.058527 0.793467 -0.020000
v -0.114805 0.774119 -0.020000
v -0.166671 0.742700 -0.020000
v -0.212132 0.700416 -0.020000
v -0.249441 0.648894 -0.020000
v -0.277164 0.590112 -0.020000
v -0.294236 0.526331 -0.020000
v -0.300000 0.460000 -0.020000
v -0.294236 0.393669 -0.020000
v -0.277164 0.329888 -0.020000
v -0.249441 0.271106 -0.020000
v -0.212132 0.219584 -0.020000
v -0.166671 0.177300 -0.020000
v -0.114805 0.145881 -0.020000
v -0.058527 0.126533 -0.020000
v -0.056533 0.793467 -0.034138
v -0.110893 0.774119 -0.047733
v -0.160992 0.742700 -0.060262
v -0.204904 0.700416 -0.071244
v -0.240941 0.648894 -0.080256
v -0.267720 0.590112 -0.086953
v -0.284210 0.526331 -0.091077
v -0.289778 0.460000 -0.092469
v -0.284210 0.393669 -0.091077
v -0.267720 0.329888 -0.086953
v -0.240941 0.271106 -0.080256
v -0.204904 0.219584 -0.071244
v -0.160992 0.177300 -0.060262
v -0.110893 0.145881 -0.047733
v -0.056533 0.126533 -0.034138
v -0.050686 0.793467 -0.047313
v -0.099424 0.774119 -0.073576
v -0.144341 0.742700 -0.097780
v -0.183712 0.700416 -0.118995
v -0.216022 0.648894 -0.136406
v -0.240031 0.590112 -0.149343
v -0.254815 0.526331 -0.157310
v -0.259807 0.460000 -0.160000
v -0.254815 0.393669 -0.157310
v -0.240031 0.329888 -0.149343
v -0.216022 0.271106 -0.136406
v -0.183712 0.219584 -0.118995
v -0.144341 0.177300 -0.097780
v -0.099424 0.145881 -0.073576
v -0.050686 0.126533 -0.047313
v -0.041385 0.793467 -0.058626
v -0.081179 0.774119 -0.095767
v -0.117854 0.742700 -0.129997
v -0.150000 0.700416 -0.160000
v -0.176381 0.648894 -0.184623
v -0.195984 0.590112 -0.202919
v -0.208056 0.526331 -0.214186
v -0.212132 0.460000 -0.217990
v -0.208056 0.393669 -0.214186
v -0.195984 0.329888 -0.202919
v -0.176381 0.271106 -0.184623
v -0.150000 0.219584 -0.160000
v -0.117854 0.177300 -0.129997
v -0.081179 0.145881 -0.095767
v -0.041385 0.126533 -0.058626
v -0.029264 0.793467 -0.067307
v -0.057402 0.774119 -0.112796
v -0.083335 0.742700 -0.154719
v -0.106066 0.700416 -0.191464
v -0.124720 0.648894 -0.221621
v -0.138582 0.590112 -0.244029
v -0.147118 0.526331 -0.257828
v -0.150000 0.460000 -0.262487
v -0.147118 0.393669 -0.257828
v -0.138582 0.329888 -0.244029
v -0.124720 0.271106 -0.221621
v -0.106066 0.219584 -0.191464
v -0.083335 0.177300 -0.154719
v -0.057402 0.145881 -0.112796
v -0.029264 0.126533 -0.067307
v -0.015148 0.793467 -0.072764
v -0.029714 0.774119 -0.123500
v -0.043138 0.742700 -0.170259
v -0.054904 0.700416 -0.211243
v -0.064560 0.648894 -0.244879
v -0.071735 0.590112 -0.269872
v -0.076154 0.526331 -0.285262
v -0.077646 0.460000 -0.290459
v -0.076154 0.393669 -0.285262
v -0.071735 0.329888 -0.269872
v -0.064560 0.271106 -0.244879
v -0.054904 0.219584 -0.211243
v -0.043138 0.177300 -0.170259
v -0.029714 0.145881 -0.123500
v -0.015148 0.126533 -0.072764
v 0.000000 0.793467 -0.074625
v 0.000000 0.774119 -0.127151
v 0.000000 0.742700 -0.175560
v 0.000000 0.700416 -0.217990
v -0.000000 0.526331 -0.294620
v 0.000000 0.460000 -0.300000
v -0.000000 0.393669 -0.294620
v 0.000000 0.329888 -0.278686
v 0.000000 0.219584 -0.217990
v 0.000000 0.177300 -0.175560
v 0.000000 0.145881 -0.127151
v 0.000000 0.126533 -0.074625
v 0.000000 0.595560 -0.051294
v 0.000000 0.547151 -0.069776
v 0.000000 0.284440 -0.051294
v 0.011866 0.714620 0.077311
v 0.023276 0.698686 0.041071
v 0.033791 0.672812 0.007672
v 0.043008 0.637990 -0.021603
v 0.050572 0.595560 -0.045628
v 0.056193 0.547151 -0.063480
v 0.059654 0.494625 -0.074473
v 0.060822 0.440000 -0.078185
v 0.059654 0.385375 -0.074473
v 0.056193 0.332849 -0.063480
v 0.050572 0.284440 -0.045628
v 0.043008 0.242010 -0.021603
v 0.033791 0.207189 0.007672
v 0.023276 0.181314 0.041071
v 0.011866 0.165380 0.077311
v 0.022923 0.714620 0.081209
v 0.044965 0.698686 0.048717
v 0.065279 0.672812 0.018772
v 0.083085 0.637990 -0.007474
v 0.097698 0.595560 -0.029015
v 0.108556 0.547151 -0.045021
v 0.115242 0.494625 -0.054877
v 0.117500 0.440000 -0.058205
v 0.115242 0.385375 -0.054877
v 0.108556 0.332849 -0.045021
v 0.097698 0.284440 -0.029015
v 0.083085 0.242010 -0.007474
v 0.065279 0.207189 0.018772
v 0.044965 0.181314 0.048717
v 0.022923 0.165380 0.081209
v 0.032418 0.714620 0.087410
v 0.063591 0.698686 0.060880
v 0.092319 0.672812 0.036431
v 0.117500 0.637990 0.015000
v 0.138165 0.595560 -0.002588
v 0.153521 0.547151 -0.015656
v 0.162977 0.494625 -0.023704
v 0.166170 0.440000 -0.026421
v 0.162977 0.385375 -0.023704
v 0.153521 0.332849 -0.015656
v 0.138165 0.284440 -0.002588
v 0.117500 0.242010 0.015000
v 0.092319 0.207189 0.036431
v 0.063591 0.181314 0.060880
v 0.032418 0.165380 0.087410
v 0.039704 0.714620 0.095491
v 0.077882 0.698686 0.076732
v 0.113067 0.672812 0.059443
v 0.143907 0.637990 0.044289
v 0.169217 0.595560 0.031853
v 0.188024 0.547151 0.022612
v 0.199605 0.494625 0.016921
v 0.203516 0.440000 0.015000
v 0.199605 0.385375 0.016921
v 0.188024 0.332849 0.022612
v 0.169217 0.284440 0.031853
v 0.143907 0.242010 0.044289
v 0.113067 0.207189 0.059443
v 0.077882 0.181314 0.076732
v 0.039704 0.165380 0.095491
v 0.044284 0.714620 0.104901
v 0.086866 0.698686 0.095191
v 0.126110 0.672812 0.086242
v 0.160508 0.637990 0.078397
v 0.188737 0.595560 0.071960
v 0.209714 0.547151 0.067176
v 0.222631 0.494625 0.064231
v 0.226993 0.440000 0.063236
v 0.222631 0.385375 0.064231
v 0.209714 0.332849 0.067176
v 0.188737 0.284440 0.071960
v 0.160508 0.242010 0.078397
v 0.126110 0.207189 0.086242
v 0.086866 0.181314 0.095191
v 0.044284 0.165380 0.104901
v 0.045846 0.714620 0.115000
v 0.089931 0.698686 0.115000
v 0.130559 0.672812 0.115000
v 0.166170 0.637990 0.115000
v 0.195395 0.595560 0.115000
v 0.217112 0.547151 0.115000
v 0.230484 0.494625 0.115000
v 0.235000 0.440000 0.115000
v 0.230484 0.385375 0.115000
v 0.217112 0.332849 0.115000
v 0.195395 0.284440 0.115000
v 0.166170 0.242010 0.115000
v 0.130559 0.207189 0.115000
v 0.089931 0.181314 0.115000
v 0.045846 0.165380 0.115000
v 0.044284 0.714620 0.125099
v 0.086866 0.698686 0.134809
v 0.126110 0.672812 0.143758
v 0.160508 0.637990 0.151603
v 0.188737 0.595560 0.158040
v 0.209714 0.547151 0.162824
v 0.222631 0.494625 0.165769
v 0.226993 0.440000 0.166764
v 0.222631 0.385375 0.165769
v 0.209714 0.332849 0.162824
v 0.188737 0.284440 0.158040
v 0.160508 0.242010 0.151603
v 0.126110 0.207189 0.143758
v 0.086866 0.181314 0.134809
v 0.044284 0.165380 0.125099
v 0.039704 0.714620 0.134509
v 0.077882 0.698686 0.153268
v 0.113067 0.672812 0.170557
v 0.143907 0.637990 0.185711
v 0.169217 0.595560 0.198147
v 0.188024 0.547151 0.207388
v 0.199605 0.494625 0.213079
v 0.203516 0.440000 0.215000
v 0.199605 0.385375 0.213079
v 0.188024 0.332849 0.207388
v 0.169217 0.284440 0.198147
v 0.143907 0.242010 0.185711
v 0.113067 0.207189 0.170557
v 0.077882 0.181314 0.153268
v 0.039704 0.165380 0.134509
v 0.032418 0.714620 0.142590
v 0.063591 0.698686 0.169120
v 0.092319 0.672812 0.193569
v 0.117500 0.637990 0.215000
v 0.138165 0.595560 0.232588
v 0.153521 0.547151 0.245656
v 0.162977 0.494625 0.253704
v 0.166170 0.440000 0.256421
v 0.162977 0.385375 0.253704
v 0.153521 0.332849 0.245656
v 0.138165 0.284440 0.232588
v 0.117500 0.242010 0.215000
v 0.092319 0.207189 0.193569
v 0.063591 0.181314 0.169120
v 0.032418 0.165380 0.142590
v 0.022923 0.714620 0.148791
v 0.044965 0.698686 0.181283
v 0.065279 0.672812 0.211228
v 0.083085 0.637990 0.237474
v 0.097698 0.595560 0.259015
v 0.108556 0.547151 0.275021
v 0.115242 0.494625 0.284877
v 0.117500 0.440000 0.288205
v 0.115242 0.385375 0.284877
v 0.108556 0.332849 0.275021
v 0.097698 0.284440 0.259015
v 0.083085 0.242010 0.237474
v 0.065279 0.207189 0.211228
v 0.044965 0.181314 0.181283
v 0.022923 0.165380 0.148791
v 0.011866 0.714620 0.152689
v 0.023276 0.698686 0.188929
v 0.033791 0.672812 0.222328
v 0.043008 0.637990 0.251603
v 0.050572 0.595560 0.275628
v 0.056193 0.547151 0.293480
v 0.059654 0.494625 0.304473
v 0.060822 0.440000 0.308185
v 0.059654 0.385375 0.304473
v 0.056193 0.332849 0.293480
v 0.050572 0.284440 0.275628
v 0.043008 0.242010 0.251603
v 0.033791 0.207189 0.222328
v 0.023276 0.181314 0.188929
v 0.011866 0.165380 0.152689
v 0.000000 0.714620 0.154018
v -0.000000 0.698686 0.191537
v -0.000000 0.672812 0.226114
v 0.000000 0.637990 0.256421
v -0.000000 0.595560 0.281294
v -0.000000 0.547151 0.299776
v 0.000000 0.494625 0.311157
v -0.000000 0.440000 0.315000
v 0.000000 0.385375 0.311157
v -0.000000 0.332849 0.299776
v -0.000000 0.284440 0.281294
v 0.000000 0.242010 0.256421
v -0.000000 0.207189 0.226114
v -0.000000 0.181314 0.191537
v 0.000000 0.165380 0.154018
v -0.011866 0.714620 0.152689
v -0.023276 0.698686 0.188929
v -0.033791 0.672812 0.222328
v -0.043008 0.637990 0.251602
v -0.050572 0.595560 0.275628
v -0.056193 0.547151 0.293480
v -0.059654 0.494625 0.304473
v -0.060822 0.440000 0.308185
v -0.059654 0.385375 0.304473
v -0.056193 0.332849 0.293480
v -0.050572 0.284440 0.275628
v -0.043008 0.242010 0.251602
v -0.033791 0.207189 0.222328
v -0.023276 0.181314 0.188929
v -0.011866 0.165380 0.152689
v 0.000000 0.720000 0.115000
v -0.022923 0.714620 0.148791
v -0.044965 0.698686 0.181283
v -0.065279 0.672812 0.211228
v -0.083085 0.637990 0.237474
v -0.097698 0.595560 0.259015
v -0.108556 0.547151 0.275021
v -0.115242 0.494625 0.284877
v -0.117500 0.440000 0.288205
v -0.115242 0.385375 0.284877
v -0.108556 0.332849 0.275021
v -0.097698 0.284440 0.259015
v -0.083085 0.242010 0.237474
v -0.065279 0.207189 0.211228
v -0.044965 0.181314 0.181283
v -0.022923 0.165380 0.148791
v 0.000000 0.160000 0.115000
v -0.032418 0.714620 0.142590
v -0.063591 0.698686 0.169120
v -0.092319 0.672812 0.193569
v -0.117500 0.637990 0.215000
v -0.138165 0.595560 0.232588
v -0.153521 0.547151 0.245656
v -0.162977 0.494625 0.253704
v -0.166170 0.440000 0.256421
v -0.162977 0.385375 0.253704
v -0.153521 0.332849 0.245656
v -0.138165 0.284440 0.232588
v -0.117500 0.242010 0.215000
v -0.092319 0.207189 0.193569
v -0.063591 0.181314 0.169120
v -0.032418 0.165380 0.142590
v -0.039704 0.714620 0.134509
v -0.077882 0.698686 0.153268
v -0.113067 0.672812 0.170557
v -0.143907 0.637990 0.185711
v -0.169217 0.595560 0.198147
v -0.188024 0.547151 0.207388
v -0.199605 0.494625 0.213079
v -0.203516 0.440000 0.215000
v -0.199605 0.385375 0.213079
v -0.188024 0.332849 0.207388
v -0.169217 0.284440 0.198147
v -0.143907 0.242010 0.185711
v -0.113067 0.207189 0.170557
v -0.077882 0.181314 0.153268
v -0.039704 0.165380 0.134509
v -0.044284 0.714620 0.125099
v -0.086866 0.698686 0.134809
v -0.126110 0.672812 0.143758
v -0.160508 0.637990 0.151603
v -0.188737 0.595560 0.158040
v -0.209714 0.547151 0.162823
v -0.222631 0.494625 0.165769
v -0.226992 0.440000 0.166764
v -0.222631 0.385375 0.165769
v -0.209714 0.332849 0.162823
v -0.188737 0.284440 0.158040
v -0.160508 0.242010 0.151603
v -0.126110 0.207189 0.143758
v -0.086866 0.181314 0.134809
v -0.044284 0.165380 0.125099
v -0.045846 0.714620 0.115000
v -0.089931 0.698686 0.115000
v -0.130559 0.672812 0.115000
v -0.166170 0.637990 0.115000
v -0.195395 0.595560 0.115000
v -0.217112 0.547151 0.115000
v -0.230484 0.494625 0.115000
v -0.235000 0.440000 0.115000
v -0.230484 0.385375 0.115000
v -0.217112 0.332849 0.115000
v -0.195395 0.284440 0.115000
v -0.166170 0.242010 0.115000
v -0.130559 0.207189 0.115000
v -0.089931 0.181314 0.115000
v -0.045846 0.165380 0.115000
v -0.044284 0.714620 0.104901
v -0.086866 0.698686 0.095191
v -0.126110 0.672812 0.086242
v -0.160508 0.637990 0.078397
v -0.188737 0.595560 0.071960
v -0.209714 0.547151 0.067176
v -0.222631 0.494625 0.064231
v -0.226992 0.440000 0.063236
v -0.222631 0.385375 0.064231
v -0.209714 0.332849 0.067176
v -0.188737 0.284440 0.071960
v -0.160508 0.242010 0.078397
v -0.126110 0.207189 0.086242
v -0.086866 0.181314 0.095191
v -0.044284 0.165380 0.104901
v -0.039704 0.714620 0.095491
v -0.077882 0.698686 0.076732
v -0.113067 0.672812 0.059443
v -0.143907 0.637990 0.044289
v -0.169217 0.595560 0.031853
v -0.188024 0.547151 0.022612
v -0.199605 0.494625 0.016922
v -0.203516 0.440000 0.015000
v -0.199605 0.385375 0.016922
v -0.188024 0.332849 0.022612
v -0.169217 0.284440 0.031853
v -0.143907 0.242010 0.044289
v -0.113067 0.207189 0.059443
v -0.077882 0.181314 0.076732
v -0.039704 0.165380 0.095491
v -0.032418 0.714620 0.087410
v -0.063591 0.698686 0.060880
v -0.092319 0.672812 0.036431
v -0.117500 0.637990 0.015000
v -0.138165 0.595560 -0.002588
v -0.153521 0.547151 -0.015656
v -0.162977 0.494625 -0.023704
v -0.166170 0.440000 -0.026421
v -0.162977 0.385375 -0.023704
v -0.153521 0.332849 -0.015656
v -0.138165 0.284440 -0.002588
v -0.117500 0.242010 0.015000
v -0.092319 0.207189 0.036431
v -0.063591 0.181314 0.060880
v -0.032418 0.165380 0.087410
v -0.022923 0.714620 0.081209
v -0.044965 0.698686 0.048717
v -0.065279 0.672812 0.018772
v -0.083085 0.637990 -0.007474
v -0.097698 0.595560 -0.029015
v -0.108556 0.547151 -0.045021
v -0.115242 0.494625 -0.054877
v -0.117500 0.440000 -0.058205
v -0.115242 0.385375 -0.054877
v -0.108556 0.332849 -0.045021
v -0.097698 0.284440 -0.029015
v -0.083085 0.242010 -0.007474
v -0.065279 0.207189 0.018772
v -0.044965 0.181314 0.048717
v -0.022923 0.165380 0.081209
v -0.011866 0.714620 0.077311
v -0.023276 0.698686 0.041071
v -0.033791 0.672812 0.007672
v -0.043008 0.637990 -0.021602
v -0.050572 0.595560 -0.045628
v -0.056193 0.547151 -0.063480
v -0.059654 0.494625 -0.074473
v -0.060822 0.440000 -0.078185
v -0.059654 0.385375 -0.074473
v -0.056193 0.332849 -0.063480
v -0.050572 0.284440 -0.045628
v -0.043008 0.242010 -0.021602
v -0.033791 0.207189 0.007672
v -0.023276 0.181314 0.041071
v -0.011866 0.165380 0.077311
v 0.000000 0.714620 0.075982
v 0.000000 0.698686 0.038463
v 0.000000 0.672812 0.003886
v 0.000000 0.637990 -0.026421
v -0.000000 0.494625 -0.081157
v 0.000000 0.440000 -0.085000
v -0.000000 0.385375 -0.081157
v 0.000000 0.332849 -0.069776
v 0.000000 0.242010 -0.026421
v 0.000000 0.207189 0.003886
v 0.000000 0.181314 0.038463
v 0.000000 0.165380 0.075982
v 0.000000 1.271117 -0.352588
v 0.000000 1.205420 -0.389552
v 0.000000 0.848883 -0.352588
v 0.021207 1.432698 -0.095377
v 0.041599 1.411074 -0.167858
v 0.060393 1.375958 -0.234656
v 0.076865 1.328701 -0.293205
v 0.090384 1.271117 -0.341255
v 0.100429 1.205420 -0.376960
v 0.106615 1.134134 -0.398946
v 0.108704 1.060000 -0.406370
v 0.106615 0.985866 -0.398946
v 0.100429 0.914580 -0.376960
v 0.090384 0.848883 -0.341255
v 0.076865 0.791299 -0.293205
v 0.060393 0.744042 -0.234656
v 0.041599 0.708926 -0.167858
v 0.021207 0.687302 -0.095377
v 0.040969 1.432698 -0.087581
v 0.080364 1.411074 -0.152565
v 0.116670 1.375958 -0.212455
v 0.148492 1.328701 -0.264949
v 0.174609 1.271117 -0.308029
v 0.194015 1.205420 -0.340041
v 0.205965 1.134134 -0.359754
v 0.210000 1.060000 -0.366410
v 0.205965 0.985866 -0.359754
v 0.194015 0.914580 -0.340041
v 0.174609 0.848883 -0.308029
v 0.148492 0.791299 -0.264949
v 0.116670 0.744042 -0.212455
v 0.080364 0.708926 -0.152565
v 0.040969 0.687302 -0.087581
v 0.057939 1.432698 -0.075180
v 0.113651 1.411074 -0.128239
v 0.164996 1.375958 -0.177139
v 0.210000 1.328701 -0.220000
v 0.246934 1.271117 -0.255175
v 0.274378 1.205420 -0.281313
v 0.291278 1.134134 -0.297408
v 0.296985 1.060000 -0.302843
v 0.291278 0.985866 -0.297408
v 0.274378 0.914580 -0.281313
v 0.246934 0.848883 -0.255175
v 0.210000 0.791299 -0.220000
v 0.164996 0.744042 -0.177139
v 0.113651 0.708926 -0.128239
v 0.057939 0.687302 -0.075180
v 0.070960 1.432698 -0.059018
v 0.139194 1.411074 -0.096537
v 0.202078 1.375958 -0.131114
v 0.257196 1.328701 -0.161421
v 0.302431 1.271117 -0.186294
v 0.336043 1.205420 -0.204776
v 0.356742 1.134134 -0.216157
v 0.363731 1.060000 -0.220000
v 0.356742 0.985866 -0.216157
v 0.336043 0.914580 -0.204776
v 0.302431 0.848883 -0.186294
v 0.257196 0.791299 -0.161421
v 0.202078 0.744042 -0.131114
v 0.139194 0.708926 -0.096537
v 0.070960 0.687302 -0.059018
v 0.079146 1.432698 -0.040197
v 0.155250 1.411074 -0.059618
v 0.225389 1.375958 -0.077517
v 0.286865 1.328701 -0.093205
v 0.337318 1.271117 -0.106080
v 0.374808 1.205420 -0.115647
v 0.397894 1.134134 -0.121538
v 0.405689 1.060000 -0.123528
v 0.397894 0.985866 -0.121538
v 0.374808 0.914580 -0.115647
v 0.337318 0.848883 -0.106080
v 0.286865 0.791299 -0.093205
v 0.225389 0.744042 -0.077517
v 0.155250 0.708926 -0.059618
v 0.079146 0.687302 -0.040197
v 0.081938 1.432698 -0.020000
v 0.160727 1.411074 -0.020000
v 0.233339 1.375958 -0.020000
v 0.296985 1.328701 -0.020000
v 0.349217 1.271117 -0.020000
v 0.388029 1.205420 -0.020000
v 0.411930 1.134134 -0.020000
v 0.420000 1.060000 -0.020000
v 0.411930 0.985866 -0.020000
v 0.388029 0.914580 -0.020000
v 0.349217 0.848883 -0.020000
v 0.296985 0.791299 -0.020000
v 0.233339 0.744042 -0.020000
v 0.160727 0.708926 -0.020000
v 0.081938 0.687302 -0.020000
v 0.079146 1.432698 0.000197
v 0.155250 1.411074 0.019618
v 0.225389 1.375958 0.037517
v 0.286865 1.328701 0.053205
v 0.337318 1.271117 0.066080
v 0.374808 1.205420 0.075647
v 0.397893 1.134134 0.081538
v 0.405689 1.060000 0.083528
v 0.397893 0.985866 0.081538
v 0.374808 0.914580 0.075647
v 0.337318 0.848883 0.066080
v 0.286865 0.791299 0.053205
v 0.225389 0.744042 0.037517
v 0.155250 0.708926 0.019618
v 0.079146 0.687302 0.000197
v 0.070960 1.432698 0.019018
v 0.139194 1.411074 0.056537
v 0.202078 1.375958 0.091114
v 0.257196 1.328701 0.121421
v 0.302431 1.271117 0.146294
v 0.336043 1.205420 0.164776
v 0.356742 1.134134 0.176157
v 0.363731 1.060000 0.180000
v 0.356742 0.985866 0.176157
v 0.336043 0.914580 0.164776
v 0.302431 0.848883 0.146294
v 0.257196 0.791299 0.121421
v 0.202078 0.744042 0.091114
v 0.139194 0.708926 0.056537
v 0.070960 0.687302 0.019018
v 0.057939 1.432698 0.035180
v 0.113651 1.411074 0.088239
v 0.164996 1.375958 0.137139
v 0.210000 1.328701 0.180000
v 0.246934 1.271117 0.215175
v 0.274378 1.205420 0.241313
v 0.291278 1.134134 0.257408
v 0.296985 1.060000 0.262843
v 0.291278 0.985866 0.257408
v 0.274378 0.914580 0.241313
v 0.246934 0.848883 0.215175
v 0.210000 0.791299 0.180000
v 0.164996 0.744042 0.137139
v 0.113651 0.708926 0.088239
v 0.057939 0.687302 0.035180
v 0.040969 1.432698 0.047581
v 0.080363 1.411074 0.112565
v 0.116670 1.375958 0.172455
v 0.148492 1.328701 0.224949
v 0.174609 1.271117 0.268030
v 0.194015 1.205420 0.300041
v 0.205965 1.134134 0.319754
v 0.210000 1.060000 0.326410
v 0.205965 0.985866 0.319754
v 0.194015 0.914580 0.300041
v 0.174609 0.848883 0.268030
v 0.148492 0.791299 0.224949
v 0.116670 0.744042 0.172455
v 0.080363 0.708926 0.112565
v 0.040969 0.687302 0.047581
v 0.021207 1.432698 0.055377
v 0.041599 1.411074 0.127857
v 0.060393 1.375958 0.194656
v 0.076865 1.328701 0.253205
v 0.090384 1.271117 0.301255
v 0.100429 1.205420 0.336960
v 0.106615 1.134134 0.358946
v 0.108704 1.060000 0.366370
v 0.106615 0.985866 0.358946
v 0.100429 0.914580 0.336960
v 0.090384 0.848883 0.301255
v 0.076865 0.791299 0.253205
v 0.060393 0.744042 0.194656
v 0.041599 0.708926 0.127857
v 0.021207 0.687302 0.055377
v 0.000000 1.432698 0.058036
v -0.000000 1.411074 0.133073
v -0.000000 1.375958 0.202228
v 0.000000 1.328701 0.262843
v -0.000000 1.271117 0.312588
v -0.000000 1.205420 0.349552
v 0.000000 1.134134 0.372314
v -0.000000 1.060000 0.380000
v 0.000000 0.985866 0.372314
v -0.000000 0.914580 0.349552
v -0.000000 0.848883 0.312588
v 0.000000 0.791299 0.262843
v -0.000000 0.744042 0.202228
v -0.000000 0.708926 0.133073
v 0.000000 0.687302 0.058036
v -0.021207 1.432698 0.055377
v -0.041599 1.411074 0.127857
v -0.060393 1.375958 0.194656
v -0.076865 1.328701 0.253205
v -0.090384 1.271117 0.301255
v -0.100429 1.205420 0.336960
v -0.106615 1.134134 0.358946
v -0.108704 1.060000 0.366370
v -0.106615 0.985866 0.358946
v -0.100429 0.914580 0.336960
v -0.090384 0.848883 0.301255
v -0.076865 0.791299 0.253205
v -0.060393 0.744042 0.194656
v -0.041599 0.708926 0.127857
v -0.021207 0.687302 0.055377
v 0.000000 1.440000 -0.020000
v -0.040969 1.432698 0.047581
v -0.080364 1.411074 0.112565
v -0.116670 1.375958 0.172455
v -0.148492 1.328701 0.224949
v -0.174609 1.271117 0.268029
v -0.194015 1.205420 0.300041
v -0.205965 1.134134 0.319754
v -0.210000 1.060000 0.326410
v -0.205965 0.985866 0.319754
v -0.194015 0.914580 0.300041
v -0.174609 0.848883 0.268029
v -0.148492 0.791299 0.224949
v -0.116670 0.744042 0.172455
v -0.080364 0.708926 0.112565
v -0.040969 0.687302 0.047581
v 0.000000 0.680000 -0.020000
v -0.057939 1.432698 0.035180
v -0.113651 1.411074 0.088239
v -0.164996 1.375958 0.137139
v -0.210000 1.328701 0.180000
v -0.246934 1.271117 0.215175
v -0.274378 1.205420 0.241312
v -0.291278 1.134134 0.257408
v -0.296985 1.060000 0.262843
v -0.291278 0.985866 0.257408
v -0.274378 0.914580 0.241312
v -0.246934 0.848883 0.215175
v -0.210000 0.791299 0.180000
v -0.164996 0.744042 0.137139
v -0.113651 0.708926 0.088239
v -0.057939 0.687302 0.035180
v -0.070960 1.432698 0.019018
v -0.139194 1.411074 0.056537
v -0.202078 1.375958 0.091114
v -0.257196 1.328701 0.121421
v -0.302431 1.271117 0.146294
v -0.336043 1.205420 0.164776
v -0.356741 1.134134 0.176157
v -0.363730 1.060000 0.180000
v -0.356741 0.985866 0.176157
v -0.336043 0.914580 0.164776
v -0.302431 0.848883 0.146294
v -0.257196 0.791299 0.121421
v -0.202078 0.744042 0.091114
v -0.139194 0.708926 0.056537
v -0.070960 0.687302 0.019018
v -0.079146 1.432698 0.000197
v -0.155250 1.411074 0.019618
v -0.225389 1.375958 0.037517
v -0.286865 1.328701 0.053205
v -0.337318 1.271117 0.066080
v -0.374807 1.205420 0.075647
v -0.397893 1.134134 0.081538
v -0.405689 1.060000 0.083528
v -0.397893 0.985866 0.081538
v -0.374807 0.914580 0.075647
v -0.337318 0.848883 0.066080
v -0.286865 0.791299 0.053205
v -0.225389 0.744042 0.037517
v -0.155250 0.708926 0.019618
v -0.079146 0.687302 0.000197
v -0.081938 1.432698 -0.020000
v -0.160727 1.411074 -0.020000
v -0.233339 1.375958 -0.020000
v -0.296985 1.328701 -0.020000
v -0.349217 1.271117 -0.020000
v -0.388029 1.205420 -0.020000
v -0.411930 1.134134 -0.020000
v -0.420000 1.060000 -0.020000
v -0.411930 0.985866 -0.020000
v -0.388029 0.914580 -0.020000
v -0.349217 0.848883 -0.020000
v -0.296985 0.791299 -0.020000
v -0.233339 0.744042 -0.020000
v -0.160727 0.708926 -0.020000
v -0.081938 0.687302 -0.020000
v -0.079146 1.432698 -0.040197
v -0.155250 1.411074 -0.059618
v -0.225389 1.375958 -0.077517
v -0.286865 1.328701 -0.093205
v -0.337318 1.271117 -0.106080
v -0.374807 1.205420 -0.115647
v -0.397893 1.134134 -0.121538
v -0.405689 1.060000 -0.123528
v -0.397893 0.985866 -0.121538
v -0.374807 0.914580 -0.115647
v -0.337318 0.848883 -0.106080
v -0.286865 0.791299 -0.093205
v -0.225389 0.744042 -0.077517
v -0.155250 0.708926 -0.059618
v -0.079146 0.687302 -0.040197
v -0.070960 1.432698 -0.059018
v -0.139194 1.411074 -0.096537
v -0.202078 1.375958 -0.131114
v -0.257196 1.328701 -0.161421
v -0.302431 1.271117 -0.186294
v -0.336043 1.205420 -0.204776
v -0.356742 1.134134 -0.216157
v -0.363730 1.060000 -0.220000
v -0.356742 0.985866 -0.216157
v -0.336043 0.914580 -0.204776
v -0.302431 0.848883 -0.186294
v -0.257196 0.791299 -0.161421
v -0.202078 0.744042 -0.131114
v -0.139194 0.708926 -0.096537
v -0.070960 0.687302 -0.059018
v -0.057939 1.432698 -0.075180
v -0.113651 1.411074 -0.128239
v -0.164996 1.375958 -0.177139
v -0.210000 1.328701 -0.220000
v -0.246934 1.271117 -0.255175
v -0.274378 1.205420 -0.281313
v -0.291278 1.134134 -0.297408
v -0.296985 1.060000 -0.302843
v -0.291278 0.985866 -0.297408
v -0.274378 0.914580 -0.281313
v -0.246934 0.848883 -0.255175
v -0.210000 0.791299 -0.220000
v -0.164996 0.744042 -0.177139
v -0.113651 0.708926 -0.128239
v -0.057939 0.687302 -0.075180
v -0.040969 1.432698 -0.087581
v -0.080363 1.411074 -0.152565
v -0.116670 1.375958 -0.212455
v -0.148492 1.328701 -0.264949
v -0.174608 1.271117 -0.308030
v -0.194015 1.205420 -0.340041
v -0.205965 1.134134 -0.359754
v -0.210000 1.060000 -0.366410
v -0.205965 0.985866 -0.359754
v -0.194015 0.914580 -0.340041
v -0.174608 0.848883 -0.308030
v -0.148492 0.791299 -0.264949
v -0.116670 0.744042 -0.212455
v -0.080363 0.708926 -0.152565
v -0.040969 0.687302 -0.087581
v -0.021207 1.432698 -0.095377
v -0.041599 1.411074 -0.167857
v -0.060393 1.375958 -0.234656
v -0.076865 1.328701 -0.293205
v -0.090384 1.271117 -0.341255
v -0.100429 1.205420 -0.376959
v -0.106615 1.134134 -0.398946
v -0.108704 1.060000 -0.406370
v -0.106615 0.985866 -0.398946
v -0.100429 0.914580 -0.376959
v -0.090384 0.848883 -0.341255
v -0.076865 0.791299 -0.293205
v -0.060393 0.744042 -0.234656
v -0.041599 0.708926 -0.167857
v -0.021207 0.687302 -0.095377
v 0.000000 1.432698 -0.098036
v 0.000000 1.411074 -0.173073
v 0.000000 1.375958 -0.242228
v 0.000000 1.328701 -0.302842
v -0.000000 1.134134 -0.412314
v 0.000000 1.060000 -0.420000
v -0.000000 0.985866 -0.412314
v 0.000000 0.914580 -0.389552
v 0.000000 0.791299 -0.302842
v 0.000000 0.744042 -0.242228
v 0.000000 0.708926 -0.173073
v 0.000000 0.687302 -0.098036
v 0.000000 1.051114 0.083818
v 0.000000 1.016537 0.059791
v 0.000000 0.828886 0.083818
v 0.015148 1.136157 0.251005
v 0.029714 1.124776 0.203893
v 0.043138 1.106294 0.160474
v 0.054904 1.081421 0.122417
v 0.064560 1.051114 0.091184
v 0.071735 1.016537 0.067976
v 0.076154 0.979018 0.053685
v 0.077646 0.940000 0.048859
v 0.076154 0.900982 0.053685
v 0.071735 0.863463 0.067976
v 0.064560 0.828886 0.091184
v 0.054904 0.798579 0.122417
v 0.043138 0.773706 0.160474
v 0.029714 0.755224 0.203893
v 0.015148 0.743843 0.251005
v 0.029264 1.136157 0.256072
v 0.057403 1.124776 0.213832
v 0.083336 1.106294 0.174904
v 0.106066 1.081421 0.140783
v 0.124720 1.051114 0.112781
v 0.138582 1.016537 0.091973
v 0.147118 0.979018 0.079160
v 0.150000 0.940000 0.074833
v 0.147118 0.900982 0.079160
v 0.138582 0.863463 0.091973
v 0.124720 0.828886 0.112781
v 0.106066 0.798579 0.140783
v 0.083336 0.773706 0.174904
v 0.057403 0.755224 0.213832
v 0.029264 0.743843 0.256072
v 0.041385 1.136157 0.264133
v 0.081179 1.124776 0.229645
v 0.117854 1.106294 0.197860
v 0.150000 1.081421 0.170000
v 0.176381 1.051114 0.147136
v 0.195984 1.016537 0.130147
v 0.208056 0.979018 0.119685
v 0.212132 0.940000 0.116152
v 0.208056 0.900982 0.119685
v 0.195984 0.863463 0.130147
v 0.176381 0.828886 0.147136
v 0.150000 0.798579 0.170000
v 0.117854 0.773706 0.197860
v 0.081179 0.755224 0.229645
v 0.041385 0.743843 0.264133
v 0.050686 1.136157 0.274638
v 0.099424 1.124776 0.250251
v 0.144341 1.106294 0.227776
v 0.183712 1.081421 0.208076
v 0.216022 1.051114 0.191909
v 0.240031 1.016537 0.179896
v 0.254815 0.979018 0.172498
v 0.259808 0.940000 0.170000
v 0.254815 0.900982 0.172498
v 0.240031 0.863463 0.179896
v 0.216022 0.828886 0.191909
v 0.183712 0.798579 0.208076
v 0.144341 0.773706 0.227776
v 0.099424 0.755224 0.250251
v 0.050686 0.743843 0.274638
v 0.056533 1.136157 0.286872
v 0.110893 1.124776 0.274248
v 0.160992 1.106294 0.262614
v 0.204904 1.081421 0.252417
v 0.240941 1.051114 0.244048
v 0.267720 1.016537 0.237829
v 0.284210 0.979018 0.234000
v 0.289778 0.940000 0.232707
v 0.284210 0.900982 0.234000
v 0.267720 0.863463 0.237829
v 0.240941 0.828886 0.244048
v 0.204904 0.798579 0.252417
v 0.160992 0.773706 0.262614
v 0.110893 0.755224 0.274248
v 0.056533 0.743843 0.286872
v 0.058527 1.136157 0.300000
v 0.114805 1.124776 0.300000
v 0.166671 1.106294 0.300000
v 0.212132 1.081421 0.300000
v 0.249441 1.051114 0.300000
v 0.277164 1.016537 0.300000
v 0.294235 0.979018 0.300000
v 0.300000 0.940000 0.300000
v 0.294235 0.900982 0.300000
v 0.277164 0.863463 0.300000
v 0.249441 0.828886 0.300000
v 0.212132 0.798579 0.300000
v 0.166671 0.773706 0.300000
v 0.114805 0.755224 0.300000
v 0.058527 0.743843 0.300000
v 0.056533 1.136157 0.313128
v 0.110893 1.124776 0.325752
v 0.160992 1.106294 0.337386
v 0.204904 1.081421 0.347583
v 0.240941 1.051114 0.355952
v 0.267720 1.016537 0.362171
v 0.284210 0.979018 0.366000
v 0.289778 0.940000 0.367293
v 0.284210 0.900982 0.366000
v 0.267720 0.863463 0.362171
v 0.240941 0.828886 0.355952
v 0.204904 0.798579 0.347583
v 0.160992 0.773706 0.337386
v 0.110893 0.755224 0.325752
v 0.056533 0.743843 0.313128
v 0.050686 1.136157 0.325362
v 0.099424 1.124776 0.349749
v 0.144341 1.106294 0.372224
v 0.183712 1.081421 0.391924
v 0.216022 1.051114 0.408091
v 0.240031 1.016537 0.420104
v 0.254815 0.979018 0.427502
v 0.259808 0.940000 0.430000
v 0.254815 0.900982 0.427502
v 0.240031 0.863463 0.420104
v 0.216022 0.828886 0.408091
v 0.183712 0.798579 0.391924
v 0.144341 0.773706 0.372224
v 0.099424 0.755224 0.349749
v 0.050686 0.743843 0.325362
v 0.041385 1.136157 0.335867
v 0.081179 1.124776 0.370355
v 0.117854 1.106294 0.402140
v 0.150000 1.081421 0.430000
v 0.176381 1.051114 0.452864
v 0.195984 1.016537 0.469853
v 0.208056 0.979018 0.480315
v 0.212132 0.940000 0.483848
v 0.208056 0.900982 0.480315
v 0.195984 0.863463 0.469853
v 0.176381 0.828886 0.452864
v 0.150000 0.798579 0.430000
v 0.117854 0.773706 0.402140
v 0.081179 0.755224 0.370355
v 0.041385 0.743843 0.335867
v 0.029264 1.136157 0.343928
v 0.057402 1.124776 0.386167
v 0.083336 1.106294 0.425096
v 0.106066 1.081421 0.459217
v 0.124720 1.051114 0.487219
v 0.138582 1.016537 0.508027
v 0.147118 0.979018 0.520840
v 0.150000 0.940000 0.525167
v 0.147118 0.900982 0.520840
v 0.138582 0.863463 0.508027
v 0.124720 0.828886 0.487219
v 0.106066 0.798579 0.459217
v 0.083336 0.773706 0.425096
v 0.057402 0.755224 0.386167
v 0.029264 0.743843 0.343928
v 0.015148 1.136157 0.348995
v 0.029714 1.124776 0.396107
v 0.043138 1.106294 0.439526
v 0.054904 1.081421 0.477583
v 0.064560 1.051114 0.508816
v 0.071735 1.016537 0.532024
v 0.076154 0.979018 0.546315
v 0.077646 0.940000 0.551141
v 0.076154 0.900982 0.546315
v 0.071735 0.863463 0.532024
v 0.064560 0.828886 0.508816
v 0.054904 0.798579 0.477583
v 0.043138 0.773706 0.439526
v 0.029714 0.755224 0.396107
v 0.015148 0.743843 0.348995
v 0.000000 1.136157 0.350723
v -0.000000 1.124776 0.399498
v -0.000000 1.106294 0.444448
v 0.000000 1.081421 0.483848
v -0.000000 1.051114 0.516182
v -0.000000 1.016537 0.540209
v 0.000000 0.979018 0.555004
v -0.000000 0.940000 0.560000
v 0.000000 0.900982 0.555004
v -0.000000 0.863463 0.540209
v -0.000000 0.828886 0.516182
v 0.000000 0.798579 0.483848
v -0.000000 0.773706 0.444448
v -0.000000 0.755224 0.399498
v 0.000000 0.743843 0.350723
v -0.015148 1.136157 0.348995
v -0.029714 1.124776 0.396107
v -0.043138 1.106294 0.439526
v -0.054904 1.081421 0.477583
v -0.064560 1.051114 0.508816
v -0.071735 1.016537 0.532024
v -0.076154 0.979018 0.546315
v -0.077646 0.940000 0.551141
v -0.076154 0.900982 0.546315
v -0.071735 0.863463 0.532024
v -0.064560 0.828886 0.508816
v -0.054904 0.798579 0.477583
v -0.043138 0.773706 0.439526
v -0.029714 0.755224 0.396107
v -0.015148 0.743843 0.348995
v 0.000000 1.140000 0.300000
v -0.029264 1.136157 0.343928
v -0.057403 1.124776 0.386167
v -0.083336 1.106294 0.425096
v -0.106066 1.081421 0.459217
v -0.124720 1.051114 0.487219
v -0.138582 1.016537 0.508027
v -0.147118 0.979018 0.520840
v -0.150000 0.940000 0.525167
v -0.147118 0.900982 0.520840
v -0.138582 0.863463 0.508027
v -0.124720 0.828886 0.487219
v -0.106066 0.798579 0.459217
v -0.083336 0.773706 0.425096
v -0.057403 0.755224 0.386167
v -0.029264 0.743843 0.343928
v 0.000000 0.740000 0.300000
v -0.041385 1.136157 0.335867
v -0.081179 1.124776 0.370355
v -0.117854 1.106294 0.402140
v -0.150000 1.081421 0.430000
v -0.176381 1.051114 0.452864
v -0.195984 1.016537 0.469853
v -0.208056 0.979018 0.480315
v -0.212132 0.940000 0.483848
v -0.208056 0.900982 0.480315
v -0.195984 0.863463 0.469853
v -0.176381 0.828886 0.452864
v -0.150000 0.798579 0.430000
v -0.117854 0.773706 0.402140
v -0.081179 0.755224 0.370355
v -0.041385 0.743843 0.335867
v -0.050686 1.136157 0.325362
v -0.099424 1.124776 0.349749
v -0.144341 1.106294 0.372224
v -0.183712 1.081421 0.391924
v -0.216022 1.051114 0.408091
v -0.240031 1.016537 0.420104
v -0.254815 0.979018 0.427502
v -0.259807 0.940000 0.430000
v -0.254815 0.900982 0.427502
v -0.240031 0.863463 0.420104
v -0.216022 0.828886 0.408091
v -0.183712 0.798579 0.391924
v -0.144341 0.773706 0.372224
v -0.099424 0.755224 0.349749
v -0.050686 0.743843 0.325362
v -0.056533 1.136157 0.313128
v -0.110893 1.124776 0.325752
v -0.160992 1.106294 0.337386
v -0.204904 1.081421 0.347583
v -0.240941 1.051114 0.355952
v -0.267720 1.016537 0.362171
v -0.284210 0.979018 0.366000
v -0.289778 0.940000 0.367293
v -0.284210 0.900982 0.366000
v -0.267720 0.863463 0.362171
v -0.240941 0.828886 0.355952
v -0.204904 0.798579 0.347583
v -0.160992 0.773706 0.337386
v -0.110893 0.755224 0.325752
v -0.056533 0.743843 0.313128
v -0.058527 1.136157 0.300000
v -0.114805 1.124776 0.300000
v -0.166671 1.106294 0.300000
v -0.212132 1.081421 0.300000
v -0.249441 1.051114 0.300000
v -0.277164 1.016537 0.300000
v -0.294235 0.979018 0.300000
v -0.300000 0.940000 0.300000
v -0.294235 0.900982 0.300000
v -0.277164 0.863463 0.300000
v -0.249441 0.828886 0.300000
v -0.212132 0.798579 0.300000
v -0.166671 0.773706 0.300000
v -0.114805 0.755224 0.300000
v -0.058527 0.743843 0.300000
v -0.056533 1.136157 0.286872
v -0.110893 1.124776 0.274248
v -0.160992 1.106294 0.262614
v -0.204904 1.081421 0.252417
v -0.240941 1.051114 0.244048
v -0.267720 1.016537 0.237829
v -0.284210 0.979018 0.234000
v -0.289778 0.940000 0.232707
v -0.284210 0.900982 0.234000
v -0.267720 0.863463 0.237829
v -0.240941 0.828886 0.244048
v -0.204904 0.798579 0.252417
v -0.160992 0.773706 0.262614
v -0.110893 0.755224 0.274248
v -0.056533 0.743843 0.286872
v -0.050686 1.136157 0.274638
v -0.099424 1.124776 0.250251
v -0.144341 1.106294 0.227776
v -0.183712 1.081421 0.208076
v -0.216022 1.051114 0.191909
v -0.240031 1.016537 0.179896
v -0.254815 0.979018 0.172498
v -0.259807 0.940000 0.170000
v -0.254815 0.900982 0.172498
v -0.240031 0.863463 0.179896
v -0.216022 0.828886 0.191909
v -0.183712 0.798579 0.208076
v -0.144341 0.773706 0.227776
v -0.099424 0.755224 0.250251
v -0.050686 0.743843 0.274638
v -0.041385 1.136157 0.264133
v -0.081179 1.124776 0.229645
v -0.117854 1.106294 0.197860
v -0.150000 1.081421 0.170000
v -0.176381 1.051114 0.147136
v -0.195984 1.016537 0.130147
v -0.208056 0.979018 0.119685
v -0.212132 0.940000 0.116152
v -0.208056 0.900982 0.119685
v -0.195984 0.863463 0.130147
v -0.176381 0.828886 0.147136
v -0.150000 0.798579 0.170000
v -0.117854 0.773706 0.197860
v -0.081179 0.755224 0.229645
v -0.041385 0.743843 0.264133
v -0.029264 1.136157 0.256072
v -0.057402 1.124776 0.213832
v -0.083335 1.106294 0.174904
v -0.106066 1.081421 0.140783
v -0.124720 1.051114 0.112781
v -0.138582 1.016537 0.091973
v -0.147118 0.979018 0.079160
v -0.150000 0.940000 0.074834
v -0.147118 0.900982 0.079160
v -0.138582 0.863463 0.091973
v -0.124720 0.828886 0.112781
v -0.106066 0.798579 0.140783
v -0.083335 0.773706 0.174904
v -0.057402 0.755224 0.213832
v -0.029264 0.743843 0.256072
v -0.015148 1.136157 0.251005
v -0.029714 1.124776 0.203893
v -0.043138 1.106294 0.160474
v -0.054904 1.081421 0.122417
v -0.064560 1.051114 0.091184
v -0.071735 1.016537 0.067976
v -0.076154 0.979018 0.053685
v -0.077646 0.940000 0.048859
v -0.076154 0.900982 0.053685
v -0.071735 0.863463 0.067976
v -0.064560 0.828886 0.091184
v -0.054904 0.798579 0.122417
v -0.043138 0.773706 0.160474
v -0.029714 0.755224 0.203893
v -0.015148 0.743843 0.251005
v 0.000000 1.136157 0.249277
v 0.000000 1.124776 0.200502
v 0.000000 1.106294 0.155552
v 0.000000 1.081421 0.116152
v -0.000000 0.979018 0.044996
v 0.000000 0.940000 0.040000
v -0.000000 0.900982 0.044996
v 0.000000 0.863463 0.059791
v 0.000000 0.798579 0.116152
v 0.000000 0.773706 0.155552
v 0.000000 0.755224 0.200502
v 0.000000 0.743843 0.249277
v -0.100000 1.004799 0.505858
v -0.094642 1.010869 0.513372
v -0.090100 1.004799 0.507753
v -0.087066 0.995715 0.503998
v -0.086000 0.985000 0.502679
v -0.087066 0.974285 0.503998
v -0.090100 0.965201 0.507753
v -0.094642 0.959131 0.513372
v -0.090720 1.010869 0.516173
v -0.082854 1.004799 0.512929
v -0.077597 0.995715 0.510761
v -0.075751 0.985000 0.510000
v -0.077597 0.974285 0.510761
v -0.082854 0.965201 0.512929
v -0.090720 0.959131 0.516173
v -0.089285 1.010869 0.520000
v -0.080201 1.004799 0.520000
v -0.074131 0.995715 0.520000
v -0.072000 0.985000 0.520000
v -0.074131 0.974285 0.520000
v -0.080201 0.965201 0.520000
v -0.089285 0.959131 0.520000
v -0.090720 1.010869 0.523827
v -0.082854 1.004799 0.527071
v -0.077597 0.995715 0.529239
v -0.075751 0.985000 0.530000
v -0.077597 0.974285 0.529239
v -0.082854 0.965201 0.527071
v -0.090720 0.959131 0.523827
v -0.094642 1.010869 0.526628
v -0.090100 1.004799 0.532247
v -0.087066 0.995715 0.536002
v -0.086000 0.985000 0.537320
v -0.087066 0.974285 0.536002
v -0.090100 0.965201 0.532247
v -0.094642 0.959131 0.526628
v -0.100000 1.010869 0.527654
v -0.100000 1.004799 0.534142
v -0.100000 0.995715 0.538478
v -0.100000 0.985000 0.540000
v -0.100000 0.974285 0.538478
v -0.100000 0.965201 0.534142
v -0.100000 0.959131 0.527654
v -0.105358 1.010869 0.526628
v -0.109899 1.004799 0.532247
v -0.112934 0.995715 0.536002
v -0.114000 0.985000 0.537320
v -0.112934 0.974285 0.536002
v -0.109899 0.965201 0.532247
v -0.105358 0.959131 0.526628
v -0.100000 1.013000 0.520000
v -0.109280 1.010869 0.523827
v -0.117146 1.004799 0.527071
v -0.122403 0.995715 0.529239
v -0.124249 0.985000 0.530000
v -0.122403 0.974285 0.529239
v -0.117146 0.965201 0.527071
v -0.109280 0.959131 0.523827
v -0.100000 0.957000 0.520000
v -0.110715 1.010869 0.520000
v -0.119799 1.004799 0.520000
v -0.125869 0.995715 0.520000
v -0.128000 0.985000 0.520000
v -0.125869 0.974285 0.520000
v -0.119799 0.965201 0.520000
v -0.110715 0.959131 0.520000
v -0.109280 1.010869 0.516173
v -0.117146 1.004799 0.512929
v -0.122403 0.995715 0.510761
v -0.124249 0.985000 0.510000
v -0.122403 0.974285 0.510761
v -0.117146 0.965201 0.512929
v -0.109280 0.959131 0.516173
v -0.105358 1.010869 0.513372
v -0.109899 1.004799 0.507753
v -0.112934 0.995715 0.503998
v -0.114000 0.985000 0.502679
v -0.112934 0.974285 0.503998
v -0.109899 0.965201 0.507753
v -0.105358 0.959131 0.513372
v -0.100000 1.010869 0.512346
v -0.100000 0.995715 0.501522
v -0.100000 0.985000 0.500000
v -0.100000 0.974285 0.501522
v -0.100000 0.965201 0.505858
v -0.100000 0.959131 0.512346
v 0.100000 1.004799 0.505858
v 0.105358 1.010869 0.513372
v 0.109899 1.004799 0.507753
v 0.112934 0.995715 0.503998
v 0.114000 0.985000 0.502679
v 0.112934 0.974285 0.503998
v 0.109899 0.965201 0.507753
v 0.105358 0.959131 0.513372
v 0.109280 1.010869 0.516173
v 0.117146 1.004799 0.512929
v 0.122403 0.995715 0.510761
v 0.124249 0.985000 0.510000
v 0.122403 0.974285 0.510761
v 0.117146 0.965201 0.512929
v 0.109280 0.959131 0.516173
v 0.110715 1.010869 0.520000
v 0.119799 1.004799 0.520000
v 0.125869 0.995715 0.520000
v 0.128000 0.985000 0.520000
v 0.125869 0.974285 0.520000
v 0.119799 0.965201 0.520000
v 0.110715 0.959131 0.520000
v 0.109280 1.010869 0.523827
v 0.117146 1.004799 0.527071
v 0.122403 0.995715 0.529239
v 0.124249 0.985000 0.530000
v 0.122403 0.974285 0.529239
v 0.117146 0.965201 0.527071
v 0.109280 0.959131 0.523827
v 0.105358 1.010869 0.526628
v 0.109899 1.004799 0.532247
v 0.112934 0.995715 0.536002
v 0.114000 0.985000 0.537320
v 0.112934 0.974285 0.536002
v 0.109899 0.965201 0.532247
v 0.105358 0.959131 0.526628
v 0.100000 1.010869 0.527654
v 0.100000 1.004799 0.534142
v 0.100000 0.995715 0.538478
v 0.100000 0.985000 0.540000
v 0.100000 0.974285 0.538478
v 0.100000 0.965201 0.534142
v 0.100000 0.959131 0.527654
v 0.094642 1.010869 0.526628
v 0.090100 1.004799 0.532247
v 0.087066 0.995715 0.536002
v 0.086000 0.985000 0.537320
v 0.087066 0.974285 0.536002
v 0.090100 0.965201 0.532247
v 0.094642 0.959131 0.526628
v 0.100000 1.013000 0.520000
v 0.090720 1.010869 0.523827
v 0.082854 1.004799 0.527071
v 0.077597 0.995715 0.529239
v 0.075751 0.985000 0.530000
v 0.077597 0.974285 0.529239
v 0.082854 0.965201 0.527071
v 0.090720 0.959131 0.523827
v 0.100000 0.957000 0.520000
v 0.089285 1.010869 0.520000
v 0.080201 1.004799 0.520000
v 0.074131 0.995715 0.520000
v 0.072000 0.985000 0.520000
v 0.074131 0.974285 0.520000
v 0.080201 0.965201 0.520000
v 0.089285 0.959131 0.520000
v 0.090720 1.010869 0.516173
v 0.082854 1.004799 0.512929
v 0.077597 0.995715 0.510761
v 0.075751 0.985000 0.510000
v 0.077597 0.974285 0.510761
v 0.082854 0.965201 0.512929
v 0.090720 0.959131 0.516173
v 0.094642 1.010869 0.513372
v 0.090100 1.004799 0.507753
v 0.087066 0.995715 0.503998
v 0.086000 0.985000 0.502679
v 0.087066 0.974285 0.503998
v 0.090100 0.965201 0.507753
v 0.094642 0.959131 0.513372
v 0.100000 1.010869 0.512346
v 0.100000 0.995715 0.501522
v 0.100000 0.985000 0.500000
v 0.100000 0.974285 0.501522
v 0.100000 0.965201 0.505858
v 0.100000 0.959131 0.512346
v -0.115000 1.380558 0.172640
v -0.115000 1.355489 0.165709
v -0.115000 1.219442 0.172640
v -0.110203 1.442214 0.220867
v -0.105591 1.433963 0.207277
v -0.101340 1.420563 0.194752
v -0.097614 1.402530 0.183774
v -0.094556 1.380558 0.174765
v -0.092284 1.355489 0.168070
v -0.090885 1.328288 0.163948
v -0.090412 1.300000 0.162556
v -0.090885 1.271712 0.163948
v -0.092284 1.244511 0.168070
v -0.094556 1.219442 0.174765
v -0.097614 1.197469 0.183774
v -0.101340 1.179437 0.194752
v -0.105591 1.166037 0.207277
v -0.110203 1.157786 0.220867
v -0.105733 1.442214 0.222329
v -0.096823 1.433963 0.210144
v -0.088610 1.420563 0.198915
v -0.081412 1.402530 0.189072
v -0.075505 1.380558 0.180994
v -0.071116 1.355489 0.174992
v -0.068413 1.328288 0.171296
v -0.067500 1.300000 0.170048
v -0.068413 1.271712 0.171296
v -0.071116 1.244511 0.174992
v -0.075505 1.219442 0.180994
v -0.081412 1.197469 0.189072
v -0.088610 1.179437 0.198915
v -0.096823 1.166037 0.210144
v -0.105733 1.157786 0.222329
v -0.101895 1.442214 0.224654
v -0.089293 1.433963 0.214705
v -0.077679 1.420563 0.205536
v -0.067500 1.402530 0.197500
v -0.059146 1.380558 0.190905
v -0.052938 1.355489 0.186004
v -0.049116 1.328288 0.182986
v -0.047825 1.300000 0.181967
v -0.049116 1.271712 0.182986
v -0.052938 1.244511 0.186004
v -0.059146 1.219442 0.190905
v -0.067500 1.197469 0.197500
v -0.077679 1.179437 0.205536
v -0.089293 1.166037 0.214705
v -0.101895 1.157786 0.224654
v -0.098949 1.442214 0.227684
v -0.083516 1.433963 0.220649
v -0.069292 1.420563 0.214166
v -0.056825 1.402530 0.208484
v -0.046593 1.380558 0.203820
v -0.038990 1.355489 0.200355
v -0.034308 1.328288 0.198221
v -0.032728 1.300000 0.197500
v -0.034308 1.271712 0.198221
v -0.038990 1.244511 0.200355
v -0.046593 1.219442 0.203820
v -0.056825 1.197469 0.208484
v -0.069292 1.179437 0.214166
v -0.083516 1.166037 0.220649
v -0.098949 1.157786 0.227684
v -0.097098 1.442214 0.231213
v -0.079884 1.433963 0.227572
v -0.064019 1.420563 0.224216
v -0.050114 1.402530 0.221274
v -0.038702 1.380558 0.218860
v -0.030222 1.355489 0.217066
v -0.025000 1.328288 0.215962
v -0.023237 1.300000 0.215589
v -0.025000 1.271712 0.215962
v -0.030222 1.244511 0.217066
v -0.038702 1.219442 0.218860
v -0.050114 1.197469 0.221274
v -0.064019 1.179437 0.224216
v -0.079884 1.166037 0.227572
v -0.097098 1.157786 0.231213
v -0.096466 1.442214 0.235000
v -0.078645 1.433963 0.235000
v -0.062221 1.420563 0.235000
v -0.047825 1.402530 0.235000
v -0.036010 1.380558 0.235000
v -0.027231 1.355489 0.235000
v -0.021825 1.328288 0.235000
v -0.020000 1.300000 0.235000
v -0.021825 1.271712 0.235000
v -0.027231 1.244511 0.235000
v -0.036010 1.219442 0.235000
v -0.047825 1.197469 0.235000
v -0.062221 1.179437 0.235000
v -0.078645 1.166037 0.235000
v -0.096466 1.157786 0.235000
v -0.097098 1.442214 0.238787
v -0.079884 1.433963 0.242428
v -0.064019 1.420563 0.245784
v -0.050114 1.402530 0.248726
v -0.038702 1.380558 0.251140
v -0.030222 1.355489 0.252934
v -0.025000 1.328288 0.254038
v -0.023237 1.300000 0.254411
v -0.025000 1.271712 0.254038
v -0.030222 1.244511 0.252934
v -0.038702 1.219442 0.251140
v -0.050114 1.197469 0.248726
v -0.064019 1.179437 0.245784
v -0.079884 1.166037 0.242428
v -0.097098 1.157786 0.238787
v -0.098949 1.442214 0.242316
v -0.083516 1.433963 0.249351
v -0.069292 1.420563 0.255834
v -0.056825 1.402530 0.261517
v -0.046593 1.380558 0.266180
v -0.038990 1.355489 0.269645
v -0.034308 1.328288 0.271779
v -0.032728 1.300000 0.272500
v -0.034308 1.271712 0.271779
v -0.038990 1.244511 0.269645
v -0.046593 1.219442 0.266180
v -0.056825 1.197469 0.261517
v -0.069292 1.179437 0.255834
v -0.083516 1.166037 0.249351
v -0.098949 1.157786 0.242316
v -0.101895 1.442214 0.245346
v -0.089293 1.433963 0.255295
v -0.077679 1.420563 0.264464
v -0.067500 1.402530 0.272500
v -0.059146 1.380558 0.279095
v -0.052938 1.355489 0.283996
v -0.049116 1.328288 0.287014
v -0.047825 1.300000 0.288033
v -0.049116 1.271712 0.287014
v -0.052938 1.244511 0.283996
v -0.059146 1.219442 0.279095
v -0.067500 1.197469 0.272500
v -0.077679 1.179437 0.264464
v -0.089293 1.166037 0.255295
v -0.101895 1.157786 0.245346
v -0.105733 1.442214 0.247671
v -0.096823 1.433963 0.259856
v -0.088610 1.420563 0.271085
v -0.081412 1.402530 0.280928
v -0.075505 1.380558 0.289006
v -0.071116 1.355489 0.295008
v -0.068413 1.328288 0.298704
v -0.067500 1.300000 0.299952
v -0.068413 1.271712 0.298704
v -0.071116 1.244511 0.295008
v -0.075505 1.219442 0.289006
v -0.081412 1.197469 0.280928
v -0.088610 1.179437 0.271085
v -0.096823 1.166037 0.259856
v -0.105733 1.157786 0.247671
v -0.110203 1.442214 0.249133
v -0.105591 1.433963 0.262723
v -0.101340 1.420563 0.275248
v -0.097614 1.402530 0.286226
v -0.094556 1.380558 0.295235
v -0.092284 1.355489 0.301930
v -0.090885 1.328288 0.306052
v -0.090412 1.300000 0.307444
v -0.090885 1.271712 0.306052
v -0.092284 1.244511 0.301930
v -0.094556 1.219442 0.295235
v -0.097614 1.197469 0.286226
v -0.101340 1.179437 0.275248
v -0.105591 1.166037 0.262723
v -0.110203 1.157786 0.249133
v -0.115000 1.442214 0.249632
v -0.115000 1.433963 0.263701
v -0.115000 1.420563 0.276668
v -0.115000 1.402530 0.288033
v -0.115000 1.380558 0.297360
v -0.115000 1.355489 0.304291
v -0.115000 1.328288 0.308559
v -0.115000 1.300000 0.310000
v -0.115000 1.271712 0.308559
v -0.115000 1.244511 0.304291
v -0.115000 1.219442 0.297360
v -0.115000 1.197469 0.288033
v -0.115000 1.179437 0.276668
v -0.115000 1.166037 0.263701
v -0.115000 1.157786 0.249632
v -0.119797 1.442214 0.249133
v -0.124409 1.433963 0.262723
v -0.128660 1.420563 0.275248
v -0.132386 1.402530 0.286226
v -0.135444 1.380558 0.295235
v -0.137716 1.355489 0.301930
v -0.139115 1.328288 0.306052
v -0.139588 1.300000 0.307444
v -0.139115 1.271712 0.306052
v -0.137716 1.244511 0.301930
v -0.135444 1.219442 0.295235
v -0.132386 1.197469 0.286226
v -0.128660 1.179437 0.275248
v -0.124409 1.166037 0.262723
v -0.119797 1.157786 0.249133
v -0.115000 1.445000 0.235000
v -0.124267 1.442214 0.247671
v -0.133177 1.433963 0.259856
v -0.141390 1.420563 0.271085
v -0.148588 1.402530 0.280928
v -0.154495 1.380558 0.289006
v -0.158884 1.355489 0.295008
v -0.161587 1.328288 0.298704
v -0.162500 1.300000 0.299952
v -0.161587 1.271712 0.298704
v -0.158884 1.244511 0.295008
v -0.154495 1.219442 0.289006
v -0.148588 1.197469 0.280928
v -0.141390 1.179437 0.271085
v -0.133177 1.166037 0.259856
v -0.124267 1.157786 0.247671
v -0.115000 1.155000 0.235000
v -0.128105 1.442214 0.245346
v -0.140707 1.433963 0.255295
v -0.152320 1.420563 0.264464
v -0.162500 1.402530 0.272500
v -0.170854 1.380558 0.279095
v -0.177062 1.355489 0.283996
v -0.180884 1.328288 0.287014
v -0.182175 1.300000 0.288033
v -0.180884 1.271712 0.287014
v -0.177062 1.244511 0.283996
v -0.170854 1.219442 0.279095
v -0.162500 1.197469 0.272500
v -0.152320 1.179437 0.264464
v -0.140707 1.166037 0.255295
v -0.128105 1.157786 0.245346
v -0.131051 1.442214 0.242316
v -0.146484 1.433963 0.249351
v -0.160708 1.420563 0.255834
v -0.173175 1.402530 0.261517
v -0.183407 1.380558 0.266180
v -0.191010 1.355489 0.269645
v -0.195692 1.328288 0.271779
v -0.197272 1.300000 0.272500
v -0.195692 1.271712 0.271779
v -0.191010 1.244511 0.269645
v -0.183407 1.219442 0.266180
v -0.173175 1.197469 0.261517
v -0.160708 1.179437 0.255834
v -0.146484 1.166037 0.249351
v -0.131051 1.157786 0.242316
v -0.132902 1.442214 0.238787
v -0.150116 1.433963 0.242428
v -0.165981 1.420563 0.245784
v -0.179886 1.402530 0.248726
v -0.191298 1.380558 0.251140
v -0.199778 1.355489 0.252934
v -0.205000 1.328288 0.254038
v -0.206763 1.300000 0.254411
v -0.205000 1.271712 0.254038
v -0.199778 1.244511 0.252934
v -0.191298 1.219442 0.251140
v -0.179886 1.197469 0.248726
v -0.165981 1.179437 0.245784
v -0.150116 1.166037 0.242428
v -0.132902 1.157786 0.238787
v -0.133534 1.442214 0.235000
v -0.151355 1.433963 0.235000
v -0.167779 1.420563 0.235000
v -0.182175 1.402530 0.235000
v -0.193990 1.380558 0.235000
v -0.202769 1.355489 0.235000
v -0.208175 1.328288 0.235000
v -0.210000 1.300000 0.235000
v -0.208175 1.271712 0.235000
v -0.202769 1.244511 0.235000
v -0.193990 1.219442 0.235000
v -0.182175 1.197469 0.235000
v -0.167779 1.179437 0.235000
v -0.151355 1.166037 0.235000
v -0.133534 1.157786 0.235000
v -0.132902 1.442214 0.231213
v -0.150116 1.433963 0.227572
v -0.165981 1.420563 0.224216
v -0.179886 1.402530 0.221274
v -0.191298 1.380558 0.218860
v -0.199778 1.355489 0.217066
v -0.205000 1.328288 0.215962
v -0.206763 1.300000 0.215589
v -0.205000 1.271712 0.215962
v -0.199778 1.244511 0.217066
v -0.191298 1.219442 0.218860
v -0.179886 1.197469 0.221274
v -0.165981 1.179437 0.224216
v -0.150116 1.166037 0.227572
v -0.132902 1.157786 0.231213
v -0.131051 1.442214 0.227684
v -0.146484 1.433963 0.220649
v -0.160708 1.420563 0.214166
v -0.173175 1.402530 0.208484
v -0.183407 1.380558 0.203820
v -0.191010 1.355489 0.200355
v -0.195692 1.328288 0.198221
v -0.197272 1.300000 0.197500
v -0.195692 1.271712 0.198221
v -0.191010 1.244511 0.200355
v -0.183407 1.219442 0.203820
v -0.173175 1.197469 0.208484
v -0.160708 1.179437 0.214166
v -0.146484 1.166037 0.220649
v -0.131051 1.157786 0.227684
v -0.128105 1.442214 0.224654
v -0.140707 1.433963 0.214705
v -0.152320 1.420563 0.205536
v -0.162500 1.402530 0.197500
v -0.170854 1.380558 0.190905
v -0.177062 1.355489 0.186004
v -0.180884 1.328288 0.182986
v -0.182175 1.300000 0.181967
v -0.180884 1.271712 0.182986
v -0.177062 1.244511 0.186004
v -0.170854 1.219442 0.190905
v -0.162500 1.197469 0.197500
v -0.152320 1.179437 0.205536
v -0.140707 1.166037 0.214705
v -0.128105 1.157786 0.224654
v -0.124267 1.442214 0.222329
v -0.133177 1.433963 0.210144
v -0.141390 1.420563 0.198915
v -0.148588 1.402530 0.189072
v -0.154495 1.380558 0.180994
v -0.158884 1.355489 0.174992
v -0.161587 1.328288 0.171296
v -0.162500 1.300000 0.170048
v -0.161587 1.271712 0.171296
v -0.158884 1.244511 0.174992
v -0.154495 1.219442 0.180994
v -0.148588 1.197469 0.189072
v -0.141390 1.179437 0.198915
v -0.133177 1.166037 0.210144
v -0.124267 1.157786 0.222329
v -0.119797 1.442214 0.220867
v -0.124409 1.433963 0.207277
v -0.128660 1.420563 0.194752
v -0.132386 1.402530 0.183774
v -0.135444 1.380558 0.174765
v -0.137716 1.355489 0.168070
v -0.139115 1.328288 0.163948
v -0.139588 1.300000 0.162556
v -0.139115 1.271712 0.163948
v -0.137716 1.244511 0.168070
v -0.135444 1.219442 0.174765
v -0.132386 1.197469 0.183774
v -0.128660 1.179437 0.194752
v -0.124409 1.166037 0.207277
v -0.119797 1.157786 0.220867
v -0.115000 1.442214 0.220368
v -0.115000 1.433963 0.206299
v -0.115000 1.420563 0.193332
v -0.115000 1.402530 0.181967
v -0.115000 1.328288 0.161441
v -0.115000 1.300000 0.160000
v -0.115000 1.271712 0.161441
v -0.115000 1.244511 0.165709
v -0.115000 1.197469 0.181967
v -0.115000 1.179437 0.193332
v -0.115000 1.166037 0.206299
v -0.115000 1.157786 0.220368
v -0.115000 1.321443 0.275348
v -0.115000 1.285000 0.270000
v -0.115000 1.265841 0.271370
v -0.115000 1.248557 0.275348
v -0.115000 1.226034 0.289347
v -0.110033 1.343966 0.290006
v -0.105553 1.335159 0.282795
v -0.101997 1.321443 0.277072
v -0.099714 1.304159 0.273397
v -0.098927 1.285000 0.272131
v -0.099714 1.265841 0.273397
v -0.101997 1.248557 0.277072
v -0.105553 1.234841 0.282795
v -0.110033 1.226034 0.290006
v -0.105823 1.343966 0.291882
v -0.097544 1.335159 0.286362
v -0.090973 1.321443 0.281982
v -0.086755 1.304159 0.279170
v -0.085302 1.285000 0.278201
v -0.086755 1.265841 0.279170
v -0.090973 1.248557 0.281982
v -0.097544 1.234841 0.286362
v -0.105823 1.226034 0.291882
v -0.103009 1.343966 0.294689
v -0.092192 1.335159 0.291702
v -0.083608 1.321443 0.289331
v -0.078096 1.304159 0.287809
v -0.076197 1.285000 0.287285
v -0.078096 1.265841 0.287809
v -0.083608 1.248557 0.289331
v -0.092192 1.234841 0.291702
v -0.103009 1.226034 0.294689
v -0.102021 1.343966 0.298000
v -0.090313 1.335159 0.298000
v -0.081021 1.321443 0.298000
v -0.075056 1.304159 0.298000
v -0.073000 1.285000 0.298000
v -0.075056 1.265841 0.298000
v -0.081021 1.248557 0.298000
v -0.090313 1.234841 0.298000
v -0.102021 1.226034 0.298000
v -0.103009 1.343966 0.301311
v -0.092192 1.335159 0.304298
v -0.083608 1.321443 0.306669
v -0.078096 1.304159 0.308191
v -0.076197 1.285000 0.308715
v -0.078096 1.265841 0.308191
v -0.083608 1.248557 0.306669
v -0.092192 1.234841 0.304298
v -0.103009 1.226034 0.301311
v -0.105823 1.343966 0.304118
v -0.097544 1.335159 0.309638
v -0.090973 1.321443 0.314018
v -0.086755 1.304159 0.316830
v -0.085302 1.285000 0.317799
v -0.086755 1.265841 0.316830
v -0.090973 1.248557 0.314018
v -0.097544 1.234841 0.309638
v -0.105823 1.226034 0.304118
v -0.110033 1.343966 0.305994
v -0.105553 1.335159 0.313205
v -0.101997 1.321443 0.318928
v -0.099714 1.304159 0.322603
v -0.098927 1.285000 0.323869
v -0.099714 1.265841 0.322603
v -0.101997 1.248557 0.318928
v -0.105553 1.234841 0.313205
v -0.110033 1.226034 0.305994
v -0.115000 1.343966 0.306652
v -0.115000 1.335159 0.314458
v -0.115000 1.321443 0.320652
v -0.115000 1.304159 0.324630
v -0.115000 1.285000 0.326000
v -0.115000 1.265841 0.324630
v -0.115000 1.248557 0.320652
v -0.115000 1.234841 0.314458
v -0.115000 1.226034 0.306652
v -0.115000 1.223000 0.298000
v -0.119967 1.343966 0.305994
v -0.124447 1.335159 0.313205
v -0.128003 1.321443 0.318928
v -0.130286 1.304159 0.322603
v -0.131073 1.285000 0.323869
v -0.130286 1.265841 0.322603
v -0.128003 1.248557 0.318928
v -0.124447 1.234841 0.313205
v -0.119967 1.226034 0.305994
v -0.115000 1.347000 0.298000
v -0.124177 1.343966 0.304118
v -0.132456 1.335159 0.309638
v -0.139027 1.321443 0.314018
v -0.143245 1.304159 0.316830
v -0.144698 1.285000 0.317799
v -0.143245 1.265841 0.316830
v -0.139027 1.248557 0.314018
v -0.132456 1.234841 0.309638
v -0.124177 1.226034 0.304118
v -0.126991 1.343966 0.301311
v -0.137808 1.335159 0.304298
v -0.146392 1.321443 0.306669
v -0.151904 1.304159 0.308191
v -0.153803 1.285000 0.308715
v -0.151904 1.265841 0.308191
v -0.146392 1.248557 0.306669
v -0.137808 1.234841 0.304298
v -0.126991 1.226034 0.301311
v -0.127979 1.343966 0.298000
v -0.139687 1.335159 0.298000
v -0.148979 1.321443 0.298000
v -0.154944 1.304159 0.298000
v -0.157000 1.285000 0.298000
v -0.154944 1.265841 0.298000
v -0.148979 1.248557 0.298000
v -0.139687 1.234841 0.298000
v -0.127979 1.226034 0.298000
v -0.126991 1.343966 0.294689
v -0.137808 1.335159 0.291702
v -0.146392 1.321443 0.289331
v -0.151904 1.304159 0.287809
v -0.153803 1.285000 0.287285
v -0.151904 1.265841 0.287809
v -0.146392 1.248557 0.289331
v -0.137808 1.234841 0.291702
v -0.126991 1.226034 0.294689
v -0.124177 1.343966 0.291882
v -0.132456 1.335159 0.286362
v -0.139027 1.321443 0.281982
v -0.143245 1.304159 0.279170
v -0.144698 1.285000 0.278201
v -0.143245 1.265841 0.279170
v -0.139027 1.248557 0.281982
v -0.132456 1.234841 0.286362
v -0.124177 1.226034 0.291882
v -0.119967 1.343966 0.290006
v -0.124447 1.335159 0.282795
v -0.128003 1.321443 0.277072
v -0.130286 1.304159 0.273397
v -0.131073 1.285000 0.272131
v -0.130286 1.265841 0.273397
v -0.128003 1.248557 0.277072
v -0.124447 1.234841 0.282795
v -0.119967 1.226034 0.290006
v -0.115000 1.343966 0.289347
v -0.115000 1.335159 0.281542
v -0.115000 1.304159 0.271370
v -0.115000 1.234841 0.281542
v 0.115000 1.380558 0.172640
v 0.115000 1.355489 0.165709
v 0.115000 1.219442 0.172640
v 0.119797 1.442214 0.220867
v 0.124409 1.433963 0.207277
v 0.128660 1.420563 0.194752
v 0.132386 1.402530 0.183774
v 0.135444 1.380558 0.174765
v 0.137716 1.355489 0.168070
v 0.139115 1.328288 0.163948
v 0.139588 1.300000 0.162556
v 0.139115 1.271712 0.163948
v 0.137716 1.244511 0.168070
v 0.135444 1.219442 0.174765
v 0.132386 1.197469 0.183774
v 0.128660 1.179437 0.194752
v 0.124409 1.166037 0.207277
v 0.119797 1.157786 0.220867
v 0.124267 1.442214 0.222329
v 0.133177 1.433963 0.210144
v 0.141390 1.420563 0.198915
v 0.148588 1.402530 0.189072
v 0.154495 1.380558 0.180994
v 0.158884 1.355489 0.174992
v 0.161587 1.328288 0.171296
v 0.162500 1.300000 0.170048
v 0.161587 1.271712 0.171296
v 0.158884 1.244511 0.174992
v 0.154495 1.219442 0.180994
v 0.148588 1.197469 0.189072
v 0.141390 1.179437 0.198915
v 0.133177 1.166037 0.210144
v 0.124267 1.157786 0.222329
v 0.128105 1.442214 0.224654
v 0.140707 1.433963 0.214705
v 0.152320 1.420563 0.205536
v 0.162500 1.402530 0.197500
v 0.170854 1.380558 0.190905
v 0.177062 1.355489 0.186004
v 0.180884 1.328288 0.182986
v 0.182175 1.300000 0.181967
v 0.180884 1.271712 0.182986
v 0.177062 1.244511 0.186004
v 0.170854 1.219442 0.190905
v 0.162500 1.197469 0.197500
v 0.152320 1.179437 0.205536
v 0.140707 1.166037 0.214705
v 0.128105 1.157786 0.224654
v 0.131051 1.442214 0.227684
v 0.146484 1.433963 0.220649
v 0.160708 1.420563 0.214166
v 0.173175 1.402530 0.208484
v 0.183407 1.380558 0.203820
v 0.191010 1.355489 0.200355
v 0.195692 1.328288 0.198221
v 0.197272 1.300000 0.197500
v 0.195692 1.271712 0.198221
v 0.191010 1.244511 0.200355
v 0.183407 1.219442 0.203820
v 0.173175 1.197469 0.208484
v 0.160708 1.179437 0.214166
v 0.146484 1.166037 0.220649
v 0.131051 1.157786 0.227684
v 0.132902 1.442214 0.231213
v 0.150116 1.433963 0.227572
v 0.165981 1.420563 0.224216
v 0.179886 1.402530 0.221274
v 0.191298 1.380558 0.218860
v 0.199778 1.355489 0.217066
v 0.205000 1.328288 0.215962
v 0.206763 1.300000 0.215589
v 0.205000 1.271712 0.215962
v 0.199778 1.244511 0.217066
v 0.191298 1.219442 0.218860
v 0.179886 1.197469 0.221274
v 0.165981 1.179437 0.224216
v 0.150116 1.166037 0.227572
v 0.132902 1.157786 0.231213
v 0.133534 1.442214 0.235000
v 0.151355 1.433963 0.235000
v 0.167779 1.420563 0.235000
v 0.182175 1.402530 0.235000
v 0.193990 1.380558 0.235000
v 0.202769 1.355489 0.235000
v 0.208175 1.328288 0.235000
v 0.210000 1.300000 0.235000
v 0.208175 1.271712 0.235000
v 0.202769 1.244511 0.235000
v 0.193990 1.219442 0.235000
v 0.182175 1.197469 0.235000
v 0.167779 1.179437 0.235000
v 0.151355 1.166037 0.235000
v 0.133534 1.157786 0.235000
v 0.132902 1.442214 0.238787
v 0.150116 1.433963 0.242428
v 0.165981 1.420563 0.245784
v 0.179886 1.402530 0.248726
v 0.191298 1.380558 0.251140
v 0.199778 1.355489 0.252934
v 0.205000 1.328288 0.254038
v 0.206763 1.300000 0.254411
v 0.205000 1.271712 0.254038
v 0.199778 1.244511 0.252934
v 0.191298 1.219442 0.251140
v 0.179886 1.197469 0.248726
v 0.165981 1.179437 0.245784
v 0.150116 1.166037 0.242428
v 0.132902 1.157786 0.238787
v 0.131051 1.442214 0.242316
v 0.146484 1.433963 0.249351
v 0.160708 1.420563 0.255834
v 0.173175 1.402530 0.261517
v 0.183407 1.380558 0.266180
v 0.191010 1.355489 0.269645
v 0.195692 1.328288 0.271779
v 0.197272 1.300000 0.272500
v 0.195692 1.271712 0.271779
v 0.191010 1.244511 0.269645
v 0.183407 1.219442 0.266180
v 0.173175 1.197469 0.261517
v 0.160708 1.179437 0.255834
v 0.146484 1.166037 0.249351
v 0.131051 1.157786 0.242316
v 0.128105 1.442214 0.245346
v 0.140707 1.433963 0.255295
v 0.152320 1.420563 0.264464
v 0.162500 1.402530 0.272500
v 0.170854 1.380558 0.279095
v 0.177062 1.355489 0.283996
v 0.180884 1.328288 0.287014
v 0.182175 1.300000 0.288033
v 0.180884 1.271712 0.287014
v 0.177062 1.244511 0.283996
v 0.170854 1.219442 0.279095
v 0.162500 1.197469 0.272500
v 0.152320 1.179437 0.264464
v 0.140707 1.166037 0.255295
v 0.128105 1.157786 0.245346
v 0.124267 1.442214 0.247671
v 0.133177 1.433963 0.259856
v 0.141390 1.420563 0.271085
v 0.148588 1.402530 0.280928
v 0.154495 1.380558 0.289006
v 0.158884 1.355489 0.295008
v 0.161587 1.328288 0.298704
v 0.162500 1.300000 0.299952
v 0.161587 1.271712 0.298704
v 0.158884 1.244511 0.295008
v 0.154495 1.219442 0.289006
v 0.148588 1.197469 0.280928
v 0.141390 1.179437 0.271085
v 0.133177 1.166037 0.259856
v 0.124267 1.157786 0.247671
v 0.119797 1.442214 0.249133
v 0.124409 1.433963 0.262723
v 0.128660 1.420563 0.275248
v 0.132386 1.402530 0.286226
v 0.135444 1.380558 0.295235
v 0.137716 1.355489 0.301930
v 0.139115 1.328288 0.306052
v 0.139588 1.300000 0.307444
v 0.139115 1.271712 0.306052
v 0.137716 1.244511 0.301930
v 0.135444 1.219442 0.295235
v 0.132386 1.197469 0.286226
v 0.128660 1.179437 0.275248
v 0.124409 1.166037 0.262723
v 0.119797 1.157786 0.249133
v 0.115000 1.442214 0.249632
v 0.115000 1.433963 0.263701
v 0.115000 1.420563 0.276668
v 0.115000 1.402530 0.288033
v 0.115000 1.380558 0.297360
v 0.115000 1.355489 0.304291
v 0.115000 1.328288 0.308559
v 0.115000 1.300000 0.310000
v 0.115000 1.271712 0.308559
v 0.115000 1.244511 0.304291
v 0.115000 1.219442 0.297360
v 0.115000 1.197469 0.288033
v 0.115000 1.179437 0.276668
v 0.115000 1.166037 0.263701
v 0.115000 1.157786 0.249632
v 0.110203 1.442214 0.249133
v 0.105591 1.433963 0.262723
v 0.101340 1.420563 0.275248
v 0.097614 1.402530 0.286226
v 0.094556 1.380558 0.295235
v 0.092284 1.355489 0.301930
v 0.090885 1.328288 0.306052
v 0.090412 1.300000 0.307444
v 0.090885 1.271712 0.306052
v 0.092284 1.244511 0.301930
v 0.094556 1.219442 0.295235
v 0.097614 1.197469 0.286226
v 0.101340 1.179437 0.275248
v 0.105591 1.166037 0.262723
v 0.110203 1.157786 0.249133
v 0.115000 1.445000 0.235000
v 0.105733 1.442214 0.247671
v 0.096823 1.433963 0.259856
v 0.088610 1.420563 0.271085
v 0.081412 1.402530 0.280928
v 0.075505 1.380558 0.289006
v 0.071116 1.355489 0.295008
v 0.068413 1.328288 0.298704
v 0.067500 1.300000 0.299952
v 0.068413 1.271712 0.298704
v 0.071116 1.244511 0.295008
v 0.075505 1.219442 0.289006
v 0.081412 1.197469 0.280928
v 0.088610 1.179437 0.271085
v 0.096823 1.166037 0.259856
v 0.105733 1.157786 0.247671
v 0.115000 1.155000 0.235000
v 0.101895 1.442214 0.245346
v 0.089293 1.433963 0.255295
v 0.077679 1.420563 0.264464
v 0.067500 1.402530 0.272500
v 0.059146 1.380558 0.279095
v 0.052938 1.355489 0.283996
v 0.049116 1.328288 0.287014
v 0.047825 1.300000 0.288033
v 0.049116 1.271712 0.287014
v 0.052938 1.244511 0.283996
v 0.059146 1.219442 0.279095
v 0.067500 1.197469 0.272500
v 0.077679 1.179437 0.264464
v 0.089293 1.166037 0.255295
v 0.101895 1.157786 0.245346
v 0.098949 1.442214 0.242316
v 0.083516 1.433963 0.249351
v 0.069292 1.420563 0.255834
v 0.056825 1.402530 0.261517
v 0.046593 1.380558 0.266180
v 0.038990 1.355489 0.269645
v 0.034308 1.328288 0.271779
v 0.032728 1.300000 0.272500
v 0.034308 1.271712 0.271779
v 0.038990 1.244511 0.269645
v 0.046593 1.219442 0.266180
v 0.056825 1.197469 0.261517
v 0.069292 1.179437 0.255834
v 0.083516 1.166037 0.249351
v 0.098949 1.157786 0.242316
v 0.097098 1.442214 0.238787
v 0.079884 1.433963 0.242428
v 0.064019 1.420563 0.245784
v 0.050114 1.402530 0.248726
v 0.038702 1.380558 0.251140
v 0.030222 1.355489 0.252934
v 0.025000 1.328288 0.254038
v 0.023237 1.300000 0.254411
v 0.025000 1.271712 0.254038
v 0.030222 1.244511 0.252934
v 0.038702 1.219442 0.251140
v 0.050114 1.197469 0.248726
v 0.064019 1.179437 0.245784
v 0.079884 1.166037 0.242428
v 0.097098 1.157786 0.238787
v 0.096466 1.442214 0.235000
v 0.078645 1.433963 0.235000
v 0.062221 1.420563 0.235000
v 0.047825 1.402530 0.235000
v 0.036010 1.380558 0.235000
v 0.027231 1.355489 0.235000
v 0.021825 1.328288 0.235000
v 0.020000 1.300000 0.235000
v 0.021825 1.271712 0.235000
v 0.027231 1.244511 0.235000
v 0.036010 1.219442 0.235000
v 0.047825 1.197469 0.235000
v 0.062221 1.179437 0.235000
v 0.078645 1.166037 0.235000
v 0.096466 1.157786 0.235000
v 0.097098 1.442214 0.231213
v 0.079884 1.433963 0.227572
v 0.064019 1.420563 0.224216
v 0.050114 1.402530 0.221274
v 0.038702 1.380558 0.218860
v 0.030222 1.355489 0.217066
v 0.025000 1.328288 0.215962
v 0.023237 1.300000 0.215589
v 0.025000 1.271712 0.215962
v 0.030222 1.244511 0.217066
v 0.038702 1.219442 0.218860
v 0.050114 1.197469 0.221274
v 0.064019 1.179437 0.224216
v 0.079884 1.166037 0.227572
v 0.097098 1.157786 0.231213
v 0.098949 1.442214 0.227684
v 0.083516 1.433963 0.220649
v 0.069292 1.420563 0.214166
v 0.056825 1.402530 0.208484
v 0.046593 1.380558 0.203820
v 0.038990 1.355489 0.200355
v 0.034308 1.328288 0.198221
v 0.032728 1.300000 0.197500
v 0.034308 1.271712 0.198221
v 0.038990 1.244511 0.200355
v 0.046593 1.219442 0.203820
v 0.056825 1.197469 0.208484
v 0.069292 1.179437 0.214166
v 0.083516 1.166037 0.220649
v 0.098949 1.157786 0.227684
v 0.101895 1.442214 0.224654
v 0.089293 1.433963 0.214705
v 0.077679 1.420563 0.205536
v 0.067500 1.402530 0.197500
v 0.059146 1.380558 0.190905
v 0.052938 1.355489 0.186004
v 0.049116 1.328288 0.182986
v 0.047825 1.300000 0.181967
v 0.049116 1.271712 0.182986
v 0.052938 1.244511 0.186004
v 0.059146 1.219442 0.190905
v 0.067500 1.197469 0.197500
v 0.077679 1.179437 0.205536
v 0.089293 1.166037 0.214705
v 0.101895 1.157786 0.224654
v 0.105733 1.442214 0.222329
v 0.096823 1.433963 0.210144
v 0.088610 1.420563 0.198915
v 0.081412 1.402530 0.189072
v 0.075505 1.380558 0.180994
v 0.071116 1.355489 0.174992
v 0.068413 1.328288 0.171296
v 0.067500 1.300000 0.170048
v 0.068413 1.271712 0.171296
v 0.071116 1.244511 0.174992
v 0.075505 1.219442 0.180994
v 0.081412 1.197469 0.189072
v 0.088610 1.179437 0.198915
v 0.096823 1.166037 0.210144
v 0.105733 1.157786 0.222329
v 0.110203 1.442214 0.220867
v 0.105591 1.433963 0.207277
v 0.101340 1.420563 0.194752
v 0.097614 1.402530 0.183774
v 0.094556 1.380558 0.174765
v 0.092284 1.355489 0.168070
v 0.090885 1.328288 0.163948
v 0.090412 1.300000 0.162556
v 0.090885 1.271712 0.163948
v 0.092284 1.244511 0.168070
v 0.094556 1.219442 0.174765
v 0.097614 1.197469 0.183774
v 0.101340 1.179437 0.194752
v 0.105591 1.166037 0.207277
v 0.110203 1.157786 0.220867
v 0.115000 1.442214 0.220368
v 0.115000 1.433963 0.206299
v 0.115000 1.420563 0.193332
v 0.115000 1.402530 0.181967
v 0.115000 1.328288 0.161441
v 0.115000 1.300000 0.160000
v 0.115000 1.271712 0.161441
v 0.115000 1.244511 0.165709
v 0.115000 1.197469 0.181967
v 0.115000 1.179437 0.193332
v 0.115000 1.166037 0.206299
v 0.115000 1.157786 0.220368
v 0.115000 1.321443 0.275348
v 0.115000 1.285000 0.270000
v 0.115000 1.265841 0.271370
v 0.115000 1.248557 0.275348
v 0.115000 1.226034 0.289347
v 0.119967 1.343966 0.290006
v 0.124447 1.335159 0.282795
v 0.128003 1.321443 0.277072
v 0.130286 1.304159 0.273397
v 0.131073 1.285000 0.272131
v 0.130286 1.265841 0.273397
v 0.128003 1.248557 0.277072
v 0.124447 1.234841 0.282795
v 0.119967 1.226034 0.290006
v 0.124177 1.343966 0.291882
v 0.132456 1.335159 0.286362
v 0.139027 1.321443 0.281982
v 0.143245 1.304159 0.279170
v 0.144698 1.285000 0.278201
v 0.143245 1.265841 0.279170
v 0.139027 1.248557 0.281982
v 0.132456 1.234841 0.286362
v 0.124177 1.226034 0.291882
v 0.126991 1.343966 0.294689
v 0.137808 1.335159 0.291702
v 0.146392 1.321443 0.289331
v 0.151904 1.304159 0.287809
v 0.153803 1.285000 0.287285
v 0.151904 1.265841 0.287809
v 0.146392 1.248557 0.289331
v 0.137808 1.234841 0.291702
v 0.126991 1.226034 0.294689
v 0.127979 1.343966 0.298000
v 0.139687 1.335159 0.298000
v 0.148979 1.321443 0.298000
v 0.154944 1.304159 0.298000
v 0.157000 1.285000 0.298000
v 0.154944 1.265841 0.298000
v 0.148979 1.248557 0.298000
v 0.139687 1.234841 0.298000
v 0.127979 1.226034 0.298000
v 0.126991 1.343966 0.301311
v 0.137808 1.335159 0.304298
v 0.146392 1.321443 0.306669
v 0.151904 1.304159 0.308191
v 0.153803 1.285000 0.308715
v 0.151904 1.265841 0.308191
v 0.146392 1.248557 0.306669
v 0.137808 1.234841 0.304298
v 0.126991 1.226034 0.301311
v 0.124177 1.343966 0.304118
v 0.132456 1.335159 0.309638
v 0.139027 1.321443 0.314018
v 0.143245 1.304159 0.316830
v 0.144698 1.285000 0.317799
v 0.143245 1.265841 0.316830
v 0.139027 1.248557 0.314018
v 0.132456 1.234841 0.309638
v 0.124177 1.226034 0.304118
v 0.119967 1.343966 0.305994
v 0.124447 1.335159 0.313205
v 0.128003 1.321443 0.318928
v 0.130286 1.304159 0.322603
v 0.131073 1.285000 0.323869
v 0.130286 1.265841 0.322603
v 0.128003 1.248557 0.318928
v 0.124447 1.234841 0.313205
v 0.119967 1.226034 0.305994
v 0.115000 1.343966 0.306652
v 0.115000 1.335159 0.314458
v 0.115000 1.321443 0.320652
v 0.115000 1.304159 0.324630
v 0.115000 1.285000 0.326000
v 0.115000 1.265841 0.324630
v 0.115000 1.248557 0.320652
v 0.115000 1.234841 0.314458
v 0.115000 1.226034 0.306652
v 0.115000 1.223000 0.298000
v 0.110033 1.343966 0.305994
v 0.105553 1.335159 0.313205
v 0.101997 1.321443 0.318928
v 0.099714 1.304159 0.322603
v 0.098927 1.285000 0.323869
v 0.099714 1.265841 0.322603
v 0.101997 1.248557 0.318928
v 0.105553 1.234841 0.313205
v 0.110033 1.226034 0.305994
v 0.115000 1.347000 0.298000
v 0.105823 1.343966 0.304118
v 0.097544 1.335159 0.309638
v 0.090973 1.321443 0.314018
v 0.086755 1.304159 0.316830
v 0.085301 1.285000 0.317799
v 0.086755 1.265841 0.316830
v 0.090973 1.248557 0.314018
v 0.097544 1.234841 0.309638
v 0.105823 1.226034 0.304118
v 0.103009 1.343966 0.301311
v 0.092192 1.335159 0.304298
v 0.083608 1.321443 0.306669
v 0.078096 1.304159 0.308191
v 0.076197 1.285000 0.308715
v 0.078096 1.265841 0.308191
v 0.083608 1.248557 0.306669
v 0.092192 1.234841 0.304298
v 0.103009 1.226034 0.301311
v 0.102021 1.343966 0.298000
v 0.090313 1.335159 0.298000
v 0.081021 1.321443 0.298000
v 0.075056 1.304159 0.298000
v 0.073000 1.285000 0.298000
v 0.075056 1.265841 0.298000
v 0.081021 1.248557 0.298000
v 0.090313 1.234841 0.298000
v 0.102021 1.226034 0.298000
v 0.103009 1.343966 0.294689
v 0.092192 1.335159 0.291702
v 0.083608 1.321443 0.289331
v 0.078096 1.304159 0.287809
v 0.076197 1.285000 0.287285
v 0.078096 1.265841 0.287809
v 0.083608 1.248557 0.289331
v 0.092192 1.234841 0.291702
v 0.103009 1.226034 0.294689
v 0.105823 1.343966 0.291882
v 0.097544 1.335159 0.286362
v 0.090973 1.321443 0.281982
v 0.086755 1.304159 0.279170
v 0.085302 1.285000 0.278201
v 0.086755 1.265841 0.279170
v 0.090973 1.248557 0.281982
v 0.097544 1.234841 0.286362
v 0.105823 1.226034 0.291882
v 0.110033 1.343966 0.290006
v 0.105553 1.335159 0.282795
v 0.101997 1.321443 0.277072
v 0.099714 1.304159 0.273397
v 0.098927 1.285000 0.272131
v 0.099714 1.265841 0.273397
v 0.101997 1.248557 0.277072
v 0.105553 1.234841 0.282795
v 0.110033 1.226034 0.290006
v 0.115000 1.343966 0.289347
v 0.115000 1.335159 0.281542
v 0.115000 1.304159 0.271370
v 0.115000 1.234841 0.281542
v -0.300000 1.018284 0.171716
v -0.289476 1.026955 0.186743
v -0.280555 1.018284 0.175505
v -0.274593 1.005307 0.167996
v -0.272500 0.990000 0.165359
v -0.274593 0.974693 0.167996
v -0.280555 0.961716 0.175505
v -0.289476 0.953045 0.186743
v -0.281772 1.026955 0.192346
v -0.266319 1.018284 0.185858
v -0.255994 1.005307 0.181522
v -0.252369 0.990000 0.180000
v -0.255994 0.974693 0.181522
v -0.266319 0.961716 0.185858
v -0.281772 0.953045 0.192346
v -0.278952 1.026955 0.200000
v -0.261109 1.018284 0.200000
v -0.249187 1.005307 0.200000
v -0.245000 0.990000 0.200000
v -0.249187 0.974693 0.200000
v -0.261109 0.961716 0.200000
v -0.278952 0.953045 0.200000
v -0.281772 1.026955 0.207654
v -0.266319 1.018284 0.214142
v -0.255994 1.005307 0.218478
v -0.252369 0.990000 0.220000
v -0.255994 0.974693 0.218478
v -0.266319 0.961716 0.214142
v -0.281772 0.953045 0.207654
v -0.289476 1.026955 0.213257
v -0.280555 1.018284 0.224495
v -0.274593 1.005307 0.232004
v -0.272500 0.990000 0.234641
v -0.274593 0.974693 0.232004
v -0.280555 0.961716 0.224495
v -0.289476 0.953045 0.213257
v -0.300000 1.026955 0.215307
v -0.300000 1.018284 0.228284
v -0.300000 1.005307 0.236955
v -0.300000 0.990000 0.240000
v -0.300000 0.974693 0.236955
v -0.300000 0.961716 0.228284
v -0.300000 0.953045 0.215307
v -0.310524 1.026955 0.213257
v -0.319445 1.018284 0.224495
v -0.325407 1.005307 0.232004
v -0.327500 0.990000 0.234641
v -0.325407 0.974693 0.232004
v -0.319445 0.961716 0.224495
v -0.310524 0.953045 0.213257
v -0.300000 1.030000 0.200000
v -0.318228 1.026955 0.207654
v -0.333680 1.018284 0.214142
v -0.344006 1.005307 0.218478
v -0.347631 0.990000 0.220000
v -0.344006 0.974693 0.218478
v -0.333680 0.961716 0.214142
v -0.318228 0.953045 0.207654
v -0.300000 0.950000 0.200000
v -0.321048 1.026955 0.200000
v -0.338891 1.018284 0.200000
v -0.350813 1.005307 0.200000
v -0.355000 0.990000 0.200000
v -0.350813 0.974693 0.200000
v -0.338891 0.961716 0.200000
v -0.321048 0.953045 0.200000
v -0.318228 1.026955 0.192346
v -0.333680 1.018284 0.185858
v -0.344006 1.005307 0.181522
v -0.347631 0.990000 0.180000
v -0.344006 0.974693 0.181522
v -0.333680 0.961716 0.185858
v -0.318228 0.953045 0.192346
v -0.310524 1.026955 0.186743
v -0.319445 1.018284 0.175505
v -0.325407 1.005307 0.167996
v -0.327500 0.990000 0.165359
v -0.325407 0.974693 0.167996
v -0.319445 0.961716 0.175505
v -0.310524 0.953045 0.186743
v -0.300000 1.026955 0.184693
v -0.300000 1.005307 0.163045
v -0.300000 0.990000 0.160000
v -0.300000 0.974693 0.163045
v -0.300000 0.961716 0.171716
v -0.300000 0.953045 0.184693
v 0.300000 1.018284 0.171716
v 0.310524 1.026955 0.186743
v 0.319445 1.018284 0.175505
v 0.325407 1.005307 0.167996
v 0.327500 0.990000 0.165359
v 0.325407 0.974693 0.167996
v 0.319445 0.961716 0.175505
v 0.310524 0.953045 0.186743
v 0.318228 1.026955 0.192346
v 0.333680 1.018284 0.185858
v 0.344006 1.005307 0.181522
v 0.347631 0.990000 0.180000
v 0.344006 0.974693 0.181522
v 0.333680 0.961716 0.185858
v 0.318228 0.953045 0.192346
v 0.321048 1.026955 0.200000
v 0.338891 1.018284 0.200000
v 0.350813 1.005307 0.200000
v 0.355000 0.990000 0.200000
v 0.350813 0.974693 0.200000
v 0.338891 0.961716 0.200000
v 0.321048 0.953045 0.200000
v 0.318228 1.026955 0.207654
v 0.333680 1.018284 0.214142
v 0.344006 1.005307 0.218478
v 0.347631 0.990000 0.220000
v 0.344006 0.974693 0.218478
v 0.333680 0.961716 0.214142
v 0.318228 0.953045 0.207654
v 0.310524 1.026955 0.213257
v 0.319445 1.018284 0.224495
v 0.325407 1.005307 0.232004
v 0.327500 0.990000 0.234641
v 0.325407 0.974693 0.232004
v 0.319445 0.961716 0.224495
v 0.310524 0.953045 0.213257
v 0.300000 1.026955 0.215307
v 0.300000 1.018284 0.228284
v 0.300000 1.005307 0.236955
v 0.300000 0.990000 0.240000
v 0.300000 0.974693 0.236955
v 0.300000 0.961716 0.228284
v 0.300000 0.953045 0.215307
v 0.289476 1.026955 0.213257
v 0.280555 1.018284 0.224495
v 0.274593 1.005307 0.232004
v 0.272500 0.990000 0.234641
v 0.274593 0.974693 0.232004
v 0.280555 0.961716 0.224495
v 0.289476 0.953045 0.213257
v 0.300000 1.030000 0.200000
v 0.281772 1.026955 0.207654
v 0.266319 1.018284 0.214142
v 0.255994 1.005307 0.218478
v 0.252369 0.990000 0.220000
v 0.255994 0.974693 0.218478
v 0.266319 0.961716 0.214142
v 0.281772 0.953045 0.207654
v 0.300000 0.950000 0.200000
v 0.278952 1.026955 0.200000
v 0.261109 1.018284 0.200000
v 0.249187 1.005307 0.200000
v 0.245000 0.990000 0.200000
v 0.249187 0.974693 0.200000
v 0.261109 0.961716 0.200000
v 0.278952 0.953045 0.200000
v 0.281772 1.026955 0.192346
v 0.266320 1.018284 0.185858
v 0.255994 1.005307 0.181522
v 0.252369 0.990000 0.180000
v 0.255994 0.974693 0.181522
v 0.266320 0.961716 0.185858
v 0.281772 0.953045 0.192346
v 0.289476 1.026955 0.186743
v 0.280555 1.018284 0.175505
v 0.274593 1.005307 0.167996
v 0.272500 0.990000 0.165359
v 0.274593 0.974693 0.167996
v 0.280555 0.961716 0.175505
v 0.289476 0.953045 0.186743
v 0.300000 1.026955 0.184693
v 0.300000 1.005307 0.163045
v 0.300000 0.990000 0.160000
v 0.300000 0.974693 0.163045
v 0.300000 0.961716 0.171716
v 0.300000 0.953045 0.184693
v -0.329062 0.589443 -0.052812
v -0.300000 0.500000 -0.070000
v -0.284721 0.452977 -0.065595
v -0.270938 0.410557 -0.052812
v -0.252977 0.355279 -0.007812
v -0.336901 0.648010 -0.005695
v -0.320747 0.629363 -0.028874
v -0.302562 0.598053 -0.047269
v -0.284126 0.557145 -0.059080
v -0.267244 0.510643 -0.063149
v -0.253569 0.463099 -0.059080
v -0.244438 0.419168 -0.047269
v -0.240747 0.383148 -0.028874
v -0.242855 0.358568 -0.005695
v -0.328320 0.650798 0.000334
v -0.304424 0.634667 -0.017406
v -0.280096 0.605353 -0.031486
v -0.257716 0.565726 -0.040525
v -0.239475 0.519666 -0.043640
v -0.227159 0.471680 -0.040525
v -0.221973 0.426467 -0.031486
v -0.224424 0.388452 -0.017406
v -0.234274 0.361356 0.000334
v -0.322586 0.652661 0.009357
v -0.293518 0.638210 -0.000244
v -0.265085 0.610230 -0.007864
v -0.240069 0.571460 -0.012756
v -0.220920 0.525695 -0.014441
v -0.209512 0.477414 -0.012756
v -0.206962 0.431345 -0.007864
v -0.213518 0.391996 -0.000244
v -0.228540 0.363219 0.009357
v -0.320572 0.653316 0.020000
v -0.289688 0.639455 0.020000
v -0.259814 0.611943 0.020000
v -0.233873 0.573473 0.020000
v -0.214405 0.527812 0.020000
v -0.203316 0.479428 0.020000
v -0.201690 0.433057 0.020000
v -0.209688 0.393240 0.020000
v -0.226527 0.363873 0.020000
v -0.322586 0.652661 0.030643
v -0.293518 0.638210 0.040244
v -0.265085 0.610230 0.047864
v -0.240070 0.571460 0.052756
v -0.220920 0.525694 0.054442
v -0.209512 0.477414 0.052756
v -0.206962 0.431345 0.047864
v -0.213518 0.391996 0.040244
v -0.228540 0.363219 0.030643
v -0.328320 0.650798 0.039666
v -0.304424 0.634667 0.057406
v -0.280096 0.605353 0.071486
v -0.257716 0.565726 0.080525
v -0.239475 0.519666 0.083640
v -0.227159 0.471680 0.080525
v -0.221973 0.426467 0.071486
v -0.224424 0.388452 0.057406
v -0.234274 0.361356 0.039666
v -0.336901 0.648010 0.045695
v -0.320747 0.629363 0.068874
v -0.302562 0.598053 0.087269
v -0.284126 0.557145 0.099080
v -0.267244 0.510643 0.103149
v -0.253569 0.463099 0.099080
v -0.244438 0.419168 0.087269
v -0.240747 0.383148 0.068874
v -0.242855 0.358568 0.045695
v -0.347023 0.644721 0.047812
v -0.340000 0.623107 0.072901
v -0.329062 0.589443 0.092812
v -0.315279 0.547023 0.105595
v -0.300000 0.500000 0.110000
v -0.284721 0.452977 0.105595
v -0.270938 0.410557 0.092812
v -0.260000 0.376893 0.072901
v -0.252977 0.355279 0.047812
v -0.250557 0.347831 0.020000
v -0.357145 0.641432 0.045695
v -0.359253 0.616852 0.068874
v -0.355562 0.580832 0.087269
v -0.346431 0.536901 0.099080
v -0.332756 0.489357 0.103149
v -0.315874 0.442855 0.099080
v -0.297438 0.401947 0.087269
v -0.279253 0.370637 0.068874
v -0.263099 0.351990 0.045695
v -0.349443 0.652169 0.020000
v -0.365726 0.638644 0.039666
v -0.375576 0.611548 0.057406
v -0.378027 0.573533 0.071485
v -0.372841 0.528320 0.080525
v -0.360525 0.480334 0.083640
v -0.342284 0.434274 0.080525
v -0.319904 0.394647 0.071485
v -0.295576 0.365333 0.057406
v -0.271680 0.349202 0.039666
v -0.371460 0.636781 0.030643
v -0.386482 0.608005 0.040244
v -0.393038 0.568655 0.047864
v -0.390488 0.522586 0.052756
v -0.379080 0.474305 0.054441
v -0.359930 0.428540 0.052756
v -0.334915 0.389770 0.047864
v -0.306482 0.361790 0.040244
v -0.277414 0.347339 0.030643
v -0.373473 0.636127 0.020000
v -0.390312 0.606760 0.020000
v -0.398310 0.566943 0.020000
v -0.396684 0.520572 0.020000
v -0.385595 0.472189 0.020000
v -0.366127 0.426527 0.020000
v -0.340186 0.388057 0.020000
v -0.310311 0.360545 0.020000
v -0.279427 0.346684 0.020000
v -0.371460 0.636781 0.009357
v -0.386482 0.608005 -0.000244
v -0.393038 0.568655 -0.007864
v -0.390488 0.522586 -0.012756
v -0.379080 0.474306 -0.014442
v -0.359930 0.428540 -0.012756
v -0.334915 0.389770 -0.007864
v -0.306482 0.361790 -0.000244
v -0.277414 0.347339 0.009357
v -0.365726 0.638644 0.000334
v -0.375576 0.611548 -0.017406
v -0.378027 0.573533 -0.031486
v -0.372841 0.528320 -0.040525
v -0.360525 0.480334 -0.043640
v -0.342284 0.434274 -0.040525
v -0.319904 0.394647 -0.031486
v -0.295576 0.365333 -0.017406
v -0.271680 0.349202 0.000334
v -0.357145 0.641432 -0.005695
v -0.359253 0.616852 -0.028874
v -0.355562 0.580832 -0.047269
v -0.346431 0.536901 -0.059080
v -0.332756 0.489357 -0.063149
v -0.315874 0.442855 -0.059080
v -0.297438 0.401947 -0.047269
v -0.279253 0.370637 -0.028874
v -0.263099 0.351990 -0.005695
v -0.347023 0.644721 -0.007812
v -0.340000 0.623107 -0.032901
v -0.315279 0.547023 -0.065595
v -0.260000 0.376893 -0.032901
v 0.329062 0.589443 -0.052812
v 0.300000 0.500000 -0.070000
v 0.284721 0.452977 -0.065595
v 0.270938 0.410557 -0.052812
v 0.252977 0.355279 -0.007812
v 0.357145 0.641432 -0.005695
v 0.359253 0.616852 -0.028874
v 0.355562 0.580832 -0.047269
v 0.346431 0.536901 -0.059080
v 0.332756 0.489357 -0.063149
v 0.315874 0.442855 -0.059080
v 0.297438 0.401947 -0.047269
v 0.279253 0.370637 -0.028874
v 0.263099 0.351990 -0.005695
v 0.365726 0.638644 0.000334
v 0.375576 0.611548 -0.017406
v 0.378027 0.573533 -0.031486
v 0.372841 0.528320 -0.040525
v 0.360525 0.480334 -0.043640
v 0.342284 0.434274 -0.040525
v 0.319904 0.394647 -0.031486
v 0.295576 0.365333 -0.017406
v 0.271680 0.349202 0.000334
v 0.371460 0.636781 0.009357
v 0.386482 0.608005 -0.000244
v 0.393038 0.568655 -0.007864
v 0.390488 0.522586 -0.012756
v 0.379080 0.474306 -0.014441
v 0.359930 0.428540 -0.012756
v 0.334915 0.389770 -0.007864
v 0.306482 0.361790 -0.000244
v 0.277414 0.347339 0.009357
v 0.373473 0.636127 0.020000
v 0.390312 0.606760 0.020000
v 0.398310 0.566943 0.020000
v 0.396684 0.520572 0.020000
v 0.385595 0.472188 0.020000
v 0.366127 0.426527 0.020000
v 0.340186 0.388057 0.020000
v 0.310311 0.360545 0.020000
v 0.279427 0.346684 0.020000
v 0.371460 0.636781 0.030643
v 0.386482 0.608005 0.040244
v 0.393038 0.568655 0.047864
v 0.390488 0.522586 0.052756
v 0.379080 0.474306 0.054442
v 0.359930 0.428540 0.052756
v 0.334915 0.389770 0.047864
v 0.306482 0.361790 0.040244
v 0.277414 0.347339 0.030643
v 0.365726 0.638644 0.039666
v 0.375576 0.611548 0.057406
v 0.378027 0.573533 0.071486
v 0.372841 0.528320 0.080525
v 0.360525 0.480334 0.083640
v 0.342284 0.434274 0.080525
v 0.319904 0.394647 0.071486
v 0.295576 0.365333 0.057406
v 0.271680 0.349202 0.039666
v 0.357145 0.641432 0.045695
v 0.359253 0.616852 0.068874
v 0.355562 0.580832 0.087269
v 0.346431 0.536901 0.099080
v 0.332756 0.489357 0.103149
v 0.315874 0.442855 0.099080
v 0.297438 0.401947 0.087269
v 0.279253 0.370637 0.068874
v 0.263099 0.351990 0.045695
v 0.347023 0.644721 0.047812
v 0.340000 0.623107 0.072901
v 0.329062 0.589443 0.092812
v 0.315279 0.547023 0.105595
v 0.300000 0.500000 0.110000
v 0.284721 0.452977 0.105595
v 0.270938 0.410557 0.092812
v 0.260000 0.376893 0.072901
v 0.252977 0.355279 0.047812
v 0.250557 0.347831 0.020000
v 0.336901 0.648010 0.045695
v 0.320747 0.629363 0.068874
v 0.302562 0.598053 0.087269
v 0.284126 0.557145 0.099080
v 0.267244 0.510643 0.103149
v 0.253569 0.463099 0.099080
v 0.244438 0.419168 0.087269
v 0.240747 0.383148 0.068874
v 0.242855 0.358568 0.045695
v 0.349443 0.652169 0.020000
v 0.328320 0.650798 0.039666
v 0.304424 0.634667 0.057406
v 0.280096 0.605353 0.071485
v 0.257716 0.565726 0.080525
v 0.239475 0.519666 0.083640
v 0.227159 0.471680 0.080525
v 0.221973 0.426467 0.071485
v 0.224424 0.388452 0.057406
v 0.234274 0.361356 0.039666
v 0.322586 0.652661 0.030643
v 0.293518 0.638210 0.040244
v 0.265085 0.610230 0.047864
v 0.240069 0.571460 0.052756
v 0.220920 0.525695 0.054441
v 0.209512 0.477414 0.052756
v 0.206962 0.431345 0.047864
v 0.213518 0.391996 0.040244
v 0.228540 0.363219 0.030643
v 0.320572 0.653316 0.020000
v 0.289688 0.639455 0.020000
v 0.259814 0.611943 0.020000
v 0.233873 0.573473 0.020000
v 0.214405 0.527812 0.020000
v 0.203316 0.479428 0.020000
v 0.201690 0.433057 0.020000
v 0.209688 0.393240 0.020000
v 0.226527 0.363873 0.020000
v 0.322586 0.652661 0.009357
v 0.293518 0.638210 -0.000244
v 0.265085 0.610230 -0.007864
v 0.240070 0.571460 -0.012756
v 0.220920 0.525694 -0.014442
v 0.209512 0.477414 -0.012756
v 0.206962 0.431345 -0.007864
v 0.213518 0.391996 -0.000244
v 0.228540 0.363219 0.009357
v 0.328320 0.650798 0.000334
v 0.304424 0.634667 -0.017406
v 0.280096 0.605353 -0.031486
v 0.257716 0.565726 -0.040525
v 0.239475 0.519666 -0.043640
v 0.227159 0.471680 -0.040525
v 0.221973 0.426467 -0.031486
v 0.224424 0.388452 -0.017406
v 0.234274 0.361356 0.000334
v 0.336901 0.648010 -0.005695
v 0.320747 0.629363 -0.028874
v 0.302562 0.598053 -0.047269
v 0.284126 0.557145 -0.059080
v 0.267244 0.510643 -0.063149
v 0.253569 0.463099 -0.059080
v 0.244438 0.419168 -0.047269
v 0.240747 0.383148 -0.028874
v 0.242855 0.358568 -0.005695
v 0.347023 0.644721 -0.007812
v 0.340000 0.623107 -0.032901
v 0.315279 0.547023 -0.065595
v 0.260000 0.376893 -0.032901
v -0.150000 0.267290 -0.100902
v -0.150000 0.185000 -0.120000
v -0.150000 0.141738 -0.115106
v -0.150000 0.102710 -0.100902
v -0.150000 0.051852 -0.050902
v -0.138174 0.318148 -0.048549
v -0.127506 0.298262 -0.074304
v -0.119040 0.267290 -0.094743
v -0.113605 0.228262 -0.107866
v -0.111732 0.185000 -0.112388
v -0.113605 0.141738 -0.107866
v -0.119040 0.102710 -0.094743
v -0.127506 0.071738 -0.074304
v -0.138174 0.051852 -0.048549
v -0.128149 0.318148 -0.041851
v -0.108437 0.298262 -0.061563
v -0.092794 0.267290 -0.077206
v -0.082750 0.228262 -0.087250
v -0.079289 0.185000 -0.090711
v -0.082750 0.141738 -0.087250
v -0.092794 0.102710 -0.077206
v -0.108437 0.071738 -0.061563
v -0.128149 0.051852 -0.041851
v -0.121451 0.318148 -0.031826
v -0.095696 0.298262 -0.042494
v -0.075257 0.267290 -0.050960
v -0.062134 0.228262 -0.056395
v -0.057612 0.185000 -0.058268
v -0.062134 0.141738 -0.056395
v -0.075257 0.102710 -0.050960
v -0.095696 0.071738 -0.042494
v -0.121451 0.051852 -0.031826
v -0.119098 0.318148 -0.020000
v -0.091221 0.298262 -0.020000
v -0.069098 0.267290 -0.020000
v -0.054894 0.228262 -0.020000
v -0.050000 0.185000 -0.020000
v -0.054894 0.141738 -0.020000
v -0.069098 0.102710 -0.020000
v -0.091221 0.071738 -0.020000
v -0.119098 0.051852 -0.020000
v -0.121451 0.318148 -0.008174
v -0.095696 0.298262 0.002494
v -0.075257 0.267290 0.010960
v -0.062134 0.228262 0.016395
v -0.057612 0.185000 0.018268
v -0.062134 0.141738 0.016395
v -0.075257 0.102710 0.010960
v -0.095696 0.071738 0.002494
v -0.121451 0.051852 -0.008174
v -0.128149 0.318148 0.001851
v -0.108437 0.298262 0.021563
v -0.092794 0.267290 0.037206
v -0.082750 0.228262 0.047250
v -0.079289 0.185000 0.050711
v -0.082750 0.141738 0.047250
v -0.092794 0.102710 0.037206
v -0.108437 0.071738 0.021563
v -0.128149 0.051852 0.001851
v -0.138174 0.318148 0.008549
v -0.127506 0.298262 0.034304
v -0.119040 0.267290 0.054743
v -0.113605 0.228262 0.067866
v -0.111732 0.185000 0.072388
v -0.113605 0.141738 0.067866
v -0.119040 0.102710 0.054743
v -0.127506 0.071738 0.034304
v -0.138174 0.051852 0.008549
v -0.150000 0.318148 0.010902
v -0.150000 0.298262 0.038779
v -0.150000 0.267290 0.060902
v -0.150000 0.228262 0.075106
v -0.150000 0.185000 0.080000
v -0.150000 0.141738 0.075106
v -0.150000 0.102710 0.060902
v -0.150000 0.071738 0.038779
v -0.150000 0.051852 0.010902
v -0.150000 0.045000 -0.020000
v -0.161826 0.318148 0.008549
v -0.172494 0.298262 0.034304
v -0.180960 0.267290 0.054743
v -0.186395 0.228262 0.067866
v -0.188268 0.185000 0.072388
v -0.186395 0.141738 0.067866
v -0.180960 0.102710 0.054743
v -0.172494 0.071738 0.034304
v -0.161826 0.051852 0.008549
v -0.150000 0.325000 -0.020000
v -0.171851 0.318148 0.001851
v -0.191563 0.298262 0.021563
v -0.207206 0.267290 0.037206
v -0.217250 0.228262 0.047250
v -0.220711 0.185000 0.050711
v -0.217250 0.141738 0.047250
v -0.207206 0.102710 0.037206
v -0.191563 0.071738 0.021563
v -0.171851 0.051852 0.001851
v -0.178549 0.318148 -0.008174
v -0.204304 0.298262 0.002494
v -0.224743 0.267290 0.010960
v -0.237866 0.228262 0.016395
v -0.242388 0.185000 0.018268
v -0.237866 0.141738 0.016395
v -0.224743 0.102710 0.010960
v -0.204304 0.071738 0.002494
v -0.178549 0.051852 -0.008174
v -0.180902 0.318148 -0.020000
v -0.208778 0.298262 -0.020000
v -0.230902 0.267290 -0.020000
v -0.245106 0.228262 -0.020000
v -0.250000 0.185000 -0.020000
v -0.245106 0.141738 -0.020000
v -0.230902 0.102710 -0.020000
v -0.208778 0.071738 -0.020000
v -0.180902 0.051852 -0.020000
v -0.178549 0.318148 -0.031826
v -0.204304 0.298262 -0.042494
v -0.224743 0.267290 -0.050960
v -0.237866 0.228262 -0.056395
v -0.242388 0.185000 -0.058268
v -0.237866 0.141738 -0.056395
v -0.224743 0.102710 -0.050960
v -0.204304 0.071738 -0.042494
v -0.178549 0.051852 -0.031826
v -0.171851 0.318148 -0.041851
v -0.191563 0.298262 -0.061563
v -0.207206 0.267290 -0.077206
v -0.217250 0.228262 -0.087250
v -0.220711 0.185000 -0.090711
v -0.217250 0.141738 -0.087250
v -0.207206 0.102710 -0.077206
v -0.191563 0.071738 -0.061563
v -0.171851 0.051852 -0.041851
v -0.161826 0.318148 -0.048549
v -0.172494 0.298262 -0.074304
v -0.180960 0.267290 -0.094743
v -0.186395 0.228262 -0.107866
v -0.188268 0.185000 -0.112388
v -0.186395 0.141738 -0.107866
v -0.180960 0.102710 -0.094743
v -0.172494 0.071738 -0.074304
v -0.161826 0.051852 -0.048549
v -0.150000 0.318148 -0.050902
v -0.150000 0.298262 -0.078778
v -0.150000 0.228262 -0.115106
v -0.150000 0.071738 -0.078778
v -0.160000 0.119084 -0.059668
v -0.160000 0.075000 -0.095000
v -0.160000 0.051824 -0.085945
v -0.160000 0.030916 -0.059668
v -0.160000 0.003671 0.032832
v -0.146401 0.146329 0.037184
v -0.134132 0.135676 -0.010463
v -0.124396 0.119084 -0.048275
v -0.118145 0.098176 -0.072552
v -0.115991 0.075000 -0.080918
v -0.118145 0.051824 -0.072552
v -0.124396 0.030916 -0.048275
v -0.134132 0.014324 -0.010463
v -0.146401 0.003671 0.037184
v -0.134872 0.146329 0.049576
v -0.112203 0.135676 0.013109
v -0.094213 0.119084 -0.015831
v -0.082663 0.098176 -0.034412
v -0.078683 0.075000 -0.040815
v -0.082663 0.051824 -0.034412
v -0.094213 0.030916 -0.015831
v -0.112203 0.014324 0.013109
v -0.134872 0.003671 0.049576
v -0.127168 0.146329 0.068123
v -0.097550 0.135676 0.048387
v -0.074045 0.119084 0.032725
v -0.058954 0.098176 0.022669
v -0.053754 0.075000 0.019204
v -0.058954 0.051824 0.022669
v -0.074045 0.030916 0.032725
v -0.097550 0.014324 0.048387
v -0.127168 0.003671 0.068123
v -0.124463 0.146329 0.090000
v -0.092405 0.135676 0.090000
v -0.066963 0.119084 0.090000
v -0.050628 0.098176 0.090000
v -0.045000 0.075000 0.090000
v -0.050628 0.051824 0.090000
v -0.066963 0.030916 0.090000
v -0.092405 0.014324 0.090000
v -0.124463 0.003671 0.090000
v -0.127168 0.146329 0.111877
v -0.097550 0.135676 0.131613
v -0.074045 0.119084 0.147276
v -0.058954 0.098176 0.157331
v -0.053754 0.075000 0.160796
v -0.058954 0.051824 0.157331
v -0.074045 0.030916 0.147276
v -0.097550 0.014324 0.131613
v -0.127168 0.003671 0.111877
v -0.134872 0.146329 0.130424
v -0.112203 0.135676 0.166891
v -0.094213 0.119084 0.195831
v -0.082663 0.098176 0.214412
v -0.078683 0.075000 0.220815
v -0.082663 0.051824 0.214412
v -0.094213 0.030916 0.195831
v -0.112203 0.014324 0.166891
v -0.134872 0.003671 0.130424
v -0.146401 0.146329 0.142816
v -0.134132 0.135676 0.190463
v -0.124396 0.119084 0.228275
v -0.118145 0.098176 0.252552
v -0.115991 0.075000 0.260918
v -0.118145 0.051824 0.252552
v -0.124396 0.030916 0.228275
v -0.134132 0.014324 0.190463
v -0.146401 0.003671 0.142816
v -0.160000 0.146329 0.147168
v -0.160000 0.135676 0.198740
v -0.160000 0.119084 0.239668
v -0.160000 0.098176 0.265945
v -0.160000 0.075000 0.275000
v -0.160000 0.051824 0.265945
v -0.160000 0.030916 0.239668
v -0.160000 0.014324 0.198740
v -0.160000 0.003671 0.147168
v -0.160000 0.000000 0.090000
v -0.173599 0.146329 0.142816
v -0.185868 0.135676 0.190463
v -0.195604 0.119084 0.228275
v -0.201855 0.098176 0.252552
v -0.204009 0.075000 0.260918
v -0.201855 0.051824 0.252552
v -0.195604 0.030916 0.228275
v -0.185868 0.014324 0.190463
v -0.173599 0.003671 0.142816
v -0.160000 0.150000 0.090000
v -0.185128 0.146329 0.130424
v -0.207797 0.135676 0.166891
v -0.225787 0.119084 0.195831
v -0.237337 0.098176 0.214412
v -0.241317 0.075000 0.220815
v -0.237337 0.051824 0.214412
v -0.225787 0.030916 0.195831
v -0.207797 0.014324 0.166891
v -0.185128 0.003671 0.130424
v -0.192832 0.146329 0.111877
v -0.222450 0.135676 0.131613
v -0.245955 0.119084 0.147275
v -0.261046 0.098176 0.157331
v -0.266246 0.075000 0.160796
v -0.261046 0.051824 0.157331
v -0.245955 0.030916 0.147275
v -0.222450 0.014324 0.131613
v -0.192832 0.003671 0.111877
v -0.195537 0.146329 0.090000
v -0.227595 0.135676 0.090000
v -0.253037 0.119084 0.090000
v -0.269371 0.098176 0.090000
v -0.275000 0.075000 0.090000
v -0.269371 0.051824 0.090000
v -0.253037 0.030916 0.090000
v -0.227595 0.014324 0.090000
v -0.195537 0.003671 0.090000
v -0.192832 0.146329 0.068123
v -0.222450 0.135676 0.048387
v -0.245955 0.119084 0.032724
v -0.261046 0.098176 0.022669
v -0.266246 0.075000 0.019203
v -0.261046 0.051824 0.022669
v -0.245955 0.030916 0.032724
v -0.222450 0.014324 0.048387
v -0.192832 0.003671 0.068123
v -0.185128 0.146329 0.049576
v -0.207797 0.135676 0.013109
v -0.225787 0.119084 -0.015831
v -0.237337 0.098176 -0.034412
v -0.241317 0.075000 -0.040815
v -0.237337 0.051824 -0.034412
v -0.225787 0.030916 -0.015831
v -0.207797 0.014324 0.013109
v -0.185128 0.003671 0.049576
v -0.173599 0.146329 0.037184
v -0.185868 0.135676 -0.010463
v -0.195604 0.119084 -0.048275
v -0.201855 0.098176 -0.072552
v -0.204009 0.075000 -0.080918
v -0.201855 0.051824 -0.072552
v -0.195604 0.030916 -0.048275
v -0.185868 0.014324 -0.010463
v -0.173599 0.003671 0.037184
v -0.160000 0.146329 0.032832
v -0.160000 0.135676 -0.018740
v -0.160000 0.098176 -0.085945
v -0.160000 0.014324 -0.018740
v 0.150000 0.267290 -0.100902
v 0.150000 0.185000 -0.120000
v 0.150000 0.141738 -0.115106
v 0.150000 0.102710 -0.100902
v 0.150000 0.051852 -0.050902
v 0.161826 0.318148 -0.048549
v 0.172494 0.298262 -0.074304
v 0.180960 0.267290 -0.094743
v 0.186395 0.228262 -0.107866
v 0.188268 0.185000 -0.112388
v 0.186395 0.141738 -0.107866
v 0.180960 0.102710 -0.094743
v 0.172494 0.071738 -0.074304
v 0.161826 0.051852 -0.048549
v 0.171851 0.318148 -0.041851
v 0.191563 0.298262 -0.061563
v 0.207206 0.267290 -0.077206
v 0.217250 0.228262 -0.087250
v 0.220711 0.185000 -0.090711
v 0.217250 0.141738 -0.087250
v 0.207206 0.102710 -0.077206
v 0.191563 0.071738 -0.061563
v 0.171851 0.051852 -0.041851
v 0.178549 0.318148 -0.031826
v 0.204304 0.298262 -0.042494
v 0.224743 0.267290 -0.050960
v 0.237866 0.228262 -0.056395
v 0.242388 0.185000 -0.058268
v 0.237866 0.141738 -0.056395
v 0.224743 0.102710 -0.050960
v 0.204304 0.071738 -0.042494
v 0.178549 0.051852 -0.031826
v 0.180902 0.318148 -0.020000
v 0.208779 0.298262 -0.020000
v 0.230902 0.267290 -0.020000
v 0.245106 0.228262 -0.020000
v 0.250000 0.185000 -0.020000
v 0.245106 0.141738 -0.020000
v 0.230902 0.102710 -0.020000
v 0.208779 0.071738 -0.020000
v 0.180902 0.051852 -0.020000
v 0.178549 0.318148 -0.008174
v 0.204304 0.298262 0.002494
v 0.224743 0.267290 0.010960
v 0.237866 0.228262 0.016395
v 0.242388 0.185000 0.018268
v 0.237866 0.141738 0.016395
v 0.224743 0.102710 0.010960
v 0.204304 0.071738 0.002494
v 0.178549 0.051852 -0.008174
v 0.171851 0.318148 0.001851
v 0.191563 0.298262 0.021563
v 0.207206 0.267290 0.037206
v 0.217250 0.228262 0.047250
v 0.220711 0.185000 0.050711
v 0.217250 0.141738 0.047250
v 0.207206 0.102710 0.037206
v 0.191563 0.071738 0.021563
v 0.171851 0.051852 0.001851
v 0.161826 0.318148 0.008549
v 0.172494 0.298262 0.034304
v 0.180960 0.267290 0.054743
v 0.186395 0.228262 0.067866
v 0.188268 0.185000 0.072388
v 0.186395 0.141738 0.067866
v 0.180960 0.102710 0.054743
v 0.172494 0.071738 0.034304
v 0.161826 0.051852 0.008549
v 0.150000 0.318148 0.010902
v 0.150000 0.298262 0.038779
v 0.150000 0.267290 0.060902
v 0.150000 0.228262 0.075106
v 0.150000 0.185000 0.080000
v 0.150000 0.141738 0.075106
v 0.150000 0.102710 0.060902
v 0.150000 0.071738 0.038779
v 0.150000 0.051852 0.010902
v 0.150000 0.045000 -0.020000
v 0.138174 0.318148 0.008549
v 0.127506 0.298262 0.034304
v 0.119040 0.267290 0.054743
v 0.113605 0.228262 0.067866
v 0.111732 0.185000 0.072388
v 0.113605 0.141738 0.067866
v 0.119040 0.102710 0.054743
v 0.127506 0.071738 0.034304
v 0.138174 0.051852 0.008549
v 0.150000 0.325000 -0.020000
v 0.128149 0.318148 0.001851
v 0.108437 0.298262 0.021563
v 0.092794 0.267290 0.037206
v 0.082750 0.228262 0.047250
v 0.079289 0.185000 0.050711
v 0.082750 0.141738 0.047250
v 0.092794 0.102710 0.037206
v 0.108437 0.071738 0.021563
v 0.128149 0.051852 0.001851
v 0.121451 0.318148 -0.008174
v 0.095696 0.298262 0.002494
v 0.075257 0.267290 0.010960
v 0.062134 0.228262 0.016395
v 0.057612 0.185000 0.018268
v 0.062134 0.141738 0.016395
v 0.075257 0.102710 0.010960
v 0.095696 0.071738 0.002494
v 0.121451 0.051852 -0.008174
v 0.119098 0.318148 -0.020000
v 0.091221 0.298262 -0.020000
v 0.069098 0.267290 -0.020000
v 0.054894 0.228262 -0.020000
v 0.050000 0.185000 -0.020000
v 0.054894 0.141738 -0.020000
v 0.069098 0.102710 -0.020000
v 0.091221 0.071738 -0.020000
v 0.119098 0.051852 -0.020000
v 0.121451 0.318148 -0.031826
v 0.095696 0.298262 -0.042494
v 0.075257 0.267290 -0.050960
v 0.062134 0.228262 -0.056395
v 0.057612 0.185000 -0.058268
v 0.062134 0.141738 -0.056395
v 0.075257 0.102710 -0.050960
v 0.095696 0.071738 -0.042494
v 0.121451 0.051852 -0.031826
v 0.128149 0.318148 -0.041851
v 0.108437 0.298262 -0.061563
v 0.092794 0.267290 -0.077206
v 0.082750 0.228262 -0.087250
v 0.079289 0.185000 -0.090711
v 0.082750 0.141738 -0.087250
v 0.092794 0.102710 -0.077206
v 0.108437 0.071738 -0.061563
v 0.128149 0.051852 -0.041851
v 0.138174 0.318148 -0.048549
v 0.127506 0.298262 -0.074304
v 0.119040 0.267290 -0.094743
v 0.113605 0.228262 -0.107866
v 0.111732 0.185000 -0.112388
v 0.113605 0.141738 -0.107866
v 0.119040 0.102710 -0.094743
v 0.127506 0.071738 -0.074304
v 0.138174 0.051852 -0.048549
v 0.150000 0.318148 -0.050902
v 0.150000 0.298262 -0.078778
v 0.150000 0.228262 -0.115106
v 0.150000 0.071738 -0.078778
v 0.160000 0.119084 -0.059668
v 0.160000 0.075000 -0.095000
v 0.160000 0.051824 -0.085945
v 0.160000 0.030916 -0.059668
v 0.160000 0.003671 0.032832
v 0.173599 0.146329 0.037184
v 0.185868 0.135676 -0.010463
v 0.195604 0.119084 -0.048275
v 0.201855 0.098176 -0.072552
v 0.204009 0.075000 -0.080918
v 0.201855 0.051824 -0.072552
v 0.195604 0.030916 -0.048275
v 0.185868 0.014324 -0.010463
v 0.173599 0.003671 0.037184
v 0.185128 0.146329 0.049576
v 0.207797 0.135676 0.013109
v 0.225787 0.119084 -0.015831
v 0.237337 0.098176 -0.034412
v 0.241317 0.075000 -0.040815
v 0.237337 0.051824 -0.034412
v 0.225787 0.030916 -0.015831
v 0.207797 0.014324 0.013109
v 0.185128 0.003671 0.049576
v 0.192832 0.146329 0.068123
v 0.222450 0.135676 0.048387
v 0.245955 0.119084 0.032725
v 0.261046 0.098176 0.022669
v 0.266246 0.075000 0.019204
v 0.261046 0.051824 0.022669
v 0.245955 0.030916 0.032725
v 0.222450 0.014324 0.048387
v 0.192832 0.003671 0.068123
v 0.195537 0.146329 0.090000
v 0.227595 0.135676 0.090000
v 0.253037 0.119084 0.090000
v 0.269371 0.098176 0.090000
v 0.275000 0.075000 0.090000
v 0.269371 0.051824 0.090000
v 0.253037 0.030916 0.090000
v 0.227595 0.014324 0.090000
v 0.195537 0.003671 0.090000
v 0.192832 0.146329 0.111877
v 0.222450 0.135676 0.131613
v 0.245955 0.119084 0.147276
v 0.261046 0.098176 0.157331
v 0.266246 0.075000 0.160796
v 0.261046 0.051824 0.157331
v 0.245955 0.030916 0.147276
v 0.222450 0.014324 0.131613
v 0.192832 0.003671 0.111877
v 0.185128 0.146329 0.130424
v 0.207797 0.135676 0.166891
v 0.225787 0.119084 0.195831
v 0.237337 0.098176 0.214412
v 0.241317 0.075000 0.220815
v 0.237337 0.051824 0.214412
v 0.225787 0.030916 0.195831
v 0.207797 0.014324 0.166891
v 0.185128 0.003671 0.130424
v 0.173599 0.146329 0.142816
v 0.185868 0.135676 0.190463
v 0.195604 0.119084 0.228275
v 0.201855 0.098176 0.252552
v 0.204009 0.075000 0.260918
v 0.201855 0.051824 0.252552
v 0.195604 0.030916 0.228275
v 0.185868 0.014324 0.190463
v 0.173599 0.003671 0.142816
v 0.160000 0.146329 0.147168
v 0.160000 0.135676 0.198740
v 0.160000 0.119084 0.239668
v 0.160000 0.098176 0.265945
v 0.160000 0.075000 0.275000
v 0.160000 0.051824 0.265945
v 0.160000 0.030916 0.239668
v 0.160000 0.014324 0.198740
v 0.160000 0.003671 0.147168
v 0.160000 0.000000 0.090000
v 0.146401 0.146329 0.142816
v 0.134132 0.135676 0.190463
v 0.124396 0.119084 0.228275
v 0.118145 0.098176 0.252552
v 0.115991 0.075000 0.260918
v 0.118145 0.051824 0.252552
v 0.124396 0.030916 0.228275
v 0.134132 0.014324 0.190463
v 0.146401 0.003671 0.142816
v 0.160000 0.150000 0.090000
v 0.134872 0.146329 0.130424
v 0.112203 0.135676 0.166891
v 0.094213 0.119084 0.195831
v 0.082663 0.098176 0.214412
v 0.078683 0.075000 0.220815
v 0.082663 0.051824 0.214412
v 0.094213 0.030916 0.195831
v 0.112203 0.014324 0.166891
v 0.134872 0.003671 0.130424
v 0.127168 0.146329 0.111877
v 0.097550 0.135676 0.131613
v 0.074045 0.119084 0.147275
v 0.058954 0.098176 0.157331
v 0.053754 0.075000 0.160796
v 0.058954 0.051824 0.157331
v 0.074045 0.030916 0.147275
v 0.097550 0.014324 0.131613
v 0.127168 0.003671 0.111877
v 0.124463 0.146329 0.090000
v 0.092405 0.135676 0.090000
v 0.066963 0.119084 0.090000
v 0.050629 0.098176 0.090000
v 0.045000 0.075000 0.090000
v 0.050629 0.051824 0.090000
v 0.066963 0.030916 0.090000
v 0.092405 0.014324 0.090000
v 0.124463 0.003671 0.090000
v 0.127168 0.146329 0.068123
v 0.097550 0.135676 0.048387
v 0.074045 0.119084 0.032724
v 0.058954 0.098176 0.022669
v 0.053754 0.075000 0.019203
v 0.058954 0.051824 0.022669
v 0.074045 0.030916 0.032724
v 0.097550 0.014324 0.048387
v 0.127168 0.003671 0.068123
v 0.134872 0.146329 0.049576
v 0.112203 0.135676 0.013109
v 0.094213 0.119084 -0.015831
v 0.082663 0.098176 -0.034412
v 0.078683 0.075000 -0.040815
v 0.082663 0.051824 -0.034412
v 0.094213 0.030916 -0.015831
v 0.112203 0.014324 0.013109
v 0.134872 0.003671 0.049576
v 0.146401 0.146329 0.037184
v 0.134132 0.135676 -0.010463
v 0.124396 0.119084 -0.048275
v 0.118145 0.098176 -0.072552
v 0.115991 0.075000 -0.080918
v 0.118145 0.051824 -0.072552
v 0.124396 0.030916 -0.048275
v 0.134132 0.014324 -0.010463
v 0.146401 0.003671 0.037184
v 0.160000 0.146329 0.032832
v 0.160000 0.135676 -0.018740
v 0.160000 0.098176 -0.085945
v 0.160000 0.014324 -0.018740
v 0.000000 0.408262 -0.494313
v 0.000000 0.318197 -0.505211
v 0.000000 0.280077 -0.482533
v 0.000000 0.251738 -0.443455
v 0.000000 0.234271 -0.332634
v 0.017738 0.488987 -0.410449
v 0.033740 0.454157 -0.453293
v 0.046440 0.412068 -0.482599
v 0.054593 0.366841 -0.495500
v 0.057403 0.322901 -0.490732
v 0.054593 0.284551 -0.468763
v 0.046440 0.255544 -0.431741
v 0.033740 0.238719 -0.383293
v 0.017738 0.235724 -0.328159
v 0.032776 0.493127 -0.397708
v 0.062344 0.462032 -0.429057
v 0.085809 0.422907 -0.449241
v 0.100875 0.379582 -0.456286
v 0.106066 0.336298 -0.449500
v 0.100875 0.297292 -0.429548
v 0.085809 0.266382 -0.398383
v 0.062344 0.246594 -0.359057
v 0.032776 0.239864 -0.315418
v 0.042824 0.499323 -0.378639
v 0.081456 0.473817 -0.392785
v 0.112115 0.439128 -0.399318
v 0.131799 0.398651 -0.397597
v 0.138582 0.356349 -0.387791
v 0.131799 0.316361 -0.370859
v 0.112115 0.282603 -0.348460
v 0.081456 0.258379 -0.322785
v 0.042824 0.246060 -0.296349
v 0.046353 0.506631 -0.356145
v 0.088168 0.487719 -0.350000
v 0.121353 0.458262 -0.340429
v 0.142658 0.421145 -0.328369
v 0.150000 0.380000 -0.315000
v 0.142658 0.338855 -0.301631
v 0.121353 0.301738 -0.289571
v 0.088168 0.272281 -0.280000
v 0.046353 0.253369 -0.273855
v 0.042824 0.513940 -0.333651
v 0.081456 0.501621 -0.307215
v 0.112115 0.477397 -0.281540
v 0.131799 0.443639 -0.259141
v 0.138582 0.403651 -0.242209
v 0.131799 0.361349 -0.232403
v 0.112115 0.320872 -0.230682
v 0.081456 0.286183 -0.237215
v 0.042824 0.260677 -0.251361
v 0.032776 0.520136 -0.314582
v 0.062344 0.513406 -0.270943
v 0.085809 0.493618 -0.231616
v 0.100875 0.462708 -0.200452
v 0.106066 0.423702 -0.180500
v 0.100875 0.380418 -0.173714
v 0.085809 0.337093 -0.180758
v 0.062344 0.297968 -0.200943
v 0.032776 0.266873 -0.232292
v 0.017738 0.524276 -0.301841
v 0.033740 0.521281 -0.246707
v 0.046440 0.504456 -0.198259
v 0.054593 0.475449 -0.161237
v 0.057402 0.437099 -0.139268
v 0.054593 0.393159 -0.134500
v 0.046440 0.347932 -0.147401
v 0.033740 0.305843 -0.176707
v 0.017738 0.271013 -0.219551
v -0.000000 0.525729 -0.297366
v -0.000000 0.524046 -0.238197
v -0.000000 0.508262 -0.186545
v -0.000000 0.479924 -0.147467
v -0.000000 0.441803 -0.124789
v -0.000000 0.397634 -0.120729
v -0.000000 0.351738 -0.135687
v -0.000000 0.308608 -0.168197
v -0.000000 0.272467 -0.215076
v 0.000000 0.246852 -0.271738
v -0.017738 0.524276 -0.301841
v -0.033740 0.521281 -0.246707
v -0.046440 0.504456 -0.198259
v -0.054593 0.475449 -0.161237
v -0.057403 0.437099 -0.139268
v -0.054593 0.393159 -0.134500
v -0.046440 0.347932 -0.147401
v -0.033740 0.305843 -0.176707
v -0.017738 0.271013 -0.219551
v 0.000000 0.513148 -0.358262
v -0.032776 0.520136 -0.314582
v -0.062344 0.513406 -0.270943
v -0.085809 0.493618 -0.231616
v -0.100875 0.462708 -0.200452
v -0.106066 0.423702 -0.180500
v -0.100875 0.380418 -0.173714
v -0.085809 0.337093 -0.180759
v -0.062344 0.297968 -0.200943
v -0.032776 0.266873 -0.232292
v -0.042824 0.513940 -0.333651
v -0.081456 0.501621 -0.307215
v -0.112115 0.477397 -0.281540
v -0.131799 0.443639 -0.259141
v -0.138582 0.403651 -0.242209
v -0.131799 0.361349 -0.232403
v -0.112115 0.320872 -0.230682
v -0.081456 0.286183 -0.237215
v -0.042824 0.260677 -0.251361
v -0.046353 0.506631 -0.356145
v -0.088168 0.487719 -0.350000
v -0.121352 0.458262 -0.340429
v -0.142658 0.421145 -0.328369
v -0.150000 0.380000 -0.315000
v -0.142658 0.338855 -0.301631
v -0.121352 0.301738 -0.289571
v -0.088168 0.272281 -0.280000
v -0.046353 0.253369 -0.273855
v -0.042824 0.499323 -0.378639
v -0.081456 0.473817 -0.392785
v -0.112115 0.439128 -0.399318
v -0.131799 0.398651 -0.397597
v -0.138582 0.356349 -0.387791
v -0.131799 0.316361 -0.370859
v -0.112115 0.282603 -0.348460
v -0.081456 0.258379 -0.322785
v -0.042824 0.246060 -0.296349
v -0.032776 0.493127 -0.397708
v -0.062344 0.462032 -0.429057
v -0.085809 0.422907 -0.449241
v -0.100875 0.379582 -0.456286
v -0.106066 0.336298 -0.449500
v -0.100875 0.297292 -0.429548
v -0.085809 0.266382 -0.398384
v -0.062344 0.246594 -0.359057
v -0.032776 0.239864 -0.315418
v -0.017738 0.488987 -0.410449
v -0.033740 0.454157 -0.453293
v -0.046440 0.412068 -0.482599
v -0.054593 0.366841 -0.495500
v -0.057402 0.322901 -0.490732
v -0.054593 0.284551 -0.468763
v -0.046440 0.255544 -0.431741
v -0.033740 0.238719 -0.383293
v -0.017738 0.235724 -0.328159
v 0.000000 0.487533 -0.414923
v 0.000000 0.451392 -0.461803
v 0.000000 0.362366 -0.509270
v 0.000000 0.235954 -0.391803
v 0.000000 0.354998 -0.575226
v 0.000000 0.296284 -0.631182
v 0.000000 0.265971 -0.641008
v 0.000000 0.238990 -0.637032
v 0.000000 0.201318 -0.552575
v 0.000000 0.207296 -0.509465
v 0.000000 0.377651 -0.534573
v 0.011397 0.356865 -0.571032
v 0.021678 0.330512 -0.600539
v 0.029837 0.301172 -0.620204
v 0.035075 0.271717 -0.628102
v 0.036880 0.245031 -0.623461
v 0.035075 0.223726 -0.606735
v 0.029837 0.209887 -0.579561
v 0.021678 0.204869 -0.544599
v 0.011397 0.209163 -0.505271
v 0.020536 0.362096 -0.559282
v 0.039062 0.340462 -0.578189
v 0.053764 0.314868 -0.589442
v 0.063203 0.287818 -0.591940
v 0.066456 0.261961 -0.585438
v 0.063203 0.239827 -0.570573
v 0.053764 0.223583 -0.548799
v 0.039062 0.214820 -0.522249
v 0.020536 0.214394 -0.493521
v 0.025608 0.369656 -0.542303
v 0.048709 0.354841 -0.545893
v 0.067042 0.334659 -0.544990
v 0.078813 0.311084 -0.539684
v 0.082869 0.286424 -0.530492
v 0.078813 0.263093 -0.518316
v 0.067042 0.243374 -0.504348
v 0.048709 0.229199 -0.489953
v 0.025608 0.221954 -0.476542
v 0.025608 0.378046 -0.523458
v 0.048709 0.370801 -0.510047
v 0.067042 0.356626 -0.495652
v 0.078813 0.336907 -0.481683
v 0.082869 0.313576 -0.469508
v 0.078813 0.288916 -0.460316
v 0.067042 0.265341 -0.455010
v 0.048709 0.245159 -0.454107
v 0.025608 0.230344 -0.457697
v 0.020536 0.385606 -0.506479
v 0.039062 0.385180 -0.477751
v 0.053764 0.376417 -0.451200
v 0.063203 0.360173 -0.429427
v 0.066456 0.338039 -0.414562
v 0.063203 0.312182 -0.408060
v 0.053764 0.285132 -0.410558
v 0.039062 0.259538 -0.421811
v 0.020536 0.237904 -0.440718
v 0.011397 0.390837 -0.494729
v 0.021678 0.395131 -0.455401
v 0.029837 0.390113 -0.420439
v 0.035075 0.376274 -0.393265
v 0.036880 0.354969 -0.376539
v 0.035075 0.328283 -0.371898
v 0.029837 0.298828 -0.379796
v 0.021678 0.269488 -0.399461
v 0.011397 0.243135 -0.428968
v -0.000000 0.392704 -0.490535
v -0.000000 0.398682 -0.447425
v -0.000000 0.395001 -0.409460
v -0.000000 0.382020 -0.380358
v -0.000000 0.361011 -0.362968
v -0.000000 0.334029 -0.358991
v -0.000000 0.303716 -0.368818
v -0.000000 0.273040 -0.391485
v -0.000000 0.245002 -0.424774
v -0.011397 0.390837 -0.494729
v -0.021678 0.395131 -0.455401
v -0.029837 0.390113 -0.420439
v -0.035075 0.376274 -0.393265
v -0.036880 0.354969 -0.376539
v -0.035075 0.328283 -0.371898
v -0.029837 0.298828 -0.379796
v -0.021678 0.269488 -0.399461
v -0.011397 0.243135 -0.428968
v -0.020536 0.385606 -0.506479
v -0.039062 0.385180 -0.477751
v -0.053764 0.376417 -0.451201
v -0.063203 0.360173 -0.429427
v -0.066456 0.338039 -0.414562
v -0.063203 0.312182 -0.408060
v -0.053764 0.285132 -0.410558
v -0.039062 0.259538 -0.421811
v -0.020536 0.237904 -0.440718
v 0.000000 0.222349 -0.465427
v -0.025608 0.378046 -0.523458
v -0.048709 0.370801 -0.510047
v -0.067042 0.356626 -0.495652
v -0.078813 0.336907 -0.481683
v -0.082869 0.313576 -0.469508
v -0.078813 0.288916 -0.460316
v -0.067042 0.265341 -0.455010
v -0.048709 0.245159 -0.454107
v -0.025608 0.230344 -0.457697
v -0.025608 0.369656 -0.542303
v -0.048709 0.354841 -0.545893
v -0.067042 0.334659 -0.544990
v -0.078813 0.311084 -0.539684
v -0.082869 0.286424 -0.530492
v -0.078813 0.263093 -0.518317
v -0.067042 0.243374 -0.504348
v -0.048709 0.229199 -0.489953
v -0.025608 0.221954 -0.476542
v -0.020536 0.362096 -0.559282
v -0.039062 0.340462 -0.578189
v -0.053764 0.314868 -0.589442
v -0.063203 0.287818 -0.591940
v -0.066456 0.261961 -0.585438
v -0.063203 0.239827 -0.570573
v -0.053764 0.223583 -0.548799
v -0.039062 0.214820 -0.522249
v -0.020536 0.214394 -0.493521
v -0.011397 0.356865 -0.571032
v -0.021678 0.330512 -0.600539
v -0.029837 0.301172 -0.620204
v -0.035075 0.271717 -0.628102
v -0.036880 0.245031 -0.623461
v -0.035075 0.223726 -0.606735
v -0.029837 0.209887 -0.579561
v -0.021678 0.204869 -0.544599
v -0.011397 0.209163 -0.505271
v 0.000000 0.326960 -0.608515
v 0.000000 0.217980 -0.619641
v 0.000000 0.204999 -0.590540
v 0.000000 0.745652 -0.310477
v 0.005358 0.772294 -0.291811
v 0.009899 0.748654 -0.304038
v 0.012934 0.720652 -0.306515
v 0.014000 0.692550 -0.298866
v 0.012934 0.668628 -0.282256
v 0.009899 0.652526 -0.259212
v 0.005358 0.646697 -0.233244
v 0.009280 0.776734 -0.282290
v 0.017146 0.756858 -0.286445
v 0.022403 0.731370 -0.283529
v 0.024249 0.704152 -0.273987
v 0.022403 0.679346 -0.259270
v 0.017146 0.660729 -0.241619
v 0.009280 0.651136 -0.223722
v 0.010715 0.782799 -0.269284
v 0.019799 0.768064 -0.262413
v 0.025869 0.746012 -0.252130
v 0.028000 0.720000 -0.240000
v 0.025869 0.693988 -0.227870
v 0.019799 0.671936 -0.217587
v 0.010715 0.657201 -0.210716
v 0.009280 0.788864 -0.256278
v 0.017146 0.779271 -0.238381
v 0.022403 0.760654 -0.220730
v 0.024249 0.735848 -0.206013
v 0.022403 0.708630 -0.196471
v 0.017146 0.683142 -0.193555
v 0.009280 0.663266 -0.197710
v 0.005358 0.793304 -0.246756
v 0.009899 0.787474 -0.220788
v 0.012934 0.771373 -0.197744
v 0.014000 0.747450 -0.181134
v 0.012934 0.719348 -0.173485
v 0.009899 0.691346 -0.175962
v 0.005358 0.667706 -0.188189
v 0.000000 0.794929 -0.243271
v -0.000000 0.790477 -0.214348
v 0.000000 0.775296 -0.189331
v 0.000000 0.751696 -0.172027
v 0.000000 0.723271 -0.165071
v -0.000000 0.694349 -0.169523
v 0.000000 0.669331 -0.184704
v -0.005358 0.793304 -0.246756
v -0.009899 0.787474 -0.220788
v -0.012934 0.771373 -0.197744
v -0.014000 0.747450 -0.181134
v -0.012934 0.719348 -0.173485
v -0.009899 0.691346 -0.175962
v -0.005358 0.667706 -0.188189
v 0.000000 0.787973 -0.271696
v -0.009280 0.788864 -0.256278
v -0.017146 0.779271 -0.238381
v -0.022403 0.760654 -0.220730
v -0.024249 0.735848 -0.206013
v -0.022403 0.708630 -0.196471
v -0.017146 0.683142 -0.193555
v -0.009280 0.663266 -0.197710
v 0.000000 0.652027 -0.208304
v -0.010715 0.782799 -0.269284
v -0.019799 0.768064 -0.262413
v -0.025869 0.746012 -0.252130
v -0.028000 0.720000 -0.240000
v -0.025869 0.693988 -0.227870
v -0.019799 0.671936 -0.217587
v -0.010715 0.657201 -0.210716
v -0.009280 0.776734 -0.282290
v -0.017146 0.756858 -0.286445
v -0.022403 0.731370 -0.283529
v -0.024249 0.704152 -0.273987
v -0.022403 0.679346 -0.259270
v -0.017146 0.660729 -0.241619
v -0.009280 0.651136 -0.223722
v -0.005358 0.772294 -0.291811
v -0.009899 0.748654 -0.304038
v -0.012934 0.720652 -0.306515
v -0.014000 0.692550 -0.298866
v -0.012934 0.668628 -0.282256
v -0.009899 0.652526 -0.259212
v -0.005358 0.646697 -0.233244
v -0.000000 0.770669 -0.295296
v -0.000000 0.716729 -0.314929
v 0.000000 0.688304 -0.307973
v -0.000000 0.664704 -0.290669
v 0.000000 0.649523 -0.265651
v -0.000000 0.645071 -0.236729
v 0.000000 0.580782 -0.384572
v 0.005358 0.612753 -0.362173
v 0.009899 0.584385 -0.376845
v 0.012934 0.550782 -0.379818
v 0.014000 0.517060 -0.370640
v 0.012934 0.488353 -0.350707
v 0.009899 0.469031 -0.323055
v 0.005358 0.462036 -0.291892
v 0.009280 0.618081 -0.350748
v 0.017146 0.594229 -0.355734
v 0.022403 0.563644 -0.352235
v 0.024249 0.530982 -0.340784
v 0.022403 0.501215 -0.323124
v 0.017146 0.478875 -0.301943
v 0.009280 0.467363 -0.280467
v 0.010715 0.625359 -0.335140
v 0.019799 0.607677 -0.326895
v 0.025869 0.581215 -0.314556
v 0.028000 0.550000 -0.300000
v 0.025869 0.518785 -0.285444
v 0.019799 0.492323 -0.273105
v 0.010715 0.474641 -0.264860
v 0.009280 0.632637 -0.319533
v 0.017146 0.621125 -0.298057
v 0.022403 0.598785 -0.276876
v 0.024249 0.569018 -0.259216
v 0.022403 0.536356 -0.247765
v 0.017146 0.505771 -0.244266
v 0.009280 0.481919 -0.249252
v 0.005358 0.637964 -0.308108
v 0.009899 0.630969 -0.276945
v 0.012934 0.611647 -0.249293
v 0.014000 0.582940 -0.229360
v 0.012934 0.549218 -0.220182
v 0.009899 0.515615 -0.223155
v 0.005358 0.487247 -0.237827
v 0.000000 0.639914 -0.303926
v -0.000000 0.634572 -0.269218
v 0.000000 0.616355 -0.239197
v 0.000000 0.588036 -0.218432
v 0.000000 0.553926 -0.210086
v -0.000000 0.519218 -0.215428
v 0.000000 0.489197 -0.233645
v -0.005358 0.637964 -0.308108
v -0.009899 0.630969 -0.276945
v -0.012934 0.611647 -0.249293
v -0.014000 0.582940 -0.229360
v -0.012934 0.549218 -0.220182
v -0.009899 0.515615 -0.223155
v -0.005358 0.487247 -0.237827
v 0.000000 0.631568 -0.338036
v -0.009280 0.632637 -0.319533
v -0.017146 0.621125 -0.298057
v -0.022403 0.598785 -0.276876
v -0.024249 0.569018 -0.259216
v -0.022403 0.536356 -0.247765
v -0.017146 0.505771 -0.244266
v -0.009280 0.481919 -0.249252
v 0.000000 0.468432 -0.261964
v -0.010715 0.625359 -0.335140
v -0.019799 0.607677 -0.326895
v -0.025869 0.581215 -0.314556
v -0.028000 0.550000 -0.300000
v -0.025869 0.518785 -0.285444
v -0.019799 0.492323 -0.273105
v -0.010715 0.474641 -0.264860
v -0.009280 0.618081 -0.350748
v -0.017146 0.594229 -0.355734
v -0.022403 0.563644 -0.352235
v -0.024249 0.530982 -0.340784
v -0.022403 0.501215 -0.323124
v -0.017146 0.478875 -0.301943
v -0.009280 0.467363 -0.280467
v -0.005358 0.612753 -0.362173
v -0.009899 0.584385 -0.376845
v -0.012934 0.550782 -0.379818
v -0.014000 0.517060 -0.370640
v -0.012934 0.488353 -0.350707
v -0.009899 0.469031 -0.323055
v -0.005358 0.462036 -0.291892
v -0.000000 0.610803 -0.366355
v -0.000000 0.546074 -0.389914
v 0.000000 0.511964 -0.381568
v -0.000000 0.483645 -0.360803
v 0.000000 0.465428 -0.330782
v -0.000000 0.460086 -0.296074
v 0.000000 0.395652 -0.410477
v 0.005358 0.422294 -0.391811
v 0.009899 0.398654 -0.404038
v 0.012934 0.370652 -0.406515
v 0.014000 0.342550 -0.398866
v 0.012934 0.318627 -0.382256
v 0.009899 0.302526 -0.359212
v 0.005358 0.296696 -0.333244
v 0.009280 0.426734 -0.382290
v 0.017146 0.406858 -0.386445
v 0.022403 0.381370 -0.383529
v 0.024249 0.354152 -0.373987
v 0.022403 0.329346 -0.359270
v 0.017146 0.310729 -0.341619
v 0.009280 0.301136 -0.323722
v 0.010715 0.432799 -0.369284
v 0.019799 0.418064 -0.362413
v 0.025869 0.396012 -0.352130
v 0.028000 0.370000 -0.340000
v 0.025869 0.343988 -0.327870
v 0.019799 0.321936 -0.317587
v 0.010715 0.307201 -0.310716
v 0.009280 0.438864 -0.356278
v 0.017146 0.429271 -0.338381
v 0.022403 0.410654 -0.320730
v 0.024249 0.385848 -0.306013
v 0.022403 0.358630 -0.296471
v 0.017146 0.333142 -0.293555
v 0.009280 0.313266 -0.297710
v 0.005358 0.443304 -0.346756
v 0.009899 0.437474 -0.320788
v 0.012934 0.421373 -0.297744
v 0.014000 0.397450 -0.281134
v 0.012934 0.369348 -0.273485
v 0.009899 0.341346 -0.275962
v 0.005358 0.317706 -0.288189
v 0.000000 0.444929 -0.343271
v -0.000000 0.440477 -0.314348
v 0.000000 0.425296 -0.289331
v 0.000000 0.401696 -0.272027
v 0.000000 0.373271 -0.265071
v -0.000000 0.344348 -0.269523
v 0.000000 0.319331 -0.284704
v -0.005358 0.443304 -0.346756
v -0.009899 0.437474 -0.320788
v -0.012934 0.421373 -0.297744
v -0.014000 0.397450 -0.281134
v -0.012934 0.369348 -0.273485
v -0.009899 0.341346 -0.275962
v -0.005358 0.317706 -0.288189
v 0.000000 0.437973 -0.371696
v -0.009280 0.438864 -0.356278
v -0.017146 0.429271 -0.338381
v -0.022403 0.410654 -0.320730
v -0.024249 0.385848 -0.306013
v -0.022403 0.358630 -0.296471
v -0.017146 0.333142 -0.293555
v -0.009280 0.313266 -0.297710
v 0.000000 0.302027 -0.308304
v -0.010715 0.432799 -0.369284
v -0.019799 0.418064 -0.362413
v -0.025869 0.396012 -0.352130
v -0.028000 0.370000 -0.340000
v -0.025869 0.343988 -0.327870
v -0.019799 0.321936 -0.317587
v -0.010715 0.307201 -0.310716
v -0.009280 0.426734 -0.382290
v -0.017146 0.406858 -0.386445
v -0.022403 0.381370 -0.383529
v -0.024249 0.354152 -0.373987
v -0.022403 0.329346 -0.359270
v -0.017146 0.310729 -0.341619
v -0.009280 0.301136 -0.323722
v -0.005358 0.422294 -0.391811
v -0.009899 0.398654 -0.404038
v -0.012934 0.370652 -0.406515
v -0.014000 0.342550 -0.398866
v -0.012934 0.318627 -0.382256
v -0.009899 0.302526 -0.359212
v -0.005358 0.296696 -0.333244
v -0.000000 0.420669 -0.395296
v -0.000000 0.366729 -0.414929
v 0.000000 0.338304 -0.407973
v -0.000000 0.314704 -0.390669
v 0.000000 0.299523 -0.365651
v -0.000000 0.295071 -0.336729
vn -0.0000 -0.3218 -0.9468
vn -0.0000 -0.1611 -0.9869
vn 0.2401 -0.1618 -0.9572
vn 0.2302 -0.3230 -0.9180
vn -0.0000 0.7738 -0.6334
vn -0.0000 0.8907 -0.4547
vn 0.1098 0.8914 -0.4397
vn 0.1534 0.7751 -0.6129
vn -0.0000 -0.4804 -0.8770
vn 0.2130 -0.4820 -0.8499
vn -0.0000 0.6335 -0.7738
vn 0.1877 0.6350 -0.7493
vn -0.0000 -0.6335 -0.7738
vn 0.1877 -0.6350 -0.7493
vn -0.0000 0.4804 -0.8770
vn 0.2130 0.4820 -0.8499
vn -0.0000 -0.7738 -0.6334
vn 0.1534 -0.7751 -0.6129
vn -0.0000 0.3218 -0.9468
vn 0.2302 0.3230 -0.9180
vn -0.0000 -0.8907 -0.4547
vn 0.1098 -0.8914 -0.4397
vn -0.0000 0.1611 -0.9869
vn 0.2401 0.1618 -0.9572
vn -0.0000 -0.9702 -0.2423
vn 0.0583 -0.9704 -0.2343
vn -0.0000 -0.0000 -1.0000
vn 0.2433 -0.0000 -0.9699
vn -0.0000 0.9702 -0.2423
vn -0.0000 1.0000 -0.0000
vn 0.0583 0.9704 -0.2343
vn -0.0000 -1.0000 -0.0000
vn 0.4755 -0.0000 -0.8797
vn 0.4691 -0.1637 -0.8678
vn 0.1130 0.9710 -0.2107
vn 0.2129 0.8934 -0.3955
vn 0.4494 -0.3264 -0.8316
vn 0.2978 0.7786 -0.5523
vn 0.4153 -0.4863 -0.7688
vn 0.3652 0.6394 -0.6766
vn 0.3652 -0.6394 -0.6766
vn 0.4153 0.4863 -0.7688
vn 0.2978 -0.7786 -0.5523
vn 0.4494 0.3264 -0.8316
vn 0.2129 -0.8934 -0.3955
vn 0.4691 0.1637 -0.8678
vn 0.1130 -0.9710 -0.2107
vn 0.5216 -0.6455 -0.5579
vn 0.4241 -0.7835 -0.4541
vn 0.5946 0.4924 -0.6356
vn 0.6448 0.3312 -0.6889
vn 0.3024 -0.8963 -0.3244
vn 0.6740 0.1663 -0.7198
vn 0.1604 -0.9718 -0.1727
vn 0.6835 -0.0000 -0.7299
vn 0.1604 0.9718 -0.1727
vn 0.6740 -0.1663 -0.7198
vn 0.3024 0.8963 -0.3244
vn 0.6448 -0.3312 -0.6889
vn 0.4241 0.7835 -0.4541
vn 0.5946 -0.4924 -0.6356
vn 0.5216 0.6455 -0.5579
vn 0.1972 0.9727 -0.1226
vn 0.3721 0.8991 -0.2305
vn 0.8390 -0.1690 -0.5173
vn 0.8016 -0.3362 -0.4944
vn 0.5231 0.7885 -0.3234
vn 0.7377 -0.4986 -0.4552
vn 0.6453 0.6518 -0.3985
vn 0.6453 -0.6518 -0.3985
vn 0.7377 0.4986 -0.4552
vn 0.5231 -0.7885 -0.3234
vn 0.8016 0.3362 -0.4944
vn 0.3721 -0.8991 -0.2305
vn 0.8390 0.1690 -0.5173
vn 0.1972 -0.9727 -0.1226
vn 0.8512 -0.0000 -0.5248
vn 0.8307 0.5034 -0.2379
vn 0.9041 0.3400 -0.2588
vn 0.5866 -0.7922 -0.1683
vn 0.4165 -0.9012 -0.1197
vn 0.9472 0.1711 -0.2710
vn 0.2206 -0.9733 -0.0636
vn 0.9614 -0.0000 -0.2751
vn 0.2206 0.9733 -0.0636
vn 0.9472 -0.1711 -0.2710
vn 0.4165 0.9012 -0.1197
vn 0.9041 -0.3400 -0.2588
vn 0.5866 0.7922 -0.1683
vn 0.8307 -0.5034 -0.2379
vn 0.7251 0.6565 -0.2078
vn 0.7251 -0.6565 -0.2078
vn 0.9851 -0.1719 -0.0000
vn 0.9399 -0.3414 -0.0000
vn 0.4318 0.9020 -0.0000
vn 0.6085 0.7936 -0.0000
vn 0.8630 -0.5051 -0.0000
vn 0.7528 0.6582 -0.0000
vn 0.7528 -0.6582 -0.0000
vn 0.8630 0.5051 -0.0000
vn 0.6085 -0.7936 -0.0000
vn 0.9399 0.3414 -0.0000
vn 0.4318 -0.9020 -0.0000
vn 0.9851 0.1719 -0.0000
vn 0.2286 -0.9735 -0.0000
vn 1.0000 -0.0000 -0.0000
vn 0.2286 0.9735 -0.0000
vn 0.5866 -0.7922 0.1683
vn 0.4165 -0.9012 0.1197
vn 0.9041 0.3400 0.2588
vn 0.9472 0.1711 0.2710
vn 0.2206 -0.9733 0.0636
vn 0.9614 -0.0000 0.2751
vn 0.2206 0.9733 0.0636
vn 0.9472 -0.1711 0.2710
vn 0.4165 0.9012 0.1197
vn 0.9041 -0.3400 0.2588
vn 0.5866 0.7922 0.1683
vn 0.8307 -0.5034 0.2379
vn 0.7251 0.6565 0.2078
vn 0.7251 -0.6565 0.2078
vn 0.8307 0.5034 0.2379
vn 0.8016 -0.3362 0.4944
vn 0.7377 -0.4986 0.4552
vn 0.5231 0.7885 0.3234
vn 0.6453 0.6518 0.3985
vn 0.6453 -0.6518 0.3985
vn 0.7377 0.4986 0.4552
vn 0.5231 -0.7885 0.3234
vn 0.8016 0.3362 0.4944
vn 0.3721 -0.8991 0.2305
vn 0.8390 0.1690 0.5173
vn 0.1972 -0.9727 0.1226
vn 0.8512 -0.0000 0.5248
vn 0.1972 0.9727 0.1226
vn 0.8390 -0.1690 0.5173
vn 0.3721 0.8991 0.2305
vn 0.3024 -0.8963 0.3244
vn 0.1604 -0.9718 0.1727
vn 0.6740 0.1663 0.7198
vn 0.6835 -0.0000 0.7299
vn 0.1604 0.9718 0.1727
vn 0.6740 -0.1663 0.7198
vn 0.3024 0.8963 0.3244
vn 0.6448 -0.3312 0.6889
vn 0.4241 0.7835 0.4541
vn 0.5946 -0.4924 0.6356
vn 0.5216 0.6455 0.5579
vn 0.5216 -0.6455 0.5579
vn 0.5946 0.4924 0.6356
vn 0.4241 -0.7835 0.4541
vn 0.6448 0.3312 0.6889
vn 0.2978 0.7786 0.5523
vn 0.3652 0.6394 0.6766
vn 0.4153 -0.4863 0.7688
vn 0.3652 -0.6394 0.6766
vn 0.4153 0.4863 0.7688
vn 0.2978 -0.7786 0.5523
vn 0.4494 0.3264 0.8316
vn 0.2129 -0.8934 0.3955
vn 0.4691 0.1637 0.8678
vn 0.1130 -0.9710 0.2107
vn 0.4755 -0.0000 0.8797
vn 0.1130 0.9710 0.2107
vn 0.4691 -0.1637 0.8678
vn 0.2129 0.8934 0.3955
vn 0.4494 -0.3264 0.8316
vn 0.2401 0.1618 0.9572
vn 0.2433 -0.0000 0.9699
vn 0.0583 0.9704 0.2343
vn 0.0583 -0.9704 0.2343
vn 0.2401 -0.1618 0.9572
vn 0.1098 0.8914 0.4397
vn 0.2302 -0.3230 0.9180
vn 0.1534 0.7751 0.6129
vn 0.2130 -0.4820 0.8499
vn 0.1877 0.6350 0.7493
vn 0.1877 -0.6350 0.7493
vn 0.2130 0.4820 0.8499
vn 0.1534 -0.7751 0.6129
vn 0.2302 0.3230 0.9180
vn 0.1098 -0.8914 0.4397
vn -0.0000 -0.4804 0.8770
vn -0.0000 -0.6335 0.7738
vn -0.0000 0.6335 0.7738
vn -0.0000 0.4804 0.8770
vn -0.0000 -0.7738 0.6334
vn -0.0000 0.3218 0.9468
vn -0.0000 -0.8907 0.4547
vn -0.0000 0.1611 0.9869
vn -0.0000 -0.9702 0.2423
vn -0.0000 -0.0000 1.0000
vn -0.0000 0.9702 0.2423
vn -0.0000 -0.1611 0.9869
vn -0.0000 0.8907 0.4547
vn -0.0000 -0.3218 0.9468
vn -0.0000 0.7738 0.6334
vn -0.0583 0.9704 0.2343
vn -0.0583 -0.9704 0.2343
vn -0.2433 -0.0000 0.9699
vn -0.2401 -0.1618 0.9572
vn -0.1098 0.8914 0.4397
vn -0.2302 -0.3230 0.9180
vn -0.1534 0.7751 0.6129
vn -0.2130 -0.4820 0.8499
vn -0.1877 0.6350 0.7493
vn -0.1877 -0.6350 0.7493
vn -0.2130 0.4820 0.8499
vn -0.1534 -0.7751 0.6129
vn -0.2302 0.3230 0.9180
vn -0.1098 -0.8914 0.4397
vn -0.2401 0.1618 0.9572
vn -0.3652 0.6394 0.6766
vn -0.4153 0.4863 0.7688
vn -0.3652 -0.6394 0.6766
vn -0.2978 -0.7786 0.5523
vn -0.4494 0.3264 0.8316
vn -0.2129 -0.8934 0.3955
vn -0.4691 0.1637 0.8678
vn -0.1130 -0.9710 0.2107
vn -0.4755 -0.0000 0.8797
vn -0.1130 0.9710 0.2107
vn -0.4691 -0.1637 0.8678
vn -0.2129 0.8934 0.3955
vn -0.4494 -0.3264 0.8316
vn -0.2978 0.7786 0.5523
vn -0.4153 -0.4863 0.7688
vn -0.6835 -0.0000 0.7299
vn -0.6740 -0.1663 0.7198
vn -0.1604 0.9718 0.1727
vn -0.3024 0.8963 0.3244
vn -0.6448 -0.3312 0.6889
vn -0.4241 0.7835 0.4541
vn -0.5946 -0.4924 0.6356
vn -0.5216 0.6455 0.5579
vn -0.5216 -0.6455 0.5579
vn -0.5946 0.4924 0.6356
vn -0.4241 -0.7835 0.4541
vn -0.6448 0.3312 0.6889
vn -0.3024 -0.8963 0.3244
vn -0.6740 0.1663 0.7198
vn -0.1604 -0.9718 0.1727
vn -0.6453 -0.6518 0.3985
vn -0.5231 -0.7885 0.3234
vn -0.7377 0.4986 0.4552
vn -0.8016 0.3362 0.4944
vn -0.3721 -0.8991 0.2305
vn -0.8390 0.1690 0.5173
vn -0.1972 -0.9727 0.1226
vn -0.8512 -0.0000 0.5248
vn -0.1972 0.9727 0.1226
vn -0.8390 -0.1690 0.5173
vn -0.3721 0.8991 0.2305
vn -0.8016 -0.3362 0.4944
vn -0.5231 0.7885 0.3234
vn -0.7377 -0.4986 0.4552
vn -0.6453 0.6518 0.3985
vn -0.9472 -0.1711 0.2710
vn -0.9041 -0.3400 0.2588
vn -0.4165 0.9012 0.1197
vn -0.5866 0.7922 0.1683
vn -0.8307 -0.5034 0.2379
vn -0.7251 0.6565 0.2078
vn -0.7251 -0.6565 0.2078
vn -0.8307 0.5034 0.2379
vn -0.5866 -0.7922 0.1683
vn -0.9041 0.3400 0.2588
vn -0.4165 -0.9012 0.1197
vn -0.9472 0.1711 0.2710
vn -0.2206 -0.9733 0.0636
vn -0.9614 -0.0000 0.2751
vn -0.2206 0.9733 0.0636
vn -0.6085 -0.7936 -0.0000
vn -0.4318 -0.9020 -0.0000
vn -0.9399 0.3414 -0.0000
vn -0.9851 0.1719 -0.0000
vn -0.2286 -0.9735 -0.0000
vn -1.0000 -0.0000 -0.0000
vn -0.2286 0.9735 -0.0000
vn -0.9851 -0.1719 -0.0000
vn -0.4318 0.9020 -0.0000
vn -0.9399 -0.3414 -0.0000
vn -0.6085 0.7936 -0.0000
vn -0.8630 -0.5051 -0.0000
vn -0.7528 0.6582 -0.0000
vn -0.7528 -0.6582 -0.0000
vn -0.8630 0.5051 -0.0000
vn -0.4165 0.9012 -0.1197
vn -0.5866 0.7922 -0.1683
vn -0.9041 -0.3400 -0.2588
vn -0.8307 -0.5034 -0.2379
vn -0.7251 0.6565 -0.2078
vn -0.7251 -0.6565 -0.2078
vn -0.8307 0.5034 -0.2379
vn -0.5866 -0.7922 -0.1683
vn -0.9041 0.3400 -0.2588
vn -0.4165 -0.9012 -0.1197
vn -0.9472 0.1711 -0.2710
vn -0.2206 -0.9733 -0.0636
vn -0.9614 -0.0000 -0.2751
vn -0.2206 0.9733 -0.0636
vn -0.9472 -0.1711 -0.2710
vn -0.8016 0.3362 -0.4944
vn -0.8390 0.1690 -0.5173
vn -0.3721 -0.8991 -0.2305
vn -0.1972 -0.9727 -0.1226
vn -0.8512 -0.0000 -0.5248
vn -0.1972 0.9727 -0.1226
vn -0.8390 -0.1690 -0.5173
vn -0.3721 0.8991 -0.2305
vn -0.8016 -0.3362 -0.4944
vn -0.5231 0.7885 -0.3234
vn -0.7377 -0.4986 -0.4552
vn -0.6453 0.6518 -0.3985
vn -0.6453 -0.6518 -0.3985
vn -0.7377 0.4986 -0.4552
vn -0.5231 -0.7885 -0.3234
vn -0.6448 -0.3312 -0.6889
vn -0.5946 -0.4924 -0.6356
vn -0.4241 0.7835 -0.4541
vn -0.5216 0.6455 -0.5579
vn -0.5216 -0.6455 -0.5579
vn -0.5946 0.4924 -0.6356
vn -0.4241 -0.7835 -0.4541
vn -0.6448 0.3312 -0.6889
vn -0.3024 -0.8963 -0.3244
vn -0.6740 0.1663 -0.7198
vn -0.1604 -0.9718 -0.1727
vn -0.6835 -0.0000 -0.7299
vn -0.1604 0.9718 -0.1727
vn -0.6740 -0.1663 -0.7198
vn -0.3024 0.8963 -0.3244
vn -0.2129 -0.8934 -0.3955
vn -0.1130 -0.9710 -0.2107
vn -0.4691 0.1637 -0.8678
vn -0.4755 -0.0000 -0.8797
vn -0.1130 0.9710 -0.2107
vn -0.4691 -0.1637 -0.8678
vn -0.2129 0.8934 -0.3955
vn -0.4494 -0.3264 -0.8316
vn -0.2978 0.7786 -0.5523
vn -0.4153 -0.4863 -0.7688
vn -0.3652 0.6394 -0.6766
vn -0.3652 -0.6394 -0.6766
vn -0.4153 0.4863 -0.7688
vn -0.2978 -0.7786 -0.5523
vn -0.4494 0.3264 -0.8316
vn -0.1534 0.7751 -0.6129
vn -0.1877 0.6350 -0.7493
vn -0.2130 -0.4820 -0.8499
vn -0.1877 -0.6350 -0.7493
vn -0.2130 0.4820 -0.8499
vn -0.1534 -0.7751 -0.6129
vn -0.2302 0.3230 -0.9180
vn -0.1098 -0.8914 -0.4397
vn -0.2401 0.1618 -0.9572
vn -0.0583 -0.9704 -0.2343
vn -0.2433 -0.0000 -0.9699
vn -0.0583 0.9704 -0.2343
vn -0.2401 -0.1618 -0.9572
vn -0.1098 0.8914 -0.4397
vn -0.2302 -0.3230 -0.9180
vn -0.0000 -0.2836 -0.9589
vn -0.0000 -0.1406 -0.9901
vn 0.2215 -0.1419 -0.9648
vn 0.2143 -0.2860 -0.9340
vn -0.0000 0.7290 -0.6845
vn -0.0000 0.8631 -0.5050
vn 0.1113 0.8650 -0.4892
vn 0.1518 0.7320 -0.6642
vn -0.0000 -0.4304 -0.9026
vn 0.2014 -0.4336 -0.8783
vn -0.0000 0.5805 -0.8142
vn 0.1812 0.5840 -0.7913
vn -0.0000 -0.5805 -0.8142
vn 0.1812 -0.5840 -0.7913
vn -0.0000 0.4304 -0.9026
vn 0.2014 0.4336 -0.8783
vn -0.0000 -0.7290 -0.6845
vn 0.1518 -0.7320 -0.6642
vn -0.0000 0.2836 -0.9589
vn 0.2143 0.2860 -0.9340
vn -0.0000 -0.8631 -0.5050
vn 0.1113 -0.8650 -0.4892
vn -0.0000 0.1406 -0.9901
vn 0.2215 0.1419 -0.9648
vn -0.0000 -0.9615 -0.2747
vn 0.0600 -0.9621 -0.2660
vn 0.2237 -0.0000 -0.9746
vn -0.0000 0.9615 -0.2747
vn 0.0600 0.9621 -0.2660
vn 0.4435 -0.0000 -0.8963
vn 0.4387 -0.1456 -0.8868
vn 0.1167 0.9637 -0.2400
vn 0.2169 0.8703 -0.4422
vn 0.4238 -0.2929 -0.8571
vn 0.2968 0.7405 -0.6029
vn 0.3972 -0.4428 -0.8039
vn 0.3560 0.5939 -0.7215
vn 0.3560 -0.5939 -0.7215
vn 0.3972 0.4428 -0.8039
vn 0.2968 -0.7405 -0.6029
vn 0.4238 0.2929 -0.8571
vn 0.2169 -0.8703 -0.4422
vn 0.4387 0.1456 -0.8868
vn 0.1167 -0.9637 -0.2400
vn 0.5158 -0.6081 -0.6035
vn 0.4272 -0.7526 -0.5011
vn 0.5787 0.4561 -0.6760
vn 0.6201 0.3030 -0.7237
vn 0.3102 -0.8777 -0.3653
vn 0.6434 0.1510 -0.7505
vn 0.1665 -0.9660 -0.1977
vn 0.6509 -0.0000 -0.7592
vn 0.1665 0.9660 -0.1977
vn 0.6434 -0.1510 -0.7505
vn 0.3102 0.8777 -0.3653
vn 0.6201 -0.3030 -0.7237
vn 0.4272 0.7526 -0.5011
vn 0.5787 -0.4561 -0.6760
vn 0.5158 0.6081 -0.6035
vn 0.2060 0.9683 -0.1412
vn 0.3846 0.8853 -0.2615
vn 0.8193 -0.1571 -0.5515
vn 0.7874 -0.3143 -0.5303
vn 0.5330 0.7652 -0.3610
vn 0.7315 -0.4707 -0.4933
vn 0.6481 0.6232 -0.4377
vn 0.6481 -0.6232 -0.4377
vn 0.7315 0.4707 -0.4933
vn 0.5330 -0.7652 -0.3610
vn 0.7874 0.3143 -0.5303
vn 0.3846 -0.8853 -0.2615
vn 0.8193 0.1571 -0.5515
vn 0.2060 -0.9683 -0.1412
vn 0.8296 -0.0000 -0.5583
vn 0.8361 0.4822 -0.2616
vn 0.9033 0.3232 -0.2822
vn 0.6030 -0.7749 -0.1895
vn 0.4329 -0.8910 -0.1366
vn 0.9419 0.1619 -0.2941
vn 0.2315 -0.9701 -0.0737
vn 0.9546 -0.0000 -0.2980
vn 0.2315 0.9701 -0.0737
vn 0.9419 -0.1619 -0.2941
vn 0.4329 0.8910 -0.1366
vn 0.9033 -0.3232 -0.2822
vn 0.6030 0.7749 -0.1895
vn 0.8361 -0.4822 -0.2616
vn 0.7371 0.6350 -0.2310
vn 0.7371 -0.6350 -0.2310
vn 0.9865 -0.1638 -0.0000
vn 0.9451 -0.3267 -0.0000
vn 0.4498 0.8931 -0.0000
vn 0.6276 0.7785 -0.0000
vn 0.8736 -0.4866 -0.0000
vn 0.7688 0.6395 -0.0000
vn 0.7688 -0.6395 -0.0000
vn 0.8736 0.4866 -0.0000
vn 0.6276 -0.7785 -0.0000
vn 0.9451 0.3267 -0.0000
vn 0.4498 -0.8931 -0.0000
vn 0.9865 0.1638 -0.0000
vn 0.2403 -0.9707 -0.0000
vn 0.2403 0.9707 -0.0000
vn 0.6030 -0.7749 0.1895
vn 0.4329 -0.8910 0.1366
vn 0.9033 0.3232 0.2822
vn 0.9419 0.1619 0.2941
vn 0.2315 -0.9701 0.0737
vn 0.9546 -0.0000 0.2980
vn 0.2315 0.9701 0.0737
vn 0.9419 -0.1619 0.2941
vn 0.4329 0.8910 0.1366
vn 0.9033 -0.3232 0.2822
vn 0.6030 0.7749 0.1895
vn 0.8361 -0.4822 0.2616
vn 0.7371 0.6350 0.2310
vn 0.7371 -0.6350 0.2310
vn 0.8361 0.4822 0.2616
vn 0.7874 -0.3143 0.5303
vn 0.7315 -0.4707 0.4933
vn 0.5330 0.7652 0.3610
vn 0.6481 0.6232 0.4377
vn 0.6481 -0.6232 0.4377
vn 0.7315 0.4707 0.4933
vn 0.5330 -0.7652 0.3610
vn 0.7874 0.3143 0.5303
vn 0.3846 -0.8853 0.2615
vn 0.8193 0.1571 0.5515
vn 0.2060 -0.9683 0.1412
vn 0.8296 -0.0000 0.5583
vn 0.2060 0.9683 0.1412
vn 0.8193 -0.1571 0.5515
vn 0.3846 0.8853 0.2615
vn 0.3102 -0.8777 0.3653
vn 0.1665 -0.9660 0.1977
vn 0.6434 0.1510 0.7505
vn 0.6509 -0.0000 0.7592
vn 0.1665 0.9660 0.1978
vn 0.6434 -0.1510 0.7505
vn 0.3102 0.8777 0.3653
vn 0.6201 -0.3030 0.7237
vn 0.4272 0.7526 0.5011
vn 0.5787 -0.4561 0.6760
vn 0.5158 0.6081 0.6035
vn 0.5158 -0.6081 0.6035
vn 0.5787 0.4561 0.6760
vn 0.4272 -0.7526 0.5011
vn 0.6201 0.3030 0.7237
vn 0.2968 0.7405 0.6029
vn 0.3560 0.5939 0.7215
vn 0.3972 -0.4428 0.8039
vn 0.3560 -0.5939 0.7215
vn 0.3972 0.4428 0.8039
vn 0.2968 -0.7405 0.6029
vn 0.4238 0.2929 0.8571
vn 0.2169 -0.8703 0.4422
vn 0.4387 0.1456 0.8868
vn 0.1167 -0.9637 0.2400
vn 0.4435 -0.0000 0.8963
vn 0.1167 0.9637 0.2400
vn 0.4387 -0.1456 0.8868
vn 0.2169 0.8703 0.4422
vn 0.4238 -0.2929 0.8571
vn 0.2215 0.1419 0.9648
vn 0.2237 -0.0000 0.9746
vn 0.0600 0.9621 0.2660
vn 0.0600 -0.9621 0.2660
vn 0.2215 -0.1419 0.9648
vn 0.1113 0.8650 0.4892
vn 0.2143 -0.2860 0.9340
vn 0.1518 0.7320 0.6642
vn 0.2014 -0.4336 0.8783
vn 0.1812 0.5840 0.7913
vn 0.1812 -0.5840 0.7913
vn 0.2014 0.4336 0.8783
vn 0.1518 -0.7320 0.6642
vn 0.2143 0.2860 0.9340
vn 0.1113 -0.8650 0.4892
vn -0.0000 -0.4304 0.9026
vn -0.0000 -0.5805 0.8142
vn -0.0000 0.5805 0.8142
vn -0.0000 0.4304 0.9026
vn -0.0000 -0.7290 0.6845
vn -0.0000 0.2836 0.9589
vn -0.0000 -0.8631 0.5050
vn -0.0000 0.1406 0.9901
vn -0.0000 -0.9615 0.2747
vn -0.0000 0.9615 0.2747
vn -0.0000 -0.1406 0.9901
vn -0.0000 0.8631 0.5050
vn -0.0000 -0.2836 0.9589
vn -0.0000 0.7290 0.6845
vn -0.0600 0.9621 0.2660
vn -0.0600 -0.9621 0.2660
vn -0.2237 -0.0000 0.9746
vn -0.2215 -0.1419 0.9648
vn -0.1113 0.8650 0.4892
vn -0.2143 -0.2860 0.9340
vn -0.1518 0.7320 0.6642
vn -0.2014 -0.4336 0.8783
vn -0.1812 0.5840 0.7913
vn -0.1812 -0.5840 0.7913
vn -0.2014 0.4336 0.8783
vn -0.1518 -0.7320 0.6642
vn -0.2143 0.2860 0.9340
vn -0.1113 -0.8650 0.4892
vn -0.2215 0.1419 0.9648
vn -0.3560 0.5939 0.7215
vn -0.3972 0.4428 0.8039
vn -0.3560 -0.5939 0.7215
vn -0.2968 -0.7405 0.6029
vn -0.4238 0.2929 0.8571
vn -0.2169 -0.8703 0.4422
vn -0.4387 0.1456 0.8868
vn -0.1167 -0.9637 0.2400
vn -0.4435 -0.0000 0.8963
vn -0.1167 0.9637 0.2400
vn -0.4387 -0.1456 0.8868
vn -0.2169 0.8703 0.4422
vn -0.4238 -0.2929 0.8571
vn -0.2968 0.7405 0.6029
vn -0.3972 -0.4428 0.8039
vn -0.6509 -0.0000 0.7592
vn -0.6434 -0.1510 0.7505
vn -0.1665 0.9660 0.1977
vn -0.3102 0.8777 0.3653
vn -0.6201 -0.3030 0.7237
vn -0.4272 0.7526 0.5011
vn -0.5787 -0.4561 0.6760
vn -0.5158 0.6081 0.6035
vn -0.5158 -0.6081 0.6035
vn -0.5787 0.4561 0.6760
vn -0.4272 -0.7526 0.5011
vn -0.6201 0.3030 0.7237
vn -0.3102 -0.8777 0.3653
vn -0.6434 0.1510 0.7505
vn -0.1665 -0.9660 0.1977
vn -0.6481 -0.6232 0.4377
vn -0.5330 -0.7652 0.3610
vn -0.7315 0.4707 0.4933
vn -0.7874 0.3143 0.5303
vn -0.3846 -0.8853 0.2615
vn -0.8193 0.1571 0.5515
vn -0.2060 -0.9683 0.1412
vn -0.8296 -0.0000 0.5583
vn -0.2060 0.9683 0.1412
vn -0.8193 -0.1571 0.5515
vn -0.3846 0.8853 0.2615
vn -0.7874 -0.3143 0.5303
vn -0.5330 0.7652 0.3610
vn -0.7315 -0.4707 0.4933
vn -0.6481 0.6232 0.4377
vn -0.9419 -0.1619 0.2941
vn -0.9033 -0.3232 0.2822
vn -0.4329 0.8910 0.1366
vn -0.6030 0.7749 0.1895
vn -0.8361 -0.4822 0.2616
vn -0.7371 0.6350 0.2310
vn -0.7371 -0.6350 0.2310
vn -0.8361 0.4822 0.2616
vn -0.6030 -0.7749 0.1895
vn -0.9033 0.3232 0.2822
vn -0.4329 -0.8910 0.1366
vn -0.9419 0.1619 0.2941
vn -0.2315 -0.9701 0.0737
vn -0.9546 -0.0000 0.2980
vn -0.2315 0.9701 0.0737
vn -0.6276 -0.7785 -0.0000
vn -0.4498 -0.8931 -0.0000
vn -0.9451 0.3267 -0.0000
vn -0.9865 0.1638 -0.0000
vn -0.2403 -0.9707 -0.0000
vn -0.2403 0.9707 -0.0000
vn -0.9865 -0.1638 -0.0000
vn -0.4498 0.8931 -0.0000
vn -0.9451 -0.3267 -0.0000
vn -0.6276 0.7785 -0.0000
vn -0.8736 -0.4866 -0.0000
vn -0.7688 0.6395 -0.0000
vn -0.7688 -0.6395 -0.0000
vn -0.8736 0.4866 -0.0000
vn -0.4329 0.8910 -0.1366
vn -0.6030 0.7749 -0.1895
vn -0.9033 -0.3232 -0.2822
vn -0.8361 -0.4822 -0.2616
vn -0.7371 0.6350 -0.2310
vn -0.7371 -0.6350 -0.2310
vn -0.8361 0.4822 -0.2616
vn -0.6030 -0.7749 -0.1895
vn -0.9033 0.3232 -0.2822
vn -0.4329 -0.8910 -0.1366
vn -0.9419 0.1619 -0.2941
vn -0.2315 -0.9701 -0.0737
vn -0.9546 -0.0000 -0.2980
vn -0.2315 0.9701 -0.0737
vn -0.9419 -0.1619 -0.2941
vn -0.7874 0.3143 -0.5303
vn -0.8193 0.1571 -0.5515
vn -0.3846 -0.8853 -0.2615
vn -0.2060 -0.9683 -0.1412
vn -0.8296 -0.0000 -0.5583
vn -0.2060 0.9683 -0.1412
vn -0.8193 -0.1571 -0.5515
vn -0.3846 0.8853 -0.2615
vn -0.7874 -0.3143 -0.5303
vn -0.5330 0.7652 -0.3610
vn -0.7315 -0.4707 -0.4933
vn -0.6481 0.6232 -0.4377
vn -0.6481 -0.6232 -0.4377
vn -0.7315 0.4707 -0.4933
vn -0.5330 -0.7652 -0.3610
vn -0.6201 -0.3030 -0.7237
vn -0.5787 -0.4561 -0.6760
vn -0.4272 0.7526 -0.5011
vn -0.5158 0.6081 -0.6035
vn -0.5158 -0.6081 -0.6035
vn -0.5787 0.4561 -0.6760
vn -0.4272 -0.7526 -0.5011
vn -0.6201 0.3030 -0.7237
vn -0.3102 -0.8777 -0.3653
vn -0.6434 0.1510 -0.7505
vn -0.1665 -0.9660 -0.1977
vn -0.6509 -0.0000 -0.7592
vn -0.1665 0.9660 -0.1977
vn -0.6434 -0.1510 -0.7505
vn -0.3102 0.8777 -0.3653
vn -0.2169 -0.8703 -0.4422
vn -0.1167 -0.9637 -0.2400
vn -0.4387 0.1456 -0.8868
vn -0.4435 -0.0000 -0.8963
vn -0.1167 0.9637 -0.2400
vn -0.4387 -0.1456 -0.8868
vn -0.2169 0.8703 -0.4422
vn -0.4238 -0.2929 -0.8571
vn -0.2968 0.7405 -0.6029
vn -0.3972 -0.4428 -0.8039
vn -0.3560 0.5939 -0.7215
vn -0.3560 -0.5939 -0.7215
vn -0.3972 0.4428 -0.8039
vn -0.2968 -0.7405 -0.6029
vn -0.4238 0.2929 -0.8571
vn -0.1518 0.7320 -0.6642
vn -0.1812 0.5840 -0.7913
vn -0.2014 -0.4336 -0.8783
vn -0.1812 -0.5840 -0.7913
vn -0.2014 0.4336 -0.8783
vn -0.1518 -0.7320 -0.6642
vn -0.2143 0.2860 -0.9340
vn -0.1113 -0.8650 -0.4892
vn -0.2215 0.1419 -0.9648
vn -0.0600 -0.9621 -0.2660
vn -0.2237 -0.0000 -0.9746
vn -0.0600 0.9621 -0.2660
vn -0.2215 -0.1419 -0.9648
vn -0.1113 0.8650 -0.4892
vn -0.2143 -0.2860 -0.9340
vn -0.0000 -0.2031 -0.9792
vn 0.2478 -0.0000 -0.9688
vn 0.2426 -0.2037 -0.9485
vn -0.0000 0.9279 -0.3729
vn -0.0000 0.9812 -0.1930
vn 0.0474 0.9813 -0.1865
vn 0.0919 0.9282 -0.3605
vn -0.0000 -0.3964 -0.9181
vn 0.2273 -0.3974 -0.8890
vn -0.0000 0.8406 -0.5417
vn 0.1336 0.8413 -0.5238
vn -0.0000 -0.5712 -0.8208
vn 0.2030 -0.5724 -0.7945
vn -0.0000 0.7208 -0.6931
vn 0.1712 0.7218 -0.6705
vn -0.0000 -0.7208 -0.6931
vn 0.1712 -0.7218 -0.6705
vn -0.0000 0.5712 -0.8208
vn 0.2030 0.5724 -0.7945
vn -0.0000 -0.8406 -0.5417
vn 0.1336 -0.8413 -0.5238
vn -0.0000 0.3964 -0.9181
vn 0.2273 0.3974 -0.8890
vn -0.0000 -0.9279 -0.3729
vn 0.0919 -0.9282 -0.3605
vn -0.0000 0.2031 -0.9792
vn 0.2426 0.2037 -0.9485
vn -0.0000 -0.9812 -0.1930
vn 0.0474 -0.9813 -0.1865
vn 0.1778 -0.9293 -0.3238
vn 0.0918 -0.9816 -0.1675
vn 0.4724 0.2053 -0.8571
vn 0.4827 -0.0000 -0.8758
vn 0.0918 0.9816 -0.1675
vn 0.4724 -0.2053 -0.8571
vn 0.1778 0.9293 -0.3238
vn 0.4422 -0.4002 -0.8027
vn 0.2589 0.8433 -0.4709
vn 0.3944 -0.5756 -0.7163
vn 0.3322 0.7247 -0.6037
vn 0.3322 -0.7247 -0.6037
vn 0.3944 0.5756 -0.7163
vn 0.2589 -0.8433 -0.4709
vn 0.4422 0.4002 -0.8027
vn 0.5622 -0.5800 -0.5895
vn 0.4725 -0.7286 -0.4958
vn 0.4725 0.7286 -0.4958
vn 0.5622 0.5800 -0.5895
vn 0.3676 -0.8461 -0.3860
vn 0.6315 0.4041 -0.6618
vn 0.2521 -0.9307 -0.2651
vn 0.6755 0.2076 -0.7076
vn 0.1301 -0.9820 -0.1371
vn 0.6906 -0.0000 -0.7233
vn 0.1301 0.9820 -0.1371
vn 0.6755 -0.2076 -0.7076
vn 0.2521 0.9307 -0.2651
vn 0.6315 -0.4041 -0.6618
vn 0.3676 0.8461 -0.3860
vn 0.1598 0.9824 -0.0972
vn 0.1598 -0.9824 -0.0972
vn 0.8557 -0.0000 -0.5174
vn 0.8366 -0.2099 -0.5060
vn 0.3096 0.9321 -0.1879
vn 0.7811 -0.4081 -0.4726
vn 0.4520 0.8489 -0.2740
vn 0.6941 -0.5845 -0.4202
vn 0.5822 0.7326 -0.3527
vn 0.5822 -0.7326 -0.3527
vn 0.6941 0.5845 -0.4202
vn 0.4520 -0.8489 -0.2740
vn 0.7811 0.4080 -0.4726
vn 0.3096 -0.9321 -0.1879
vn 0.8366 0.2099 -0.5060
vn 0.6522 0.7356 -0.1833
vn 0.7788 0.5879 -0.2188
vn 0.6522 -0.7356 -0.1833
vn 0.5056 -0.8510 -0.1423
vn 0.8777 0.4110 -0.2464
vn 0.3460 -0.9332 -0.0975
vn 0.9410 0.2117 -0.2641
vn 0.1785 -0.9826 -0.0504
vn 0.9628 -0.0000 -0.2702
vn 0.1785 0.9826 -0.0504
vn 0.9410 -0.2117 -0.2641
vn 0.3460 0.9332 -0.0975
vn 0.8777 -0.4110 -0.2464
vn 0.5056 0.8510 -0.1423
vn 0.7788 -0.5879 -0.2188
vn 0.9772 -0.2124 -0.0000
vn 0.1850 0.9827 -0.0000
vn 0.3584 0.9336 -0.0000
vn 0.9111 -0.4121 -0.0000
vn 0.5240 0.8517 -0.0000
vn 0.8080 -0.5891 -0.0000
vn 0.6762 0.7367 -0.0000
vn 0.6762 -0.7367 -0.0000
vn 0.8080 0.5891 -0.0000
vn 0.5240 -0.8517 -0.0000
vn 0.9111 0.4121 -0.0000
vn 0.3584 -0.9336 -0.0000
vn 0.9772 0.2124 -0.0000
vn 0.1850 -0.9827 -0.0000
vn 0.6522 -0.7356 0.1833
vn 0.5056 -0.8510 0.1423
vn 0.7788 0.5879 0.2188
vn 0.8777 0.4110 0.2464
vn 0.3460 -0.9332 0.0975
vn 0.9410 0.2117 0.2641
vn 0.1785 -0.9826 0.0504
vn 0.9628 -0.0000 0.2702
vn 0.1785 0.9826 0.0504
vn 0.9410 -0.2117 0.2641
vn 0.3460 0.9332 0.0975
vn 0.8777 -0.4110 0.2464
vn 0.5056 0.8510 0.1423
vn 0.7788 -0.5879 0.2188
vn 0.6522 0.7356 0.1833
vn 0.1598 0.9824 0.0972
vn 0.3096 0.9321 0.1879
vn 0.8366 -0.2099 0.5060
vn 0.7811 -0.4081 0.4726
vn 0.4520 0.8489 0.2740
vn 0.6941 -0.5845 0.4202
vn 0.5822 0.7326 0.3527
vn 0.5822 -0.7326 0.3527
vn 0.6941 0.5845 0.4202
vn 0.4520 -0.8489 0.2740
vn 0.7811 0.4080 0.4726
vn 0.3096 -0.9321 0.1879
vn 0.8366 0.2099 0.5060
vn 0.1598 -0.9824 0.0972
vn 0.8557 -0.0000 0.5174
vn 0.5622 0.5800 0.5895
vn 0.6315 0.4041 0.6618
vn 0.3676 -0.8461 0.3860
vn 0.2521 -0.9307 0.2651
vn 0.6755 0.2076 0.7076
vn 0.1301 -0.9820 0.1371
vn 0.6906 -0.0000 0.7233
vn 0.1301 0.9820 0.1371
vn 0.6755 -0.2076 0.7076
vn 0.2521 0.9307 0.2651
vn 0.6315 -0.4041 0.6618
vn 0.3676 0.8461 0.3860
vn 0.5622 -0.5800 0.5895
vn 0.4725 0.7286 0.4958
vn 0.4725 -0.7286 0.4958
vn 0.4724 -0.2053 0.8571
vn 0.4422 -0.4002 0.8027
vn 0.1778 0.9293 0.3238
vn 0.2589 0.8433 0.4709
vn 0.3944 -0.5756 0.7163
vn 0.3322 0.7247 0.6037
vn 0.3322 -0.7247 0.6037
vn 0.3945 0.5756 0.7163
vn 0.2589 -0.8433 0.4709
vn 0.4422 0.4002 0.8027
vn 0.1778 -0.9293 0.3238
vn 0.4724 0.2053 0.8571
vn 0.0918 -0.9816 0.1675
vn 0.4827 -0.0000 0.8758
vn 0.0918 0.9816 0.1675
vn 0.1336 -0.8413 0.5238
vn 0.0919 -0.9282 0.3605
vn 0.2273 0.3974 0.8890
vn 0.2426 0.2037 0.9485
vn 0.0474 -0.9813 0.1865
vn 0.2478 -0.0000 0.9688
vn 0.0474 0.9813 0.1865
vn 0.2426 -0.2037 0.9485
vn 0.0919 0.9282 0.3605
vn 0.2273 -0.3974 0.8890
vn 0.1336 0.8413 0.5238
vn 0.2030 -0.5724 0.7945
vn 0.1712 0.7218 0.6705
vn 0.1712 -0.7218 0.6705
vn 0.2030 0.5724 0.7945
vn -0.0000 -0.3964 0.9181
vn -0.0000 -0.5712 0.8208
vn -0.0000 0.8406 0.5417
vn -0.0000 0.7208 0.6931
vn -0.0000 -0.7208 0.6931
vn -0.0000 0.5712 0.8208
vn -0.0000 -0.8406 0.5417
vn -0.0000 0.3964 0.9181
vn -0.0000 -0.9279 0.3729
vn -0.0000 0.2031 0.9792
vn -0.0000 -0.9812 0.1930
vn -0.0000 0.9812 0.1930
vn -0.0000 -0.2031 0.9792
vn -0.0000 0.9279 0.3729
vn -0.0919 -0.9282 0.3605
vn -0.0474 -0.9813 0.1865
vn -0.2426 0.2037 0.9485
vn -0.2478 -0.0000 0.9688
vn -0.0474 0.9813 0.1865
vn -0.2426 -0.2037 0.9485
vn -0.0919 0.9282 0.3605
vn -0.2273 -0.3974 0.8890
vn -0.1336 0.8413 0.5238
vn -0.2030 -0.5724 0.7945
vn -0.1712 0.7218 0.6705
vn -0.1712 -0.7218 0.6705
vn -0.2030 0.5724 0.7945
vn -0.1336 -0.8413 0.5238
vn -0.2273 0.3974 0.8890
vn -0.2589 0.8433 0.4709
vn -0.3322 0.7247 0.6037
vn -0.3945 -0.5756 0.7163
vn -0.3322 -0.7247 0.6037
vn -0.3945 0.5756 0.7163
vn -0.2589 -0.8433 0.4709
vn -0.4422 0.4002 0.8027
vn -0.1778 -0.9293 0.3238
vn -0.4724 0.2053 0.8571
vn -0.0918 -0.9816 0.1675
vn -0.4827 -0.0000 0.8758
vn -0.0918 0.9816 0.1675
vn -0.4724 -0.2053 0.8571
vn -0.1778 0.9293 0.3238
vn -0.4422 -0.4002 0.8027
vn -0.6755 0.2076 0.7076
vn -0.6906 -0.0000 0.7233
vn -0.1301 0.9820 0.1371
vn -0.1301 -0.9820 0.1371
vn -0.6755 -0.2076 0.7076
vn -0.2521 0.9307 0.2651
vn -0.6315 -0.4041 0.6618
vn -0.3676 0.8461 0.3860
vn -0.5622 -0.5800 0.5895
vn -0.4725 0.7286 0.4958
vn -0.4725 -0.7286 0.4958
vn -0.5622 0.5800 0.5895
vn -0.3676 -0.8461 0.3860
vn -0.6315 0.4041 0.6618
vn -0.2521 -0.9307 0.2651
vn -0.6941 -0.5845 0.4202
vn -0.5822 -0.7326 0.3527
vn -0.5822 0.7326 0.3527
vn -0.6941 0.5845 0.4202
vn -0.4520 -0.8489 0.2740
vn -0.7811 0.4080 0.4726
vn -0.3096 -0.9321 0.1879
vn -0.8366 0.2099 0.5060
vn -0.1598 -0.9824 0.0972
vn -0.8557 -0.0000 0.5174
vn -0.1598 0.9824 0.0972
vn -0.8366 -0.2099 0.5060
vn -0.3096 0.9321 0.1879
vn -0.7811 -0.4080 0.4726
vn -0.4520 0.8489 0.2740
vn -0.1785 0.9826 0.0504
vn -0.1785 -0.9826 0.0504
vn -0.9628 -0.0000 0.2702
vn -0.9410 -0.2117 0.2641
vn -0.3460 0.9332 0.0975
vn -0.8777 -0.4110 0.2464
vn -0.5056 0.8510 0.1423
vn -0.7788 -0.5879 0.2188
vn -0.6522 0.7356 0.1833
vn -0.6522 -0.7356 0.1833
vn -0.7788 0.5879 0.2188
vn -0.5056 -0.8510 0.1423
vn -0.8777 0.4110 0.2464
vn -0.3460 -0.9332 0.0975
vn -0.9410 0.2117 0.2641
vn -0.6762 0.7367 -0.0000
vn -0.8080 0.5891 -0.0000
vn -0.6762 -0.7367 -0.0000
vn -0.5240 -0.8517 -0.0000
vn -0.9111 0.4121 -0.0000
vn -0.3584 -0.9336 -0.0000
vn -0.9772 0.2124 -0.0000
vn -0.1850 -0.9827 -0.0000
vn -0.1850 0.9827 -0.0000
vn -0.9772 -0.2124 -0.0000
vn -0.3584 0.9336 -0.0000
vn -0.9111 -0.4121 -0.0000
vn -0.5240 0.8517 -0.0000
vn -0.8080 -0.5891 -0.0000
vn -0.9628 -0.0000 -0.2702
vn -0.9410 -0.2117 -0.2641
vn -0.1785 0.9826 -0.0504
vn -0.3460 0.9332 -0.0975
vn -0.8777 -0.4110 -0.2464
vn -0.5056 0.8510 -0.1423
vn -0.7788 -0.5879 -0.2188
vn -0.6522 0.7356 -0.1833
vn -0.6522 -0.7356 -0.1833
vn -0.7788 0.5879 -0.2188
vn -0.5056 -0.8510 -0.1423
vn -0.8777 0.4110 -0.2464
vn -0.3460 -0.9332 -0.0975
vn -0.9410 0.2117 -0.2641
vn -0.1785 -0.9826 -0.0504
vn -0.5822 -0.7326 -0.3527
vn -0.4520 -0.8489 -0.2740
vn -0.6941 0.5845 -0.4202
vn -0.7811 0.4081 -0.4726
vn -0.3096 -0.9321 -0.1879
vn -0.8366 0.2099 -0.5060
vn -0.1598 -0.9824 -0.0972
vn -0.8557 -0.0000 -0.5174
vn -0.1598 0.9824 -0.0972
vn -0.8366 -0.2099 -0.5060
vn -0.3096 0.9321 -0.1879
vn -0.7811 -0.4081 -0.4726
vn -0.4520 0.8489 -0.2740
vn -0.6941 -0.5845 -0.4202
vn -0.5822 0.7326 -0.3527
vn -0.6755 -0.2076 -0.7076
vn -0.6315 -0.4041 -0.6618
vn -0.2521 0.9307 -0.2651
vn -0.3676 0.8461 -0.3860
vn -0.5622 -0.5800 -0.5895
vn -0.4725 0.7286 -0.4958
vn -0.4725 -0.7286 -0.4958
vn -0.5622 0.5800 -0.5895
vn -0.3676 -0.8461 -0.3860
vn -0.6315 0.4041 -0.6618
vn -0.2521 -0.9307 -0.2651
vn -0.6755 0.2076 -0.7076
vn -0.1301 -0.9820 -0.1371
vn -0.6906 -0.0000 -0.7233
vn -0.1301 0.9820 -0.1371
vn -0.2589 -0.8433 -0.4709
vn -0.1778 -0.9293 -0.3238
vn -0.4422 0.4002 -0.8027
vn -0.4724 0.2053 -0.8571
vn -0.0918 -0.9816 -0.1675
vn -0.4827 -0.0000 -0.8758
vn -0.0918 0.9816 -0.1675
vn -0.4724 -0.2053 -0.8571
vn -0.1778 0.9293 -0.3238
vn -0.4422 -0.4002 -0.8027
vn -0.2589 0.8433 -0.4709
vn -0.3944 -0.5756 -0.7163
vn -0.3322 0.7247 -0.6037
vn -0.3322 -0.7247 -0.6037
vn -0.3944 0.5756 -0.7163
vn -0.0919 0.9282 -0.3605
vn -0.1336 0.8413 -0.5238
vn -0.2273 -0.3974 -0.8890
vn -0.2030 -0.5724 -0.7945
vn -0.1712 0.7218 -0.6705
vn -0.1712 -0.7218 -0.6705
vn -0.2030 0.5724 -0.7945
vn -0.1336 -0.8413 -0.5238
vn -0.2273 0.3974 -0.8890
vn -0.0919 -0.9282 -0.3605
vn -0.2426 0.2037 -0.9485
vn -0.0474 -0.9813 -0.1865
vn -0.2478 -0.0000 -0.9688
vn -0.0474 0.9813 -0.1865
vn -0.2426 -0.2037 -0.9485
vn -0.0000 0.4685 -0.8835
vn -0.0000 0.6500 -0.7599
vn 0.1718 0.6530 -0.7376
vn 0.2005 0.4714 -0.8588
vn -0.0000 -0.9507 -0.3100
vn -0.0000 -0.8860 -0.4637
vn 0.1041 -0.8875 -0.4488
vn 0.0693 -0.9515 -0.2999
vn -0.0000 0.2467 -0.9691
vn 0.2205 0.2486 -0.9432
vn -0.0000 -0.9876 -0.1573
vn 0.0349 -0.9877 -0.1521
vn 0.2278 -0.0000 -0.9737
vn -0.0000 0.9876 -0.1573
vn 0.0349 0.9877 -0.1521
vn -0.0000 -0.2467 -0.9691
vn 0.2205 -0.2486 -0.9432
vn -0.0000 0.9507 -0.3100
vn 0.0693 0.9515 -0.2999
vn -0.0000 -0.4685 -0.8835
vn 0.2005 -0.4714 -0.8588
vn -0.0000 0.8860 -0.4637
vn 0.1041 0.8875 -0.4488
vn -0.0000 -0.6500 -0.7599
vn 0.1718 -0.6530 -0.7376
vn -0.0000 0.7879 -0.6159
vn 0.1387 0.7903 -0.5969
vn -0.0000 -0.7879 -0.6159
vn 0.1387 -0.7903 -0.5969
vn 0.2705 0.7969 -0.5401
vn 0.3364 0.6615 -0.6703
vn 0.2705 -0.7969 -0.5401
vn 0.2023 -0.8917 -0.4049
vn 0.3942 0.4798 -0.7838
vn 0.1345 -0.9534 -0.2700
vn 0.4352 0.2539 -0.8638
vn 0.0678 -0.9882 -0.1370
vn 0.4502 -0.0000 -0.8929
vn 0.0678 0.9882 -0.1370
vn 0.4352 -0.2539 -0.8638
vn 0.1345 0.9534 -0.2700
vn 0.3942 -0.4798 -0.7838
vn 0.2023 0.8917 -0.4049
vn 0.3364 -0.6615 -0.6703
vn 0.6579 -0.0000 -0.7531
vn 0.6347 -0.2617 -0.7271
vn 0.0965 0.9889 -0.1126
vn 0.1913 0.9562 -0.2217
vn 0.5720 -0.4918 -0.6565
vn 0.2885 0.8976 -0.3334
vn 0.4849 -0.6736 -0.5578
vn 0.3875 0.8063 -0.4468
vn 0.3875 -0.8063 -0.4468
vn 0.4849 0.6736 -0.5578
vn 0.2885 -0.8976 -0.3334
vn 0.5720 0.4918 -0.6565
vn 0.1913 -0.9562 -0.2217
vn 0.6347 0.2617 -0.7271
vn 0.0965 -0.9889 -0.1126
vn 0.4811 -0.8160 -0.3203
vn 0.3564 -0.9035 -0.2379
vn 0.6058 0.6864 -0.4024
vn 0.7196 0.5048 -0.4768
vn 0.2357 -0.9589 -0.1578
vn 0.8032 0.2702 -0.5310
vn 0.1190 -0.9896 -0.0802
vn 0.8344 -0.0000 -0.5512
vn 0.1190 0.9896 -0.0802
vn 0.8032 -0.2702 -0.5310
vn 0.2357 0.9589 -0.1578
vn 0.7196 -0.5048 -0.4768
vn 0.3564 0.9035 -0.2379
vn 0.6058 -0.6864 -0.4024
vn 0.4811 0.8160 -0.3203
vn 0.1335 0.9902 -0.0417
vn 0.2642 0.9610 -0.0821
vn 0.9187 -0.2768 -0.2818
vn 0.8194 -0.5148 -0.2519
vn 0.4002 0.9080 -0.1240
vn 0.6861 -0.6961 -0.2115
vn 0.5422 0.8234 -0.1675
vn 0.5422 -0.8234 -0.1675
vn 0.6861 0.6961 -0.2115
vn 0.4002 -0.9080 -0.1240
vn 0.8194 0.5148 -0.2519
vn 0.2641 -0.9610 -0.0821
vn 0.9187 0.2768 -0.2818
vn 0.1335 -0.9902 -0.0417
vn 0.9561 -0.0000 -0.2930
vn 0.7143 0.6998 -0.0000
vn 0.8550 0.5187 -0.0000
vn 0.4154 -0.9096 -0.0000
vn 0.2740 -0.9617 -0.0000
vn 0.9602 0.2794 -0.0000
vn 0.1385 -0.9904 -0.0000
vn 0.1385 0.9904 -0.0000
vn 0.9602 -0.2794 -0.0000
vn 0.2740 0.9617 -0.0000
vn 0.8550 -0.5187 -0.0000
vn 0.4154 0.9096 -0.0000
vn 0.7143 -0.6998 -0.0000
vn 0.5635 0.8261 -0.0000
vn 0.5635 -0.8261 -0.0000
vn 0.9187 -0.2768 0.2818
vn 0.8194 -0.5148 0.2519
vn 0.2642 0.9610 0.0821
vn 0.4002 0.9080 0.1240
vn 0.6861 -0.6961 0.2115
vn 0.5422 0.8234 0.1675
vn 0.5422 -0.8234 0.1675
vn 0.6861 0.6961 0.2115
vn 0.4002 -0.9080 0.1240
vn 0.8194 0.5148 0.2519
vn 0.2642 -0.9610 0.0821
vn 0.9187 0.2768 0.2818
vn 0.1335 -0.9902 0.0417
vn 0.9561 -0.0000 0.2930
vn 0.1335 0.9902 0.0417
vn 0.3564 -0.9035 0.2379
vn 0.2357 -0.9589 0.1578
vn 0.7196 0.5048 0.4768
vn 0.8032 0.2702 0.5310
vn 0.1190 -0.9896 0.0802
vn 0.8344 -0.0000 0.5512
vn 0.1190 0.9896 0.0802
vn 0.8032 -0.2702 0.5310
vn 0.2357 0.9589 0.1578
vn 0.7196 -0.5048 0.4768
vn 0.3564 0.9035 0.2379
vn 0.6058 -0.6864 0.4024
vn 0.4811 0.8160 0.3203
vn 0.4811 -0.8160 0.3203
vn 0.6058 0.6864 0.4024
vn 0.5720 -0.4918 0.6565
vn 0.4849 -0.6736 0.5578
vn 0.2885 0.8976 0.3334
vn 0.3875 0.8063 0.4468
vn 0.3875 -0.8063 0.4468
vn 0.4849 0.6736 0.5578
vn 0.2885 -0.8976 0.3334
vn 0.5720 0.4918 0.6565
vn 0.1913 -0.9562 0.2217
vn 0.6347 0.2617 0.7271
vn 0.0965 -0.9889 0.1126
vn 0.6579 -0.0000 0.7531
vn 0.0965 0.9889 0.1126
vn 0.6347 -0.2617 0.7271
vn 0.1913 0.9562 0.2217
vn 0.1345 -0.9534 0.2700
vn 0.0678 -0.9882 0.1370
vn 0.4352 0.2539 0.8638
vn 0.4502 -0.0000 0.8929
vn 0.0678 0.9882 0.1370
vn 0.4352 -0.2539 0.8638
vn 0.1345 0.9534 0.2700
vn 0.3942 -0.4798 0.7838
vn 0.2023 0.8917 0.4049
vn 0.3364 -0.6615 0.6703
vn 0.2705 0.7969 0.5401
vn 0.2705 -0.7969 0.5401
vn 0.3364 0.6615 0.6703
vn 0.2023 -0.8917 0.4049
vn 0.3942 0.4798 0.7838
vn 0.1041 0.8875 0.4488
vn 0.1387 0.7903 0.5969
vn 0.1718 -0.6530 0.7376
vn 0.1387 -0.7903 0.5969
vn 0.1718 0.6530 0.7376
vn 0.1041 -0.8875 0.4488
vn 0.2005 0.4714 0.8588
vn 0.0693 -0.9515 0.2999
vn 0.2205 0.2486 0.9432
vn 0.0349 -0.9877 0.1521
vn 0.2278 -0.0000 0.9737
vn 0.0349 0.9877 0.1521
vn 0.2205 -0.2486 0.9432
vn 0.0693 0.9515 0.2999
vn 0.2005 -0.4714 0.8588
vn -0.0000 0.2467 0.9691
vn -0.0000 0.9876 0.1573
vn -0.0000 -0.9876 0.1573
vn -0.0000 -0.2467 0.9691
vn -0.0000 0.9507 0.3100
vn -0.0000 -0.4685 0.8835
vn -0.0000 0.8860 0.4637
vn -0.0000 -0.6500 0.7599
vn -0.0000 0.7879 0.6159
vn -0.0000 -0.7879 0.6159
vn -0.0000 0.6500 0.7599
vn -0.0000 -0.8860 0.4637
vn -0.0000 0.4685 0.8835
vn -0.0000 -0.9507 0.3100
vn -0.1718 -0.6530 0.7376
vn -0.1387 -0.7903 0.5969
vn -0.1387 0.7903 0.5969
vn -0.1718 0.6530 0.7376
vn -0.1041 -0.8875 0.4488
vn -0.2005 0.4714 0.8588
vn -0.0693 -0.9515 0.2999
vn -0.2205 0.2486 0.9432
vn -0.0349 -0.9877 0.1521
vn -0.2278 -0.0000 0.9737
vn -0.0349 0.9877 0.1521
vn -0.2205 -0.2486 0.9432
vn -0.0693 0.9515 0.2999
vn -0.2005 -0.4714 0.8588
vn -0.1041 0.8875 0.4488
vn -0.0678 0.9882 0.1370
vn -0.0678 -0.9882 0.1370
vn -0.4502 -0.0000 0.8929
vn -0.4352 -0.2539 0.8638
vn -0.1345 0.9534 0.2700
vn -0.3942 -0.4798 0.7838
vn -0.2023 0.8917 0.4049
vn -0.3364 -0.6615 0.6703
vn -0.2705 0.7969 0.5401
vn -0.2705 -0.7969 0.5401
vn -0.3364 0.6615 0.6703
vn -0.2023 -0.8917 0.4049
vn -0.3942 0.4798 0.7838
vn -0.1345 -0.9534 0.2700
vn -0.4352 0.2539 0.8638
vn -0.3875 0.8063 0.4468
vn -0.4849 0.6736 0.5578
vn -0.3875 -0.8063 0.4468
vn -0.2885 -0.8976 0.3334
vn -0.5720 0.4918 0.6565
vn -0.1913 -0.9562 0.2217
vn -0.6347 0.2617 0.7271
vn -0.0965 -0.9889 0.1126
vn -0.6579 -0.0000 0.7531
vn -0.0965 0.9889 0.1126
vn -0.6347 -0.2617 0.7271
vn -0.1913 0.9562 0.2217
vn -0.5720 -0.4918 0.6565
vn -0.2885 0.8976 0.3334
vn -0.4849 -0.6736 0.5578
vn -0.8344 -0.0000 0.5512
vn -0.8032 -0.2702 0.5310
vn -0.1190 0.9896 0.0802
vn -0.2357 0.9589 0.1578
vn -0.7196 -0.5048 0.4768
vn -0.3564 0.9035 0.2379
vn -0.6058 -0.6864 0.4024
vn -0.4811 0.8160 0.3203
vn -0.4811 -0.8160 0.3203
vn -0.6058 0.6864 0.4024
vn -0.3564 -0.9035 0.2379
vn -0.7196 0.5048 0.4768
vn -0.2357 -0.9589 0.1578
vn -0.8032 0.2702 0.5310
vn -0.1190 -0.9896 0.0802
vn -0.5422 -0.8234 0.1675
vn -0.4002 -0.9080 0.1240
vn -0.6861 0.6961 0.2115
vn -0.8194 0.5148 0.2519
vn -0.2642 -0.9610 0.0821
vn -0.9187 0.2768 0.2818
vn -0.1335 -0.9902 0.0417
vn -0.9561 -0.0000 0.2930
vn -0.1335 0.9902 0.0417
vn -0.9187 -0.2768 0.2818
vn -0.2642 0.9610 0.0821
vn -0.8194 -0.5148 0.2519
vn -0.4002 0.9080 0.1240
vn -0.6861 -0.6961 0.2115
vn -0.5422 0.8234 0.1675
vn -0.9602 -0.2794 -0.0000
vn -0.8550 -0.5187 -0.0000
vn -0.2740 0.9617 -0.0000
vn -0.4154 0.9096 -0.0000
vn -0.7143 -0.6998 -0.0000
vn -0.5635 0.8261 -0.0000
vn -0.5635 -0.8261 -0.0000
vn -0.7143 0.6998 -0.0000
vn -0.4154 -0.9096 -0.0000
vn -0.8550 0.5187 -0.0000
vn -0.2740 -0.9617 -0.0000
vn -0.9602 0.2794 -0.0000
vn -0.1385 -0.9904 -0.0000
vn -0.1385 0.9904 -0.0000
vn -0.4002 -0.9080 -0.1240
vn -0.2642 -0.9610 -0.0821
vn -0.8194 0.5148 -0.2519
vn -0.9187 0.2768 -0.2818
vn -0.1335 -0.9902 -0.0417
vn -0.9561 -0.0000 -0.2930
vn -0.1335 0.9902 -0.0417
vn -0.9187 -0.2768 -0.2818
vn -0.2642 0.9610 -0.0821
vn -0.8194 -0.5148 -0.2519
vn -0.4002 0.9080 -0.1240
vn -0.6861 -0.6961 -0.2115
vn -0.5422 0.8234 -0.1675
vn -0.5422 -0.8234 -0.1675
vn -0.6861 0.6961 -0.2115
vn -0.2357 0.9589 -0.1578
vn -0.3564 0.9035 -0.2379
vn -0.7196 -0.5048 -0.4768
vn -0.6058 -0.6864 -0.4024
vn -0.4811 0.8160 -0.3203
vn -0.4811 -0.8160 -0.3203
vn -0.6058 0.6864 -0.4024
vn -0.3564 -0.9035 -0.2379
vn -0.7196 0.5048 -0.4768
vn -0.2357 -0.9589 -0.1578
vn -0.8032 0.2702 -0.5310
vn -0.1190 -0.9896 -0.0802
vn -0.8344 -0.0000 -0.5512
vn -0.1190 0.9896 -0.0802
vn -0.8032 -0.2702 -0.5310
vn -0.5720 0.4918 -0.6565
vn -0.6347 0.2617 -0.7271
vn -0.1913 -0.9562 -0.2217
vn -0.0965 -0.9889 -0.1126
vn -0.6579 -0.0000 -0.7531
vn -0.0965 0.9889 -0.1126
vn -0.6347 -0.2617 -0.7271
vn -0.1913 0.9562 -0.2217
vn -0.5720 -0.4918 -0.6565
vn -0.2885 0.8976 -0.3334
vn -0.4849 -0.6736 -0.5578
vn -0.3875 0.8063 -0.4468
vn -0.3875 -0.8063 -0.4468
vn -0.4849 0.6736 -0.5578
vn -0.2885 -0.8976 -0.3334
vn -0.3942 -0.4798 -0.7838
vn -0.3364 -0.6615 -0.6703
vn -0.2023 0.8917 -0.4049
vn -0.2705 0.7969 -0.5401
vn -0.2705 -0.7969 -0.5401
vn -0.3364 0.6615 -0.6703
vn -0.2023 -0.8917 -0.4049
vn -0.3942 0.4798 -0.7838
vn -0.1345 -0.9534 -0.2700
vn -0.4352 0.2539 -0.8638
vn -0.0678 -0.9882 -0.1370
vn -0.4502 -0.0000 -0.8929
vn -0.0678 0.9882 -0.1370
vn -0.4352 -0.2539 -0.8638
vn -0.1345 0.9534 -0.2700
vn -0.0693 -0.9515 -0.2999
vn -0.0349 -0.9877 -0.1521
vn -0.2205 0.2486 -0.9432
vn -0.2278 -0.0000 -0.9737
vn -0.0349 0.9877 -0.1521
vn -0.2205 -0.2486 -0.9432
vn -0.0693 0.9515 -0.2999
vn -0.2005 -0.4714 -0.8588
vn -0.1041 0.8875 -0.4488
vn -0.1718 -0.6530 -0.7376
vn -0.1387 0.7903 -0.5969
vn -0.1387 -0.7903 -0.5969
vn -0.1718 0.6530 -0.7376
vn -0.1041 -0.8875 -0.4488
vn -0.2005 0.4714 -0.8588
vn -0.0000 0.8596 -0.5109
vn 0.1853 0.8703 -0.4562
vn -0.0000 -0.8596 -0.5109
vn 0.1853 -0.8703 -0.4562
vn -0.0000 -0.5804 -0.8143
vn -0.0000 -0.2841 -0.9588
vn 0.3789 -0.3014 -0.8750
vn 0.3123 -0.6036 -0.7336
vn -0.0000 0.2841 -0.9588
vn 0.3789 0.3014 -0.8750
vn 0.3989 -0.0000 -0.9170
vn -0.0000 0.5804 -0.8143
vn 0.3123 0.6036 -0.7336
vn 0.7476 0.3433 -0.5686
vn 0.7983 -0.0000 -0.6022
vn 0.3460 0.8942 -0.2841
vn 0.5951 0.6559 -0.4644
vn 0.5951 -0.6559 -0.4644
vn 0.3460 -0.8942 -0.2841
vn 0.7476 -0.3433 -0.5686
vn 0.7278 -0.6857 -0.0000
vn 0.4193 -0.9078 -0.0000
vn 0.9298 -0.3680 -0.0000
vn 0.7278 0.6857 -0.0000
vn 0.9298 0.3680 -0.0000
vn 0.4193 0.9078 -0.0000
vn 0.5951 0.6559 0.4644
vn 0.7476 0.3433 0.5686
vn 0.3460 0.8942 0.2841
vn 0.3460 -0.8942 0.2841
vn 0.7476 -0.3433 0.5686
vn 0.5951 -0.6559 0.4644
vn 0.7983 -0.0000 0.6022
vn 0.1853 -0.8703 0.4562
vn 0.3789 -0.3014 0.8750
vn 0.3123 -0.6036 0.7336
vn 0.3789 0.3014 0.8750
vn 0.3989 -0.0000 0.9170
vn 0.1853 0.8703 0.4562
vn 0.3123 0.6036 0.7336
vn -0.0000 0.8596 0.5109
vn -0.0000 0.5804 0.8143
vn -0.0000 -0.5804 0.8143
vn -0.0000 -0.8596 0.5109
vn -0.0000 -0.2841 0.9588
vn -0.0000 0.2841 0.9588
vn -0.3123 -0.6036 0.7336
vn -0.1853 -0.8703 0.4562
vn -0.3989 -0.0000 0.9170
vn -0.3789 -0.3014 0.8750
vn -0.3123 0.6036 0.7336
vn -0.3789 0.3014 0.8750
vn -0.1853 0.8703 0.4562
vn -0.3460 0.8942 0.2841
vn -0.3460 -0.8942 0.2841
vn -0.7476 -0.3433 0.5686
vn -0.5951 -0.6559 0.4644
vn -0.7476 0.3433 0.5686
vn -0.7983 -0.0000 0.6022
vn -0.5951 0.6559 0.4644
vn -0.9298 -0.3680 -0.0000
vn -0.7278 -0.6857 -0.0000
vn -0.9298 0.3680 -0.0000
vn -0.4193 0.9078 -0.0000
vn -0.7278 0.6857 -0.0000
vn -0.4193 -0.9078 -0.0000
vn -0.5951 -0.6559 -0.4644
vn -0.3460 -0.8942 -0.2841
vn -0.7983 -0.0000 -0.6022
vn -0.7476 -0.3433 -0.5686
vn -0.5951 0.6559 -0.4644
vn -0.7476 0.3433 -0.5686
vn -0.3460 0.8942 -0.2841
vn -0.3989 -0.0000 -0.9170
vn -0.3789 -0.3014 -0.8750
vn -0.3123 0.6036 -0.7336
vn -0.3789 0.3014 -0.8750
vn -0.1853 0.8703 -0.4562
vn -0.1853 -0.8703 -0.4562
vn -0.3123 -0.6036 -0.7336
vn -0.0000 -0.1027 -0.9947
vn 0.2087 -0.0000 -0.9780
vn 0.2075 -0.1040 -0.9727
vn -0.0000 0.7819 -0.6234
vn -0.0000 0.9324 -0.3614
vn 0.0732 0.9337 -0.3504
vn 0.1281 0.7855 -0.6054
vn -0.0000 -0.2103 -0.9776
vn 0.2038 -0.2129 -0.9556
vn -0.0000 0.6143 -0.7891
vn 0.1634 0.6191 -0.7682
vn -0.0000 -0.3280 -0.9447
vn 0.1967 -0.3317 -0.9226
vn -0.0000 0.4613 -0.8872
vn 0.1844 0.4659 -0.8654
vn -0.0000 -0.4613 -0.8872
vn 0.1844 -0.4659 -0.8654
vn -0.0000 0.3280 -0.9447
vn 0.1967 0.3317 -0.9226
vn -0.0000 -0.6143 -0.7891
vn 0.1634 -0.6191 -0.7682
vn -0.0000 0.2103 -0.9776
vn 0.2038 0.2129 -0.9556
vn -0.0000 -0.7819 -0.6234
vn 0.1281 -0.7855 -0.6054
vn -0.0000 0.1027 -0.9947
vn 0.2075 0.1040 -0.9727
vn -0.0000 -0.9324 -0.3614
vn 0.0732 -0.9337 -0.3504
vn 0.2513 -0.7957 -0.5511
vn 0.1429 -0.9374 -0.3175
vn 0.4154 0.1079 -0.9032
vn 0.4179 -0.0000 -0.9085
vn 0.1429 0.9374 -0.3175
vn 0.4154 -0.1079 -0.9032
vn 0.2513 0.7957 -0.5511
vn 0.4075 -0.2205 -0.8862
vn 0.3227 0.6326 -0.7041
vn 0.3924 -0.3426 -0.8536
vn 0.3663 0.4791 -0.7976
vn 0.3663 -0.4791 -0.7976
vn 0.3924 0.3426 -0.8536
vn 0.3227 -0.6326 -0.7041
vn 0.4075 0.2205 -0.8862
vn 0.5815 -0.3592 -0.7299
vn 0.5396 -0.4990 -0.6781
vn 0.5396 0.4990 -0.6781
vn 0.5815 0.3592 -0.7299
vn 0.4712 -0.6524 -0.5936
vn 0.6063 0.2321 -0.7606
vn 0.3632 -0.8102 -0.4601
vn 0.6194 0.1138 -0.7768
vn 0.2052 -0.9426 -0.2634
vn 0.6235 -0.0000 -0.7818
vn 0.2052 0.9426 -0.2634
vn 0.6194 -0.1138 -0.7768
vn 0.3632 0.8102 -0.4601
vn 0.6063 -0.2321 -0.7606
vn 0.4712 0.6524 -0.5936
vn 0.2556 0.9480 -0.1895
vn 0.2556 -0.9480 -0.1895
vn 0.8103 -0.0000 -0.5860
vn 0.8044 -0.1208 -0.5817
vn 0.4555 0.8256 -0.3332
vn 0.7854 -0.2456 -0.5682
vn 0.5974 0.6740 -0.4345
vn 0.7498 -0.3782 -0.5429
vn 0.6908 0.5214 -0.5010
vn 0.6908 -0.5214 -0.5010
vn 0.7498 0.3782 -0.5429
vn 0.5974 -0.6740 -0.4345
vn 0.7854 0.2456 -0.5682
vn 0.4555 -0.8256 -0.3332
vn 0.8044 0.1208 -0.5817
vn 0.7980 0.5396 -0.2685
vn 0.8713 0.3940 -0.2926
vn 0.7980 -0.5396 -0.2685
vn 0.6847 -0.6912 -0.2311
vn 0.9162 0.2570 -0.3074
vn 0.5175 -0.8374 -0.1757
vn 0.9405 0.1267 -0.3154
vn 0.2891 -0.9521 -0.0995
vn 0.9481 -0.0000 -0.3179
vn 0.2891 0.9521 -0.0995
vn 0.9405 -0.1267 -0.3154
vn 0.5175 0.8374 -0.1757
vn 0.9162 -0.2570 -0.3074
vn 0.6847 0.6912 -0.2311
vn 0.8713 -0.3940 -0.2926
vn 0.9916 -0.1291 -0.0000
vn 0.3009 0.9537 -0.0000
vn 0.5396 0.8419 -0.0000
vn 0.9652 -0.2615 -0.0000
vn 0.7163 0.6978 -0.0000
vn 0.9164 -0.4003 -0.0000
vn 0.8373 0.5467 -0.0000
vn 0.8373 -0.5467 -0.0000
vn 0.9164 0.4003 -0.0000
vn 0.7163 -0.6978 -0.0000
vn 0.9652 0.2615 -0.0000
vn 0.5396 -0.8419 -0.0000
vn 0.9916 0.1291 -0.0000
vn 0.3009 -0.9537 -0.0000
vn 0.7980 -0.5396 0.2685
vn 0.6847 -0.6912 0.2311
vn 0.8713 0.3940 0.2926
vn 0.9162 0.2570 0.3074
vn 0.5175 -0.8374 0.1757
vn 0.9405 0.1267 0.3154
vn 0.2891 -0.9521 0.0995
vn 0.9481 -0.0000 0.3179
vn 0.2891 0.9521 0.0995
vn 0.9405 -0.1267 0.3154
vn 0.5175 0.8374 0.1757
vn 0.9162 -0.2570 0.3074
vn 0.6847 0.6912 0.2311
vn 0.8713 -0.3940 0.2926
vn 0.7980 0.5396 0.2685
vn 0.2556 0.9480 0.1895
vn 0.4555 0.8256 0.3332
vn 0.8044 -0.1208 0.5817
vn 0.7854 -0.2456 0.5682
vn 0.5974 0.6740 0.4345
vn 0.7498 -0.3782 0.5429
vn 0.6908 0.5214 0.5010
vn 0.6908 -0.5214 0.5010
vn 0.7498 0.3782 0.5429
vn 0.5974 -0.6740 0.4345
vn 0.7854 0.2456 0.5682
vn 0.4555 -0.8256 0.3332
vn 0.8044 0.1208 0.5817
vn 0.2556 -0.9480 0.1895
vn 0.8103 -0.0000 0.5860
vn 0.5815 0.3592 0.7299
vn 0.6063 0.2321 0.7606
vn 0.4712 -0.6524 0.5936
vn 0.3632 -0.8102 0.4601
vn 0.6194 0.1138 0.7768
vn 0.2052 -0.9426 0.2634
vn 0.6235 -0.0000 0.7818
vn 0.2052 0.9426 0.2634
vn 0.6194 -0.1138 0.7768
vn 0.3632 0.8102 0.4601
vn 0.6063 -0.2321 0.7606
vn 0.4712 0.6524 0.5936
vn 0.5815 -0.3592 0.7299
vn 0.5396 0.4990 0.6781
vn 0.5396 -0.4990 0.6781
vn 0.4154 -0.1079 0.9032
vn 0.4075 -0.2205 0.8862
vn 0.2513 0.7957 0.5511
vn 0.3227 0.6326 0.7041
vn 0.3924 -0.3426 0.8536
vn 0.3663 0.4791 0.7976
vn 0.3663 -0.4792 0.7976
vn 0.3924 0.3426 0.8536
vn 0.3227 -0.6326 0.7041
vn 0.4075 0.2205 0.8862
vn 0.2513 -0.7957 0.5511
vn 0.4154 0.1079 0.9032
vn 0.1429 -0.9374 0.3175
vn 0.4179 -0.0000 0.9085
vn 0.1429 0.9374 0.3175
vn 0.1634 -0.6191 0.7682
vn 0.1281 -0.7855 0.6054
vn 0.2038 0.2129 0.9556
vn 0.2075 0.1040 0.9727
vn 0.0732 -0.9337 0.3504
vn 0.2087 -0.0000 0.9780
vn 0.0732 0.9337 0.3504
vn 0.2075 -0.1040 0.9727
vn 0.1281 0.7855 0.6054
vn 0.2038 -0.2129 0.9556
vn 0.1634 0.6191 0.7682
vn 0.1967 -0.3317 0.9226
vn 0.1844 0.4659 0.8654
vn 0.1844 -0.4659 0.8654
vn 0.1967 0.3317 0.9226
vn -0.0000 -0.2103 0.9776
vn -0.0000 -0.3280 0.9447
vn -0.0000 0.6143 0.7891
vn -0.0000 0.4613 0.8872
vn -0.0000 -0.4613 0.8872
vn -0.0000 0.3280 0.9447
vn -0.0000 -0.6143 0.7891
vn -0.0000 0.2103 0.9776
vn -0.0000 -0.7819 0.6234
vn -0.0000 0.1027 0.9947
vn -0.0000 -0.9324 0.3614
vn -0.0000 0.9324 0.3614
vn -0.0000 -0.1027 0.9947
vn -0.0000 0.7819 0.6234
vn -0.1281 -0.7855 0.6054
vn -0.0732 -0.9337 0.3504
vn -0.2075 0.1040 0.9727
vn -0.2087 -0.0000 0.9780
vn -0.0732 0.9337 0.3504
vn -0.2075 -0.1040 0.9727
vn -0.1281 0.7855 0.6054
vn -0.2038 -0.2129 0.9556
vn -0.1634 0.6191 0.7682
vn -0.1967 -0.3317 0.9226
vn -0.1844 0.4659 0.8654
vn -0.1844 -0.4659 0.8654
vn -0.1967 0.3317 0.9226
vn -0.1634 -0.6191 0.7682
vn -0.2038 0.2129 0.9556
vn -0.3227 0.6326 0.7041
vn -0.3663 0.4791 0.7976
vn -0.3924 -0.3426 0.8536
vn -0.3663 -0.4791 0.7976
vn -0.3924 0.3426 0.8536
vn -0.3227 -0.6326 0.7041
vn -0.4075 0.2205 0.8862
vn -0.2513 -0.7957 0.5511
vn -0.4154 0.1079 0.9032
vn -0.1429 -0.9374 0.3175
vn -0.4179 -0.0000 0.9085
vn -0.1429 0.9374 0.3175
vn -0.4154 -0.1079 0.9032
vn -0.2513 0.7957 0.5511
vn -0.4075 -0.2205 0.8862
vn -0.6194 0.1138 0.7768
vn -0.6235 -0.0000 0.7818
vn -0.2052 0.9426 0.2634
vn -0.2052 -0.9426 0.2634
vn -0.6194 -0.1138 0.7768
vn -0.3632 0.8102 0.4601
vn -0.6063 -0.2321 0.7606
vn -0.4712 0.6524 0.5936
vn -0.5815 -0.3592 0.7299
vn -0.5396 0.4990 0.6781
vn -0.5396 -0.4990 0.6781
vn -0.5815 0.3592 0.7299
vn -0.4712 -0.6524 0.5936
vn -0.6063 0.2321 0.7606
vn -0.3632 -0.8102 0.4601
vn -0.7498 -0.3782 0.5429
vn -0.6908 -0.5214 0.5010
vn -0.6908 0.5214 0.5010
vn -0.7498 0.3782 0.5429
vn -0.5974 -0.6740 0.4345
vn -0.7854 0.2456 0.5682
vn -0.4555 -0.8256 0.3332
vn -0.8044 0.1208 0.5817
vn -0.2556 -0.9480 0.1895
vn -0.8103 -0.0000 0.5860
vn -0.2556 0.9480 0.1895
vn -0.8044 -0.1208 0.5817
vn -0.4555 0.8256 0.3332
vn -0.7854 -0.2456 0.5682
vn -0.5974 0.6740 0.4345
vn -0.2891 0.9521 0.0995
vn -0.2891 -0.9521 0.0995
vn -0.9481 -0.0000 0.3179
vn -0.9405 -0.1267 0.3154
vn -0.5175 0.8374 0.1757
vn -0.9162 -0.2570 0.3074
vn -0.6847 0.6912 0.2311
vn -0.8713 -0.3940 0.2926
vn -0.7980 0.5396 0.2685
vn -0.7980 -0.5396 0.2685
vn -0.8713 0.3940 0.2926
vn -0.6847 -0.6912 0.2311
vn -0.9162 0.2570 0.3074
vn -0.5175 -0.8374 0.1757
vn -0.9405 0.1267 0.3154
vn -0.8373 0.5467 -0.0000
vn -0.9164 0.4003 -0.0000
vn -0.8373 -0.5467 -0.0000
vn -0.7163 -0.6978 -0.0000
vn -0.9652 0.2615 -0.0000
vn -0.5396 -0.8419 -0.0000
vn -0.9916 0.1291 -0.0000
vn -0.3009 -0.9537 -0.0000
vn -0.3009 0.9537 -0.0000
vn -0.9916 -0.1291 -0.0000
vn -0.5396 0.8419 -0.0000
vn -0.9652 -0.2615 -0.0000
vn -0.7163 0.6978 -0.0000
vn -0.9164 -0.4003 -0.0000
vn -0.9481 -0.0000 -0.3179
vn -0.9405 -0.1267 -0.3154
vn -0.2891 0.9521 -0.0995
vn -0.5175 0.8374 -0.1757
vn -0.9162 -0.2570 -0.3074
vn -0.6847 0.6912 -0.2311
vn -0.8713 -0.3940 -0.2926
vn -0.7980 0.5396 -0.2685
vn -0.7980 -0.5396 -0.2685
vn -0.8713 0.3940 -0.2926
vn -0.6847 -0.6912 -0.2311
vn -0.9162 0.2570 -0.3074
vn -0.5175 -0.8374 -0.1757
vn -0.9405 0.1267 -0.3154
vn -0.2891 -0.9521 -0.0995
vn -0.6908 -0.5214 -0.5010
vn -0.5974 -0.6740 -0.4345
vn -0.7498 0.3782 -0.5429
vn -0.7854 0.2456 -0.5682
vn -0.4555 -0.8256 -0.3332
vn -0.8044 0.1208 -0.5817
vn -0.2556 -0.9480 -0.1895
vn -0.8103 -0.0000 -0.5860
vn -0.2557 0.9480 -0.1895
vn -0.8044 -0.1208 -0.5817
vn -0.4555 0.8256 -0.3332
vn -0.7854 -0.2456 -0.5682
vn -0.5974 0.6740 -0.4345
vn -0.7498 -0.3782 -0.5429
vn -0.6908 0.5214 -0.5010
vn -0.6194 -0.1138 -0.7768
vn -0.6063 -0.2321 -0.7606
vn -0.3632 0.8102 -0.4601
vn -0.4712 0.6524 -0.5936
vn -0.5815 -0.3592 -0.7299
vn -0.5396 0.4990 -0.6781
vn -0.5396 -0.4990 -0.6781
vn -0.5815 0.3592 -0.7299
vn -0.4712 -0.6524 -0.5936
vn -0.6063 0.2321 -0.7606
vn -0.3632 -0.8102 -0.4601
vn -0.6194 0.1138 -0.7768
vn -0.2052 -0.9426 -0.2634
vn -0.6235 -0.0000 -0.7818
vn -0.2052 0.9426 -0.2634
vn -0.3227 -0.6326 -0.7041
vn -0.2513 -0.7957 -0.5511
vn -0.4075 0.2205 -0.8862
vn -0.4154 0.1079 -0.9032
vn -0.1429 -0.9374 -0.3175
vn -0.4179 -0.0000 -0.9085
vn -0.1429 0.9374 -0.3175
vn -0.4154 -0.1079 -0.9032
vn -0.2513 0.7957 -0.5511
vn -0.4075 -0.2205 -0.8862
vn -0.3227 0.6326 -0.7041
vn -0.3924 -0.3426 -0.8536
vn -0.3663 0.4791 -0.7976
vn -0.3663 -0.4792 -0.7976
vn -0.3924 0.3426 -0.8536
vn -0.1281 0.7855 -0.6054
vn -0.1634 0.6191 -0.7682
vn -0.2038 -0.2129 -0.9556
vn -0.1967 -0.3317 -0.9226
vn -0.1844 0.4659 -0.8654
vn -0.1844 -0.4659 -0.8654
vn -0.1967 0.3317 -0.9226
vn -0.1634 -0.6191 -0.7682
vn -0.2038 0.2129 -0.9556
vn -0.1281 -0.7855 -0.6054
vn -0.2075 0.1040 -0.9727
vn -0.0732 -0.9337 -0.3504
vn -0.2087 -0.0000 -0.9780
vn -0.0732 0.9337 -0.3504
vn -0.2075 -0.1040 -0.9727
vn -0.0000 -0.1473 -0.9891
vn 0.2738 -0.0000 -0.9618
vn 0.2705 -0.1538 -0.9504
vn -0.0000 0.3170 -0.9484
vn -0.0000 0.5379 -0.8430
vn 0.2265 0.5537 -0.8013
vn 0.2582 0.3295 -0.9082
vn -0.0000 -0.8204 -0.5718
vn 0.1475 -0.8293 -0.5390
vn -0.0000 -0.3170 -0.9484
vn 0.2582 -0.3295 -0.9082
vn -0.0000 0.1473 -0.9891
vn 0.2705 0.1538 -0.9504
vn -0.0000 0.8204 -0.5718
vn 0.1475 0.8293 -0.5390
vn -0.0000 -0.5379 -0.8430
vn 0.2265 -0.5537 -0.8013
vn 0.5692 -0.0000 -0.8222
vn 0.5604 -0.1730 -0.8100
vn 0.4526 0.5970 -0.6624
vn 0.5285 0.3658 -0.7661
vn 0.2879 -0.8524 -0.4366
vn 0.5285 -0.3658 -0.7661
vn 0.5604 0.1730 -0.8100
vn 0.2879 0.8524 -0.4366
vn 0.4526 -0.5970 -0.6624
vn 0.4039 0.8788 -0.2542
vn 0.6507 0.6494 -0.3934
vn 0.6507 -0.6494 -0.3934
vn 0.4039 -0.8788 -0.2542
vn 0.8607 -0.0000 -0.5091
vn 0.8431 -0.1996 -0.4994
vn 0.7821 0.4137 -0.4659
vn 0.7821 -0.4137 -0.4659
vn 0.8431 0.1996 -0.4994
vn 0.9769 0.2136 -0.0000
vn 0.4536 0.8912 -0.0000
vn 0.7381 0.6747 -0.0000
vn 0.7381 -0.6747 -0.0000
vn 0.4536 -0.8912 -0.0000
vn 0.9769 -0.2136 -0.0000
vn 0.8989 0.4381 -0.0000
vn 0.8989 -0.4381 -0.0000
vn 0.4039 0.8788 0.2542
vn 0.7821 -0.4137 0.4659
vn 0.6507 -0.6494 0.3934
vn 0.8431 0.1996 0.4994
vn 0.8607 -0.0000 0.5091
vn 0.6507 0.6494 0.3934
vn 0.4039 -0.8788 0.2542
vn 0.8431 -0.1996 0.4994
vn 0.7821 0.4137 0.4659
vn 0.5604 -0.1730 0.8100
vn 0.5285 -0.3658 0.7661
vn 0.5285 0.3658 0.7661
vn 0.5604 0.1730 0.8100
vn 0.2879 0.8524 0.4366
vn 0.4526 -0.5970 0.6624
vn 0.5692 -0.0000 0.8222
vn 0.4526 0.5970 0.6624
vn 0.2879 -0.8524 0.4366
vn 0.2265 0.5537 0.8013
vn 0.2582 0.3295 0.9082
vn 0.1475 -0.8293 0.5390
vn 0.2705 -0.1538 0.9504
vn 0.2582 -0.3295 0.9082
vn 0.2705 0.1538 0.9504
vn 0.1475 0.8293 0.5390
vn 0.2265 -0.5537 0.8013
vn 0.2738 -0.0000 0.9618
vn -0.0000 -0.1473 0.9891
vn -0.0000 0.5379 0.8430
vn -0.0000 0.3170 0.9484
vn -0.0000 -0.8204 0.5718
vn -0.0000 -0.3170 0.9484
vn -0.0000 0.1473 0.9891
vn -0.0000 0.8204 0.5718
vn -0.0000 -0.5379 0.8430
vn -0.1475 0.8293 0.5390
vn -0.2265 0.5537 0.8013
vn -0.2265 -0.5537 0.8013
vn -0.1475 -0.8293 0.5390
vn -0.2738 -0.0000 0.9618
vn -0.2705 -0.1538 0.9504
vn -0.2582 0.3295 0.9082
vn -0.2582 -0.3295 0.9082
vn -0.2705 0.1538 0.9504
vn -0.5285 -0.3658 0.7661
vn -0.4526 -0.5970 0.6624
vn -0.5604 0.1730 0.8100
vn -0.5692 -0.0000 0.8222
vn -0.2879 0.8524 0.4366
vn -0.4526 0.5970 0.6624
vn -0.2879 -0.8524 0.4366
vn -0.5604 -0.1730 0.8100
vn -0.5285 0.3658 0.7661
vn -0.7821 0.4137 0.4659
vn -0.8431 0.1996 0.4994
vn -0.4039 0.8788 0.2542
vn -0.7821 -0.4137 0.4659
vn -0.6507 -0.6494 0.3934
vn -0.8607 -0.0000 0.5091
vn -0.6507 0.6494 0.3934
vn -0.4039 -0.8788 0.2542
vn -0.8431 -0.1996 0.4994
vn -0.9769 -0.2136 -0.0000
vn -0.8989 -0.4381 -0.0000
vn -0.8989 0.4381 -0.0000
vn -0.9769 0.2136 -0.0000
vn -0.4536 0.8912 -0.0000
vn -0.7381 -0.6747 -0.0000
vn -0.7381 0.6747 -0.0000
vn -0.4536 -0.8912 -0.0000
vn -0.6507 0.6494 -0.3934
vn -0.7821 0.4137 -0.4659
vn -0.4039 -0.8788 -0.2542
vn -0.8431 -0.1996 -0.4994
vn -0.7821 -0.4137 -0.4659
vn -0.8431 0.1996 -0.4994
vn -0.4039 0.8788 -0.2542
vn -0.6507 -0.6494 -0.3934
vn -0.8607 -0.0000 -0.5091
vn -0.4526 -0.5970 -0.6624
vn -0.2879 -0.8524 -0.4366
vn -0.5692 -0.0000 -0.8222
vn -0.5604 -0.1730 -0.8100
vn -0.4526 0.5970 -0.6624
vn -0.5285 0.3658 -0.7661
vn -0.5285 -0.3658 -0.7661
vn -0.5604 0.1730 -0.8100
vn -0.2879 0.8524 -0.4366
vn -0.2705 0.1538 -0.9504
vn -0.2738 -0.0000 -0.9618
vn -0.1475 0.8293 -0.5390
vn -0.2265 0.5537 -0.8013
vn -0.2265 -0.5537 -0.8013
vn -0.1475 -0.8293 -0.5390
vn -0.2705 -0.1538 -0.9504
vn -0.2582 0.3295 -0.9082
vn -0.2582 -0.3295 -0.9082
vn -0.0000 -0.9153 -0.4027
vn 0.1462 -0.9222 -0.3581
vn -0.0000 -0.6954 -0.7186
vn -0.0000 -0.3745 -0.9272
vn 0.3699 -0.3937 -0.8415
vn 0.2749 -0.7150 -0.6428
vn -0.0000 0.3745 -0.9272
vn 0.3699 0.3937 -0.8415
vn 0.4059 -0.0000 -0.9139
vn -0.0000 0.6954 -0.7186
vn -0.0000 0.9153 -0.4027
vn 0.1462 0.9222 -0.3581
vn 0.2749 0.7150 -0.6428
vn 0.5143 -0.7582 -0.4007
vn 0.2700 -0.9373 -0.2203
vn 0.8040 -0.0000 -0.5946
vn 0.7187 -0.4380 -0.5401
vn 0.5143 0.7582 -0.4007
vn 0.7187 0.4380 -0.5401
vn 0.2700 0.9373 -0.2203
vn 0.8863 -0.4630 -0.0000
vn 0.6227 0.7825 -0.0000
vn 0.8864 0.4630 -0.0000
vn 0.3245 0.9459 -0.0000
vn 0.3245 -0.9459 -0.0000
vn 0.6227 -0.7825 -0.0000
vn 0.2700 -0.9373 0.2203
vn 0.7187 -0.4380 0.5401
vn 0.5143 -0.7582 0.4007
vn 0.7187 0.4380 0.5401
vn 0.8040 -0.0000 0.5946
vn 0.2700 0.9373 0.2203
vn 0.5143 0.7582 0.4007
vn 0.3699 0.3937 0.8415
vn 0.4059 -0.0000 0.9139
vn 0.1462 0.9222 0.3581
vn 0.2749 0.7150 0.6428
vn 0.2749 -0.7150 0.6428
vn 0.1462 -0.9222 0.3581
vn 0.3699 -0.3937 0.8415
vn -0.0000 -0.6954 0.7186
vn -0.0000 -0.9153 0.4027
vn -0.0000 -0.3745 0.9272
vn -0.0000 0.6954 0.7186
vn -0.0000 0.3745 0.9272
vn -0.0000 0.9153 0.4027
vn -0.2749 0.7150 0.6428
vn -0.3699 0.3937 0.8415
vn -0.1462 0.9222 0.3581
vn -0.1462 -0.9222 0.3581
vn -0.3699 -0.3937 0.8415
vn -0.2749 -0.7150 0.6428
vn -0.4059 -0.0000 0.9139
vn -0.2700 -0.9373 0.2203
vn -0.7187 -0.4380 0.5401
vn -0.5143 -0.7582 0.4007
vn -0.7187 0.4380 0.5401
vn -0.8040 -0.0000 0.5946
vn -0.2700 0.9373 0.2203
vn -0.5143 0.7582 0.4007
vn -0.3245 0.9459 -0.0000
vn -0.6227 0.7825 -0.0000
vn -0.6227 -0.7825 -0.0000
vn -0.3245 -0.9459 -0.0000
vn -0.8863 -0.4630 -0.0000
vn -0.8864 0.4630 -0.0000
vn -0.5143 -0.7582 -0.4007
vn -0.2700 -0.9373 -0.2203
vn -0.8040 -0.0000 -0.5946
vn -0.7187 -0.4380 -0.5401
vn -0.5143 0.7582 -0.4007
vn -0.7187 0.4380 -0.5401
vn -0.2700 0.9373 -0.2203
vn -0.1462 0.9222 -0.3581
vn -0.1462 -0.9222 -0.3581
vn -0.3699 -0.3937 -0.8415
vn -0.2749 -0.7150 -0.6428
vn -0.3699 0.3937 -0.8415
vn -0.4059 -0.0000 -0.9139
vn -0.2749 0.7150 -0.6428
vn -0.2667 0.8207 -0.5053
vn -0.3090 0.9511 -0.0000
vn -0.0828 0.8805 -0.4668
vn 0.1898 -0.5842 -0.7891
vn 0.1176 -0.3618 -0.9248
vn 0.4542 -0.2525 -0.8544
vn 0.4770 -0.4908 -0.7291
vn -0.0559 0.1720 -0.9835
vn 0.3021 0.2883 -0.9086
vn 0.3640 0.1183 -0.9239
vn -0.1898 0.5842 -0.7891
vn 0.0974 0.6775 -0.7291
vn 0.2667 -0.8207 -0.5053
vn 0.4506 -0.7610 -0.4668
vn 0.0559 -0.1720 -0.9835
vn 0.4138 -0.0557 -0.9086
vn -0.1176 0.3618 -0.9248
vn 0.2190 0.4712 -0.8544
vn 0.3090 -0.9511 -0.0000
vn 0.0731 0.9311 -0.3573
vn 0.7395 -0.1598 -0.6539
vn 0.7205 -0.4117 -0.5580
vn 0.6055 0.3869 -0.6954
vn 0.6725 0.2185 -0.7071
vn 0.3409 0.7566 -0.5580
vn 0.6065 -0.7103 -0.3573
vn 0.7173 0.0429 -0.6954
vn 0.5044 0.5639 -0.6539
vn 0.6950 0.6259 -0.3539
vn 0.8083 0.4528 -0.3764
vn 0.1773 0.9650 -0.1934
vn 0.9302 -0.0978 -0.3539
vn 0.8832 -0.3589 -0.3020
vn 0.8787 0.2855 -0.3827
vn 0.5036 0.8095 -0.3020
vn 0.7106 -0.6765 -0.1934
vn 0.9201 0.1088 -0.3764
vn 0.7472 -0.6646 -0.0000
vn 0.9913 0.1319 -0.0000
vn 0.9971 -0.0761 -0.0000
vn 0.7620 0.6476 -0.0000
vn 0.8795 0.4759 -0.0000
vn 0.2139 0.9769 -0.0000
vn 0.9403 -0.3403 -0.0000
vn 0.9511 0.3090 -0.0000
vn 0.5607 0.8280 -0.0000
vn 0.8787 0.2855 0.3827
vn 0.9201 0.1088 0.3764
vn 0.5036 0.8095 0.3020
vn 0.6950 0.6259 0.3539
vn 0.7106 -0.6765 0.1934
vn 0.9302 -0.0978 0.3539
vn 0.8083 0.4528 0.3764
vn 0.1773 0.9650 0.1934
vn 0.8832 -0.3589 0.3020
vn 0.0731 0.9311 0.3573
vn 0.3409 0.7566 0.5580
vn 0.7205 -0.4117 0.5580
vn 0.6065 -0.7103 0.3573
vn 0.6725 0.2185 0.7071
vn 0.7173 0.0429 0.6954
vn 0.5044 0.5639 0.6539
vn 0.7395 -0.1598 0.6539
vn 0.6055 0.3869 0.6954
vn 0.3021 0.2883 0.9086
vn 0.3640 0.1183 0.9239
vn -0.0828 0.8805 0.4668
vn 0.0974 0.6775 0.7291
vn 0.4770 -0.4908 0.7291
vn 0.4506 -0.7610 0.4668
vn 0.4138 -0.0557 0.9086
vn 0.2190 0.4712 0.8544
vn 0.4542 -0.2525 0.8544
vn -0.2667 0.8207 0.5053
vn 0.1176 -0.3618 0.9248
vn 0.1898 -0.5842 0.7891
vn -0.0559 0.1720 0.9835
vn -0.1898 0.5842 0.7891
vn 0.2667 -0.8207 0.5053
vn 0.0559 -0.1720 0.9835
vn -0.1176 0.3618 0.9248
vn -0.3021 -0.2883 0.9086
vn -0.2190 -0.4712 0.8544
vn -0.4542 0.2525 0.8544
vn -0.4138 0.0557 0.9086
vn -0.4506 0.7610 0.4668
vn -0.0974 -0.6775 0.7291
vn -0.3640 -0.1183 0.9239
vn -0.4770 0.4908 0.7291
vn 0.0828 -0.8805 0.4668
vn -0.7205 0.4117 0.5580
vn -0.7395 0.1598 0.6539
vn -0.0731 -0.9311 0.3573
vn -0.6055 -0.3869 0.6954
vn -0.5044 -0.5639 0.6539
vn -0.7173 -0.0429 0.6954
vn -0.6065 0.7103 0.3573
vn -0.3409 -0.7566 0.5580
vn -0.6725 -0.2185 0.7071
vn -0.8787 -0.2855 0.3827
vn -0.8083 -0.4528 0.3764
vn -0.8832 0.3589 0.3020
vn -0.9302 0.0978 0.3539
vn -0.1773 -0.9650 0.1934
vn -0.6950 -0.6259 0.3539
vn -0.9201 -0.1088 0.3764
vn -0.7106 0.6765 0.1934
vn -0.5036 -0.8095 0.3020
vn -0.7472 0.6646 -0.0000
vn -0.9403 0.3403 -0.0000
vn -0.5607 -0.8280 -0.0000
vn -0.2139 -0.9769 -0.0000
vn -0.9511 -0.3090 -0.0000
vn -0.8795 -0.4759 -0.0000
vn -0.9971 0.0761 -0.0000
vn -0.7620 -0.6476 -0.0000
vn -0.9913 -0.1319 -0.0000
vn -0.6950 -0.6259 -0.3539
vn -0.5036 -0.8095 -0.3020
vn -0.9201 -0.1088 -0.3764
vn -0.8787 -0.2855 -0.3827
vn -0.7106 0.6765 -0.1934
vn -0.8832 0.3589 -0.3020
vn -0.1773 -0.9650 -0.1934
vn -0.8083 -0.4528 -0.3764
vn -0.9302 0.0978 -0.3539
vn -0.7395 0.1598 -0.6539
vn -0.7173 -0.0429 -0.6954
vn -0.6065 0.7103 -0.3573
vn -0.5044 -0.5639 -0.6539
vn -0.3409 -0.7566 -0.5580
vn -0.6725 -0.2185 -0.7071
vn -0.7205 0.4117 -0.5580
vn -0.0731 -0.9311 -0.3573
vn -0.6055 -0.3869 -0.6954
vn -0.3021 -0.2883 -0.9086
vn -0.2190 -0.4712 -0.8544
vn -0.4542 0.2525 -0.8544
vn -0.4138 0.0557 -0.9086
vn -0.4506 0.7610 -0.4668
vn -0.0974 -0.6775 -0.7291
vn -0.3640 -0.1183 -0.9239
vn -0.4770 0.4908 -0.7291
vn 0.0828 -0.8805 -0.4668
vn -0.1898 -0.5842 -0.7891
vn -0.1176 -0.3618 -0.9248
vn 0.2190 -0.4712 -0.8544
vn 0.0974 -0.6775 -0.7291
vn 0.0559 0.1720 -0.9835
vn 0.4138 0.0557 -0.9086
vn 0.3640 -0.1183 -0.9239
vn 0.1898 0.5842 -0.7891
vn 0.2667 0.8207 -0.5053
vn 0.4506 0.7610 -0.4668
vn 0.4770 0.4908 -0.7291
vn -0.2667 -0.8207 -0.5053
vn -0.0828 -0.8805 -0.4668
vn -0.0559 -0.1720 -0.9835
vn 0.3021 -0.2883 -0.9086
vn 0.1176 0.3618 -0.9248
vn 0.4542 0.2525 -0.8544
vn -0.3090 -0.9511 -0.0000
vn 0.3090 0.9511 -0.0000
vn 0.7173 -0.0429 -0.6954
vn 0.6725 -0.2185 -0.7071
vn 0.6065 0.7103 -0.3573
vn 0.7205 0.4117 -0.5580
vn 0.3409 -0.7566 -0.5580
vn 0.0731 -0.9311 -0.3573
vn 0.6055 -0.3869 -0.6954
vn 0.7395 0.1598 -0.6539
vn 0.5044 -0.5639 -0.6539
vn 0.7106 0.6765 -0.1934
vn 0.6950 -0.6259 -0.3539
vn 0.5036 -0.8095 -0.3020
vn 0.9201 -0.1088 -0.3764
vn 0.8787 -0.2855 -0.3827
vn 0.8832 0.3589 -0.3020
vn 0.1773 -0.9650 -0.1934
vn 0.8083 -0.4528 -0.3764
vn 0.9302 0.0978 -0.3539
vn 0.8795 -0.4759 -0.0000
vn 0.7620 -0.6476 -0.0000
vn 0.9971 0.0761 -0.0000
vn 0.9913 -0.1319 -0.0000
vn 0.7472 0.6646 -0.0000
vn 0.5607 -0.8280 -0.0000
vn 0.9511 -0.3090 -0.0000
vn 0.9403 0.3403 -0.0000
vn 0.2139 -0.9769 -0.0000
vn 0.8832 0.3589 0.3020
vn 0.9302 0.0978 0.3539
vn 0.1773 -0.9650 0.1934
vn 0.8083 -0.4528 0.3764
vn 0.6950 -0.6259 0.3539
vn 0.9201 -0.1088 0.3764
vn 0.7106 0.6765 0.1934
vn 0.5036 -0.8095 0.3020
vn 0.8787 -0.2855 0.3827
vn 0.6725 -0.2185 0.7071
vn 0.6055 -0.3869 0.6954
vn 0.7205 0.4117 0.5580
vn 0.7395 0.1598 0.6539
vn 0.0731 -0.9311 0.3573
vn 0.5044 -0.5639 0.6539
vn 0.7173 -0.0429 0.6954
vn 0.6065 0.7103 0.3573
vn 0.3409 -0.7566 0.5580
vn 0.4506 0.7610 0.4668
vn 0.4770 0.4908 0.7291
vn 0.0974 -0.6775 0.7291
vn -0.0828 -0.8805 0.4668
vn 0.3640 -0.1183 0.9239
vn 0.3021 -0.2883 0.9086
vn 0.4542 0.2525 0.8544
vn 0.2190 -0.4712 0.8544
vn 0.4138 0.0557 0.9086
vn -0.1176 -0.3618 0.9248
vn -0.1898 -0.5842 0.7891
vn 0.0559 0.1720 0.9835
vn 0.2667 0.8207 0.5053
vn 0.1898 0.5842 0.7891
vn -0.2667 -0.8207 0.5053
vn -0.0559 -0.1720 0.9835
vn 0.1176 0.3618 0.9248
vn -0.2190 0.4712 0.8544
vn -0.3021 0.2883 0.9086
vn 0.0828 0.8805 0.4668
vn -0.4542 -0.2525 0.8544
vn -0.4770 -0.4908 0.7291
vn -0.3640 0.1183 0.9239
vn -0.0974 0.6775 0.7291
vn -0.4506 -0.7610 0.4668
vn -0.4138 -0.0557 0.9086
vn -0.7173 0.0429 0.6954
vn -0.7395 -0.1598 0.6539
vn -0.5044 0.5639 0.6539
vn -0.6055 0.3869 0.6954
vn -0.0731 0.9311 0.3573
vn -0.7205 -0.4117 0.5580
vn -0.6725 0.2185 0.7071
vn -0.3409 0.7566 0.5580
vn -0.6065 -0.7103 0.3573
vn -0.5036 0.8095 0.3020
vn -0.6950 0.6259 0.3539
vn -0.7106 -0.6765 0.1934
vn -0.9201 0.1088 0.3764
vn -0.9302 -0.0978 0.3539
vn -0.8083 0.4528 0.3764
vn -0.1773 0.9650 0.1934
vn -0.8832 -0.3589 0.3020
vn -0.8787 0.2855 0.3827
vn -0.9403 -0.3403 -0.0000
vn -0.7472 -0.6646 -0.0000
vn -0.9511 0.3090 -0.0000
vn -0.9913 0.1319 -0.0000
vn -0.5607 0.8280 -0.0000
vn -0.7620 0.6476 -0.0000
vn -0.9971 -0.0761 -0.0000
vn -0.8795 0.4759 -0.0000
vn -0.2139 0.9769 -0.0000
vn -0.8083 0.4528 -0.3764
vn -0.8787 0.2855 -0.3827
vn -0.1773 0.9650 -0.1934
vn -0.5036 0.8095 -0.3020
vn -0.8832 -0.3589 -0.3020
vn -0.7106 -0.6765 -0.1934
vn -0.9201 0.1088 -0.3764
vn -0.6950 0.6259 -0.3539
vn -0.9302 -0.0978 -0.3539
vn -0.0731 0.9311 -0.3573
vn -0.7395 -0.1598 -0.6539
vn -0.7205 -0.4117 -0.5580
vn -0.6055 0.3869 -0.6954
vn -0.6725 0.2185 -0.7071
vn -0.3409 0.7566 -0.5580
vn -0.6065 -0.7103 -0.3573
vn -0.7173 0.0429 -0.6954
vn -0.5044 0.5639 -0.6539
vn -0.2190 0.4712 -0.8544
vn -0.3021 0.2883 -0.9086
vn 0.0828 0.8805 -0.4668
vn -0.4542 -0.2525 -0.8544
vn -0.4770 -0.4908 -0.7291
vn -0.3640 0.1183 -0.9239
vn -0.0974 0.6775 -0.7291
vn -0.4506 -0.7610 -0.4668
vn -0.4138 -0.0557 -0.9086
vn -0.0000 0.2256 -0.9742
vn -0.0000 0.4591 -0.8884
vn 0.3400 0.4591 -0.8208
vn 0.3728 0.2256 -0.9001
vn -0.0000 0.9042 -0.4271
vn 0.1635 0.9042 -0.3946
vn -0.0000 -0.6972 -0.7169
vn -0.0000 -0.4591 -0.8884
vn 0.3400 -0.4591 -0.8208
vn 0.2743 -0.6972 -0.6623
vn 0.3827 -0.0000 -0.9239
vn -0.0000 0.6972 -0.7169
vn 0.2743 0.6972 -0.6623
vn -0.0000 -0.9042 -0.4271
vn 0.1635 -0.9042 -0.3946
vn -0.0000 -0.2256 -0.9742
vn 0.3728 -0.2256 -0.9001
vn 0.6282 0.4591 -0.6282
vn 0.6889 0.2256 -0.6889
vn 0.3020 0.9042 -0.3020
vn 0.6282 -0.4591 -0.6282
vn 0.5069 -0.6972 -0.5069
vn 0.7071 -0.0000 -0.7071
vn 0.5069 0.6972 -0.5069
vn 0.3020 -0.9042 -0.3020
vn 0.6889 -0.2256 -0.6889
vn 0.9001 -0.2256 -0.3728
vn 0.8208 -0.4591 -0.3400
vn 0.8208 0.4591 -0.3400
vn 0.9001 0.2256 -0.3728
vn 0.3946 0.9042 -0.1635
vn 0.6623 -0.6972 -0.2743
vn 0.9239 -0.0000 -0.3827
vn 0.6623 0.6972 -0.2743
vn 0.3946 -0.9042 -0.1635
vn 0.7169 0.6972 -0.0000
vn 0.8884 0.4591 -0.0000
vn 0.4271 -0.9042 -0.0000
vn 0.9742 -0.2256 -0.0000
vn 0.8884 -0.4591 -0.0000
vn 0.9742 0.2256 -0.0000
vn 0.4271 0.9042 -0.0000
vn 0.7169 -0.6972 -0.0000
vn 0.6623 -0.6972 0.2743
vn 0.3946 -0.9042 0.1635
vn 0.9239 -0.0000 0.3827
vn 0.9001 -0.2256 0.3728
vn 0.6623 0.6972 0.2743
vn 0.8208 0.4591 0.3400
vn 0.8208 -0.4591 0.3400
vn 0.9001 0.2256 0.3728
vn 0.3946 0.9042 0.1635
vn 0.6889 0.2256 0.6889
vn 0.7071 -0.0000 0.7071
vn 0.3020 0.9042 0.3020
vn 0.5069 0.6972 0.5069
vn 0.5069 -0.6972 0.5069
vn 0.3020 -0.9042 0.3020
vn 0.6889 -0.2256 0.6889
vn 0.6282 0.4591 0.6282
vn 0.6282 -0.4591 0.6282
vn 0.1635 0.9042 0.3946
vn 0.3400 -0.4591 0.8208
vn 0.2743 -0.6972 0.6623
vn 0.3728 0.2256 0.9001
vn 0.3827 -0.0000 0.9239
vn 0.2743 0.6972 0.6623
vn 0.1635 -0.9042 0.3946
vn 0.3728 -0.2256 0.9001
vn 0.3400 0.4591 0.8208
vn -0.0000 0.4591 0.8884
vn -0.0000 0.2256 0.9742
vn -0.0000 0.9042 0.4271
vn -0.0000 -0.4591 0.8884
vn -0.0000 -0.6972 0.7169
vn -0.0000 0.6972 0.7169
vn -0.0000 -0.9042 0.4271
vn -0.0000 -0.2256 0.9742
vn -0.1635 -0.9042 0.3946
vn -0.3728 -0.2256 0.9001
vn -0.3400 -0.4591 0.8208
vn -0.3400 0.4591 0.8208
vn -0.3728 0.2256 0.9001
vn -0.1635 0.9042 0.3946
vn -0.2743 -0.6972 0.6623
vn -0.3827 -0.0000 0.9239
vn -0.2743 0.6972 0.6623
vn -0.7071 -0.0000 0.7071
vn -0.6889 -0.2256 0.6889
vn -0.5069 0.6972 0.5069
vn -0.6282 0.4591 0.6282
vn -0.3020 -0.9042 0.3020
vn -0.6282 -0.4591 0.6282
vn -0.6889 0.2256 0.6889
vn -0.3020 0.9042 0.3020
vn -0.5069 -0.6972 0.5069
vn -0.3946 0.9042 0.1635
vn -0.6623 0.6972 0.2743
vn -0.6623 -0.6972 0.2743
vn -0.3946 -0.9042 0.1635
vn -0.9239 -0.0000 0.3827
vn -0.9001 -0.2256 0.3728
vn -0.8208 0.4591 0.3400
vn -0.8208 -0.4591 0.3400
vn -0.9001 0.2256 0.3728
vn -0.9742 0.2256 -0.0000
vn -0.4271 0.9042 -0.0000
vn -0.7169 0.6972 -0.0000
vn -0.7169 -0.6972 -0.0000
vn -0.4271 -0.9042 -0.0000
vn -0.9742 -0.2256 -0.0000
vn -0.8884 0.4591 -0.0000
vn -0.8884 -0.4591 -0.0000
vn -0.3946 0.9042 -0.1635
vn -0.8208 -0.4591 -0.3400
vn -0.6623 -0.6972 -0.2743
vn -0.9001 0.2256 -0.3728
vn -0.9239 -0.0000 -0.3827
vn -0.6623 0.6972 -0.2743
vn -0.3946 -0.9042 -0.1635
vn -0.9001 -0.2256 -0.3728
vn -0.8208 0.4591 -0.3400
vn -0.6889 -0.2256 -0.6889
vn -0.6282 -0.4591 -0.6282
vn -0.6282 0.4591 -0.6282
vn -0.6889 0.2256 -0.6889
vn -0.3020 0.9042 -0.3020
vn -0.5069 -0.6972 -0.5069
vn -0.7071 -0.0000 -0.7071
vn -0.5069 0.6972 -0.5069
vn -0.3020 -0.9042 -0.3020
vn -0.2743 0.6972 -0.6623
vn -0.3400 0.4591 -0.8208
vn -0.1635 -0.9042 -0.3946
vn -0.3728 -0.2256 -0.9001
vn -0.3400 -0.4591 -0.8208
vn -0.3728 0.2256 -0.9001
vn -0.1635 0.9042 -0.3946
vn -0.2743 -0.6972 -0.6623
vn -0.3827 -0.0000 -0.9239
vn -0.0000 -0.5706 -0.8213
vn 0.5222 -0.0000 -0.8528
vn 0.4495 -0.5441 -0.7085
vn -0.0000 0.8513 -0.5247
vn -0.0000 0.9519 -0.3064
vn 0.1875 0.9427 -0.2759
vn 0.3085 0.8296 -0.4653
vn -0.0000 -0.9891 -0.1470
vn 0.0924 -0.9869 -0.1321
vn -0.0000 -0.8513 -0.5247
vn 0.3085 -0.8296 -0.4653
vn -0.0000 0.5706 -0.8213
vn 0.4495 0.5441 -0.7085
vn -0.0000 0.9891 -0.1470
vn 0.0924 0.9869 -0.1321
vn -0.0000 -0.9519 -0.3064
vn 0.1875 -0.9427 -0.2759
vn 0.3297 0.9224 -0.2012
vn 0.5262 0.7840 -0.3292
vn 0.1626 -0.9820 -0.0961
vn 0.7319 -0.4893 -0.4743
vn 0.5262 -0.7840 -0.3292
vn 0.7319 0.4893 -0.4743
vn 0.1626 0.9820 -0.0961
vn 0.3297 -0.9224 -0.2012
vn 0.8333 -0.0000 -0.5529
vn 0.4145 -0.9040 -0.1049
vn 0.2046 -0.9776 -0.0500
vn 0.9650 -0.0000 -0.2623
vn 0.8651 -0.4451 -0.2313
vn 0.4145 0.9040 -0.1049
vn 0.6456 0.7450 -0.1677
vn 0.6456 -0.7450 -0.1677
vn 0.8651 0.4451 -0.2313
vn 0.2046 0.9776 -0.0500
vn 0.9032 0.4293 -0.0000
vn 0.2184 0.9759 -0.0000
vn 0.4425 0.8968 -0.0000
vn 0.4425 -0.8968 -0.0000
vn 0.2184 -0.9759 -0.0000
vn 0.9032 -0.4293 -0.0000
vn 0.6832 0.7303 -0.0000
vn 0.6832 -0.7303 -0.0000
vn 0.2046 0.9776 0.0500
vn 0.6456 -0.7450 0.1677
vn 0.4145 -0.9040 0.1049
vn 0.8651 0.4451 0.2313
vn 0.9650 -0.0000 0.2623
vn 0.4145 0.9040 0.1049
vn 0.2046 -0.9776 0.0500
vn 0.8651 -0.4451 0.2313
vn 0.6456 0.7450 0.1677
vn 0.5262 0.7840 0.3292
vn 0.7319 0.4893 0.4743
vn 0.1626 0.9820 0.0961
vn 0.5262 -0.7840 0.3292
vn 0.3297 -0.9224 0.2012
vn 0.8333 -0.0000 0.5529
vn 0.3297 0.9224 0.2012
vn 0.1626 -0.9820 0.0961
vn 0.7319 -0.4893 0.4743
vn 0.0924 -0.9869 0.1321
vn 0.4495 -0.5441 0.7085
vn 0.3085 -0.8296 0.4653
vn 0.3085 0.8296 0.4653
vn 0.4495 0.5441 0.7085
vn 0.0924 0.9869 0.1321
vn 0.1875 -0.9427 0.2759
vn 0.5222 -0.0000 0.8528
vn 0.1875 0.9427 0.2759
vn -0.0000 -0.5706 0.8213
vn -0.0000 0.9519 0.3064
vn -0.0000 0.8513 0.5247
vn -0.0000 -0.9891 0.1470
vn -0.0000 -0.8513 0.5247
vn -0.0000 0.5706 0.8213
vn -0.0000 0.9891 0.1470
vn -0.0000 -0.9519 0.3064
vn -0.0924 0.9869 0.1321
vn -0.1875 0.9427 0.2759
vn -0.1875 -0.9427 0.2759
vn -0.0924 -0.9869 0.1321
vn -0.5222 -0.0000 0.8528
vn -0.4495 -0.5441 0.7085
vn -0.3085 0.8296 0.4653
vn -0.3085 -0.8296 0.4653
vn -0.4495 0.5441 0.7085
vn -0.7319 0.4893 0.4743
vn -0.8333 -0.0000 0.5529
vn -0.1626 0.9820 0.0961
vn -0.3297 0.9224 0.2012
vn -0.3297 -0.9224 0.2012
vn -0.1626 -0.9820 0.0961
vn -0.7319 -0.4893 0.4743
vn -0.5262 0.7840 0.3292
vn -0.5262 -0.7840 0.3292
vn -0.2046 0.9776 0.0500
vn -0.6456 -0.7450 0.1677
vn -0.4145 -0.9040 0.1049
vn -0.8651 0.4451 0.2313
vn -0.9650 -0.0000 0.2623
vn -0.4145 0.9040 0.1049
vn -0.2046 -0.9776 0.0500
vn -0.8651 -0.4451 0.2313
vn -0.6456 0.7450 0.1677
vn -0.9032 -0.4293 -0.0000
vn -0.6832 -0.7303 -0.0000
vn -0.6832 0.7303 -0.0000
vn -0.9032 0.4293 -0.0000
vn -0.2184 0.9759 -0.0000
vn -0.4425 -0.8968 -0.0000
vn -0.4425 0.8968 -0.0000
vn -0.2184 -0.9759 -0.0000
vn -0.4145 0.9040 -0.1049
vn -0.6456 0.7450 -0.1677
vn -0.2046 -0.9776 -0.0500
vn -0.8651 -0.4451 -0.2313
vn -0.6456 -0.7450 -0.1677
vn -0.8651 0.4451 -0.2313
vn -0.2046 0.9776 -0.0500
vn -0.4145 -0.9040 -0.1049
vn -0.9650 -0.0000 -0.2623
vn -0.8333 -0.0000 -0.5529
vn -0.7319 -0.4893 -0.4743
vn -0.3297 0.9224 -0.2012
vn -0.5262 0.7840 -0.3292
vn -0.1626 -0.9820 -0.0961
vn -0.5262 -0.7840 -0.3292
vn -0.7319 0.4893 -0.4743
vn -0.1626 0.9820 -0.0961
vn -0.3297 -0.9224 -0.2012
vn -0.0924 0.9869 -0.1321
vn -0.1875 0.9427 -0.2759
vn -0.1875 -0.9427 -0.2759
vn -0.0924 -0.9869 -0.1321
vn -0.5222 -0.0000 -0.8528
vn -0.4495 -0.5441 -0.7085
vn -0.3085 0.8296 -0.4653
vn -0.3085 -0.8296 -0.4653
vn -0.4495 0.5441 -0.7085
vn -0.0000 0.0985 -0.9951
vn -0.0000 0.4455 -0.8953
vn 0.3483 0.4527 -0.8208
vn 0.4346 0.1170 -0.8930
vn -0.0000 0.8477 -0.5305
vn -0.0000 0.9511 -0.3090
vn 0.1250 0.8519 -0.5086
vn -0.0000 -0.9835 -0.1808
vn -0.0000 -0.8866 -0.4625
vn 0.3483 -0.8487 -0.3980
vn 0.2390 -0.9606 -0.1416
vn -0.0000 -0.3090 -0.9511
vn 0.4686 -0.2730 -0.8402
vn -0.0000 0.6894 -0.7243
vn 0.2390 0.6939 -0.6792
vn -0.0000 -0.9976 0.0691
vn 0.1250 -0.9881 0.0892
vn -0.0000 -0.6646 -0.7472
vn 0.4346 -0.6196 -0.6536
vn -0.0000 -0.9511 0.3090
vn 0.6054 0.4746 -0.6389
vn 0.7394 0.1636 -0.6531
vn 0.2234 0.8635 -0.4521
vn 0.6054 -0.7595 -0.2379
vn 0.4242 -0.9047 -0.0399
vn 0.7900 -0.1894 -0.5831
vn 0.4242 0.7084 -0.5641
vn 0.2234 -0.9644 0.1418
vn 0.7394 -0.5163 -0.4322
vn 0.8986 -0.4045 -0.1697
vn 0.7500 -0.6605 -0.0340
vn 0.7500 0.5144 -0.4158
vn 0.8986 0.2275 -0.3751
vn 0.2836 0.8818 -0.3767
vn 0.5355 -0.8388 0.0978
vn 0.9524 -0.0942 -0.2899
vn 0.5355 0.7361 -0.4139
vn 0.2836 -0.9349 0.2135
vn 0.5722 0.7800 -0.2534
vn 0.7956 0.5761 -0.1872
vn 0.3037 -0.9061 0.2944
vn 0.9464 -0.3072 0.0998
vn 0.7956 -0.5761 0.1872
vn 0.9464 0.3072 -0.0998
vn 0.3037 0.9061 -0.2944
vn 0.5722 -0.7800 0.2534
vn 0.5355 -0.7361 0.4139
vn 0.2836 -0.8818 0.3767
vn 0.9524 0.0942 0.2899
vn 0.8986 -0.2275 0.3751
vn 0.5355 0.8388 -0.0978
vn 0.7500 0.6605 0.0340
vn 0.7500 -0.5144 0.4158
vn 0.8986 0.4045 0.1697
vn 0.2836 0.9349 -0.2135
vn 0.7394 0.5163 0.4322
vn 0.7900 0.1894 0.5831
vn 0.2234 0.9644 -0.1418
vn 0.4242 0.9047 0.0399
vn 0.4242 -0.7084 0.5641
vn 0.2234 -0.8635 0.4521
vn 0.7394 -0.1636 0.6531
vn 0.6054 0.7595 0.2379
vn 0.6054 -0.4746 0.6389
vn 0.1250 0.9881 -0.0892
vn 0.3483 -0.4527 0.8208
vn 0.2390 -0.6939 0.6792
vn 0.4346 0.6196 0.6536
vn 0.4686 0.2730 0.8402
vn 0.2390 0.9606 0.1416
vn 0.1250 -0.8519 0.5086
vn 0.4346 -0.1170 0.8930
vn 0.3483 0.8487 0.3980
vn -0.0000 0.8866 0.4625
vn -0.0000 0.6646 0.7472
vn -0.0000 0.9976 -0.0691
vn -0.0000 -0.4455 0.8953
vn -0.0000 -0.6894 0.7243
vn -0.0000 0.3090 0.9511
vn -0.0000 0.9835 0.1808
vn -0.0000 -0.8477 0.5305
vn -0.0000 -0.0985 0.9951
vn -0.1250 -0.8519 0.5086
vn -0.4346 -0.1170 0.8930
vn -0.3483 -0.4527 0.8208
vn -0.3483 0.8487 0.3980
vn -0.4346 0.6196 0.6536
vn -0.1250 0.9881 -0.0892
vn -0.2390 -0.6939 0.6792
vn -0.4686 0.2730 0.8402
vn -0.2390 0.9606 0.1416
vn -0.7900 0.1894 0.5831
vn -0.7394 -0.1636 0.6531
vn -0.4242 0.9047 0.0399
vn -0.6054 0.7595 0.2379
vn -0.2234 -0.8635 0.4521
vn -0.6054 -0.4746 0.6389
vn -0.7394 0.5163 0.4322
vn -0.2234 0.9644 -0.1418
vn -0.4242 -0.7084 0.5641
vn -0.2836 0.9349 -0.2135
vn -0.5355 0.8388 -0.0978
vn -0.5355 -0.7361 0.4139
vn -0.2836 -0.8818 0.3767
vn -0.9524 0.0942 0.2899
vn -0.8986 -0.2275 0.3751
vn -0.7500 0.6605 0.0340
vn -0.7501 -0.5144 0.4158
vn -0.8986 0.4045 0.1697
vn -0.9464 0.3072 -0.0998
vn -0.3037 0.9061 -0.2944
vn -0.5722 0.7800 -0.2534
vn -0.5722 -0.7800 0.2534
vn -0.3037 -0.9061 0.2944
vn -0.9464 -0.3072 0.0998
vn -0.7956 0.5761 -0.1872
vn -0.7956 -0.5761 0.1872
vn -0.2836 0.8818 -0.3767
vn -0.7500 -0.6605 -0.0340
vn -0.5355 -0.8388 0.0978
vn -0.8986 0.2275 -0.3751
vn -0.9524 -0.0942 -0.2899
vn -0.5355 0.7361 -0.4139
vn -0.2836 -0.9349 0.2135
vn -0.8986 -0.4045 -0.1697
vn -0.7500 0.5144 -0.4158
vn -0.7394 -0.5163 -0.4322
vn -0.6054 -0.7595 -0.2379
vn -0.6054 0.4746 -0.6389
vn -0.7394 0.1636 -0.6531
vn -0.2234 0.8635 -0.4521
vn -0.4242 -0.9047 -0.0399
vn -0.7900 -0.1894 -0.5831
vn -0.4242 0.7084 -0.5641
vn -0.2234 -0.9644 0.1418
vn -0.2390 0.6939 -0.6792
vn -0.3483 0.4527 -0.8208
vn -0.1250 -0.9881 0.0892
vn -0.4346 -0.6196 -0.6536
vn -0.3483 -0.8487 -0.3980
vn -0.4346 0.1170 -0.8930
vn -0.1250 0.8519 -0.5086
vn -0.2390 -0.9606 -0.1416
vn -0.4686 -0.2730 -0.8402
vn -0.0000 0.8098 -0.5866
vn -0.0000 0.9135 -0.4067
vn 0.1589 0.8155 -0.5565
vn -0.0000 -1.0000 -0.0052
vn -0.0000 -0.9590 -0.2833
vn 0.4414 -0.8745 -0.2008
vn 0.3004 -0.9530 0.0399
vn -0.0000 -0.4067 -0.9135
vn -0.0000 0.0590 -0.9983
vn 0.5583 0.0933 -0.8243
vn 0.6062 -0.3235 -0.7266
vn -0.0000 0.6653 -0.7466
vn 0.3004 0.6673 -0.6815
vn -0.0000 -0.9779 0.2093
vn 0.1589 -0.9592 0.2337
vn -0.0000 -0.7813 -0.6241
vn 0.5583 -0.6751 -0.4822
vn -0.0000 0.4311 -0.9023
vn 0.4414 0.4359 -0.7843
vn -0.0000 -0.9135 0.4067
vn 0.2644 0.8292 -0.4925
vn 0.6972 -0.7158 -0.0379
vn 0.4950 -0.8579 0.1381
vn 0.8439 0.1552 -0.5136
vn 0.8991 -0.1781 -0.4000
vn 0.4950 0.6766 -0.5451
vn 0.2644 -0.9208 0.2866
vn 0.8439 -0.4855 -0.2283
vn 0.6972 0.4508 -0.5573
vn 0.8014 0.4940 -0.3372
vn 0.9419 0.2312 -0.2436
vn 0.3145 0.8510 -0.4207
vn 0.8014 -0.5811 0.1414
vn 0.5851 -0.7684 0.2593
vn 0.9907 -0.0554 -0.1244
vn 0.5851 0.7069 -0.3975
vn 0.3145 -0.8820 0.3509
vn 0.9419 -0.3358 0.0088
vn 0.3145 -0.8510 0.4207
vn 0.9419 -0.2312 0.2436
vn 0.8014 -0.4940 0.3372
vn 0.8014 0.5811 -0.1414
vn 0.9419 0.3358 -0.0088
vn 0.3145 0.8820 -0.3509
vn 0.5851 -0.7069 0.3975
vn 0.9907 0.0554 0.1244
vn 0.5851 0.7684 -0.2593
vn 0.8991 0.1781 0.4000
vn 0.8439 -0.1552 0.5136
vn 0.4950 0.8579 -0.1381
vn 0.6972 0.7158 0.0379
vn 0.2644 -0.8292 0.4925
vn 0.6972 -0.4508 0.5573
vn 0.8439 0.4855 0.2283
vn 0.2644 0.9208 -0.2866
vn 0.4950 -0.6766 0.5451
vn 0.1589 0.9592 -0.2337
vn 0.3004 0.9530 -0.0399
vn 0.3004 -0.6673 0.6815
vn 0.1589 -0.8155 0.5565
vn 0.6062 0.3235 0.7266
vn 0.5583 -0.0933 0.8243
vn 0.4414 0.8745 0.2008
vn 0.4414 -0.4359 0.7843
vn 0.5583 0.6751 0.4822
vn -0.0000 0.7813 0.6241
vn -0.0000 0.4067 0.9135
vn -0.0000 0.9779 -0.2093
vn -0.0000 1.0000 0.0052
vn -0.0000 -0.6653 0.7466
vn -0.0000 -0.8098 0.5866
vn -0.0000 -0.0590 0.9983
vn -0.0000 0.9590 0.2833
vn -0.0000 -0.4311 0.9023
vn -0.1589 0.9592 -0.2337
vn -0.4414 -0.4359 0.7843
vn -0.3004 -0.6673 0.6815
vn -0.5583 0.6751 0.4822
vn -0.6062 0.3235 0.7266
vn -0.3004 0.9530 -0.0399
vn -0.1589 -0.8155 0.5565
vn -0.5583 -0.0933 0.8243
vn -0.4414 0.8745 0.2008
vn -0.8439 -0.1552 0.5136
vn -0.6972 -0.4508 0.5573
vn -0.6972 0.7158 0.0379
vn -0.8439 0.4855 0.2283
vn -0.2644 0.9208 -0.2866
vn -0.4950 -0.6766 0.5451
vn -0.8991 0.1781 0.4000
vn -0.4950 0.8579 -0.1381
vn -0.2644 -0.8292 0.4925
vn -0.5851 0.7684 -0.2593
vn -0.8014 0.5811 -0.1414
vn -0.3145 -0.8510 0.4207
vn -0.9419 -0.2312 0.2436
vn -0.8014 -0.4940 0.3372
vn -0.9419 0.3358 -0.0088
vn -0.3145 0.8820 -0.3509
vn -0.5851 -0.7069 0.3975
vn -0.9907 0.0554 0.1244
vn -0.9907 -0.0554 -0.1244
vn -0.9419 -0.3358 0.0088
vn -0.5851 0.7069 -0.3975
vn -0.8014 0.4940 -0.3372
vn -0.3145 -0.8820 0.3509
vn -0.8014 -0.5811 0.1414
vn -0.9419 0.2312 -0.2436
vn -0.3145 0.8510 -0.4207
vn -0.5851 -0.7684 0.2593
vn -0.2644 0.8292 -0.4925
vn -0.4950 0.6766 -0.5451
vn -0.4950 -0.8579 0.1381
vn -0.2644 -0.9208 0.2866
vn -0.8991 -0.1781 -0.4000
vn -0.8439 -0.4855 -0.2283
vn -0.6972 0.4508 -0.5573
vn -0.6972 -0.7158 -0.0379
vn -0.8439 0.1552 -0.5136
vn -0.4414 -0.8745 -0.2008
vn -0.3004 -0.9530 0.0399
vn -0.5583 0.0933 -0.8243
vn -0.6062 -0.3235 -0.7266
vn -0.1589 0.8155 -0.5565
vn -0.3004 0.6673 -0.6815
vn -0.1589 -0.9592 0.2337
vn -0.5583 -0.6751 -0.4822
vn -0.4414 0.4359 -0.7843
vn -0.0000 0.6245 -0.7810
vn -0.0000 0.9063 -0.4226
vn 0.4700 0.6215 -0.6268
vn -0.0000 -0.9063 0.4226
vn -0.0000 -0.9997 -0.0237
vn 0.4700 -0.8796 0.0732
vn -0.0000 -0.9219 -0.3874
vn -0.0000 -0.7199 -0.6941
vn 0.7559 -0.5000 -0.4226
vn 0.6654 -0.7150 -0.2144
vn -0.0000 -0.4226 -0.9063
vn -0.0000 -0.0690 -0.9976
vn 0.7559 -0.0023 -0.6547
vn 0.7820 -0.2634 -0.5649
vn -0.0000 0.2958 -0.9553
vn 0.6654 0.2954 -0.6856
vn 0.9563 0.0679 -0.2842
vn 0.9725 -0.0985 -0.2111
vn 0.6557 0.6114 -0.4430
vn 0.8867 0.2842 -0.3646
vn 0.8867 -0.4620 -0.0167
vn 0.6557 -0.7324 0.1836
vn 0.9563 -0.2614 -0.1307
vn 0.9309 -0.3311 0.1544
vn 0.7089 -0.6392 0.2981
vn 0.9875 -0.1430 0.0667
vn 0.9309 0.3311 -0.1544
vn 0.9875 0.1430 -0.0667
vn 0.7089 0.6392 -0.2981
vn 0.8867 0.4620 0.0167
vn 0.9563 0.2614 0.1307
vn 0.6557 0.7324 -0.1836
vn 0.6557 -0.6114 0.4430
vn 0.9563 -0.0679 0.2842
vn 0.8867 -0.2842 0.3646
vn 0.9725 0.0985 0.2111
vn 0.4700 -0.6215 0.6268
vn 0.7559 0.0023 0.6547
vn 0.6654 -0.2954 0.6856
vn 0.7559 0.5000 0.4226
vn 0.7820 0.2634 0.5649
vn 0.4700 0.8796 -0.0732
vn 0.6654 0.7150 0.2144
vn -0.0000 0.9997 0.0237
vn -0.0000 0.9219 0.3874
vn -0.0000 -0.2958 0.9553
vn -0.0000 -0.6245 0.7810
vn -0.0000 0.4226 0.9063
vn -0.0000 0.0690 0.9976
vn -0.0000 0.7199 0.6941
vn -0.6654 -0.2954 0.6856
vn -0.4700 -0.6215 0.6268
vn -0.7820 0.2634 0.5649
vn -0.7559 0.0023 0.6547
vn -0.6654 0.7150 0.2144
vn -0.7559 0.5000 0.4226
vn -0.4700 0.8796 -0.0732
vn -0.6557 0.7324 -0.1836
vn -0.6557 -0.6114 0.4430
vn -0.9563 -0.0679 0.2842
vn -0.8867 -0.2842 0.3646
vn -0.9563 0.2614 0.1307
vn -0.9725 0.0985 0.2111
vn -0.8867 0.4620 0.0167
vn -0.9875 -0.1430 0.0667
vn -0.9309 -0.3311 0.1544
vn -0.9875 0.1430 -0.0667
vn -0.7089 0.6392 -0.2981
vn -0.9309 0.3311 -0.1544
vn -0.7089 -0.6392 0.2981
vn -0.8867 -0.4620 -0.0167
vn -0.6557 -0.7324 0.1836
vn -0.9725 -0.0985 -0.2111
vn -0.9563 -0.2614 -0.1307
vn -0.8867 0.2842 -0.3646
vn -0.9563 0.0679 -0.2842
vn -0.6557 0.6114 -0.4430
vn -0.7820 -0.2634 -0.5649
vn -0.7559 -0.5000 -0.4226
vn -0.6654 0.2954 -0.6856
vn -0.7559 -0.0023 -0.6547
vn -0.4700 0.6215 -0.6268
vn -0.4700 -0.8796 0.0732
vn -0.6654 -0.7150 -0.2144
vn -0.0000 -0.9995 -0.0323
vn 0.5231 -0.8488 0.0776
vn -0.0000 -0.9197 -0.3927
vn -0.0000 -0.7180 -0.6961
vn 0.8007 -0.4583 -0.3856
vn 0.7165 -0.6693 -0.1969
vn -0.0000 -0.0717 -0.9974
vn 0.8007 -0.0008 -0.5990
vn 0.8242 -0.2393 -0.5133
vn -0.0000 0.2904 -0.9569
vn -0.0000 0.6177 -0.7864
vn 0.5231 0.6050 -0.6003
vn 0.7165 0.2793 -0.6393
vn 0.7068 0.5747 -0.4126
vn 0.9150 0.2483 -0.3181
vn 0.9150 -0.4033 -0.0142
vn 0.7068 -0.6854 0.1750
vn 0.9804 -0.0833 -0.1786
vn 0.9686 -0.2225 -0.1112
vn 0.9686 0.0578 -0.2419
vn 0.9497 -0.2838 0.1323
vn 0.7588 -0.5903 0.2752
vn 0.9912 -0.1201 0.0560
vn 0.9497 0.2838 -0.1323
vn 0.9912 0.1201 -0.0560
vn 0.7588 0.5903 -0.2752
vn 0.7068 0.6854 -0.1750
vn 0.7068 -0.5747 0.4126
vn 0.9686 -0.0578 0.2419
vn 0.9150 -0.2483 0.3181
vn 0.9686 0.2224 0.1112
vn 0.9804 0.0833 0.1786
vn 0.9150 0.4033 0.0142
vn 0.8007 0.0008 0.5990
vn 0.7165 -0.2793 0.6393
vn 0.8007 0.4583 0.3857
vn 0.8242 0.2393 0.5133
vn 0.5231 0.8488 -0.0776
vn 0.7165 0.6693 0.1969
vn 0.5231 -0.6050 0.6003
vn -0.0000 -0.2904 0.9569
vn -0.0000 -0.6177 0.7864
vn -0.0000 0.0717 0.9974
vn -0.0000 0.9197 0.3927
vn -0.0000 0.7180 0.6961
vn -0.0000 0.9995 0.0323
vn -0.8242 0.2393 0.5133
vn -0.8007 0.0008 0.5990
vn -0.7165 0.6693 0.1969
vn -0.8007 0.4583 0.3857
vn -0.5231 0.8488 -0.0776
vn -0.5231 -0.6050 0.6003
vn -0.7165 -0.2793 0.6393
vn -0.7068 -0.5747 0.4126
vn -0.9686 -0.0578 0.2419
vn -0.9150 -0.2483 0.3181
vn -0.9686 0.2224 0.1112
vn -0.9804 0.0833 0.1786
vn -0.7068 0.6854 -0.1750
vn -0.9150 0.4033 0.0142
vn -0.9912 0.1201 -0.0560
vn -0.7588 0.5903 -0.2752
vn -0.9497 0.2838 -0.1323
vn -0.9497 -0.2838 0.1323
vn -0.7588 -0.5903 0.2752
vn -0.9912 -0.1201 0.0560
vn -0.9150 -0.4033 -0.0142
vn -0.7068 -0.6854 0.1750
vn -0.9804 -0.0833 -0.1786
vn -0.9686 -0.2225 -0.1112
vn -0.9150 0.2483 -0.3181
vn -0.9686 0.0578 -0.2419
vn -0.7068 0.5747 -0.4126
vn -0.7165 0.2793 -0.6393
vn -0.8007 -0.0008 -0.5990
vn -0.5231 0.6050 -0.6003
vn -0.5231 -0.8488 0.0776
vn -0.8007 -0.4583 -0.3857
vn -0.7165 -0.6693 -0.1969
vn -0.8242 -0.2393 -0.5133
vt 0.083333 0.500000
vt 0.250000 0.500000
vt 0.416667 0.500000
vt 0.583333 0.500000
vt 0.750000 0.500000
vt 0.916667 0.500000
usemtl PlayerPalette
f 720/1/363 719/1/364 374/1/365 375/1/366
f 715/1/367 714/1/368 367/1/369 368/1/370
f 365/1/371 720/1/363 375/1/366 376/1/372
f 716/1/373 715/1/367 368/1/370 369/1/374
f 721/1/375 365/1/371 376/1/372 377/1/376
f 363/1/377 716/1/373 369/1/374 370/1/378
f 722/1/379 721/1/375 377/1/376 378/1/380
f 364/1/381 363/1/377 370/1/378 371/1/382
f 723/1/383 722/1/379 378/1/380 379/1/384
f 717/1/385 364/1/381 371/1/382 372/1/386
f 724/1/387 723/1/383 379/1/384 380/1/388
f 718/1/27 717/1/385 372/1/386 373/1/389
f 713/1/390 561/1/30 366/1/391
f 577/1/32 724/1/387 380/1/388
f 719/1/364 718/1/27 373/1/389 374/1/365
f 714/1/368 713/1/390 366/1/391 367/1/369
f 374/1/365 373/1/389 388/1/392 389/1/393
f 367/1/369 366/1/391 381/1/394 382/1/395
f 375/1/366 374/1/365 389/1/393 390/1/396
f 368/1/370 367/1/369 382/1/395 383/1/397
f 376/1/372 375/1/366 390/1/396 391/1/398
f 369/1/374 368/1/370 383/1/397 384/1/399
f 377/1/376 376/1/372 391/1/398 392/1/400
f 370/1/378 369/1/374 384/1/399 385/1/401
f 378/1/380 377/1/376 392/1/400 393/1/402
f 371/1/382 370/1/378 385/1/401 386/1/403
f 379/1/384 378/1/380 393/1/402 394/1/404
f 372/1/386 371/1/382 386/1/403 387/1/405
f 380/1/388 379/1/384 394/1/404 395/1/406
f 373/1/389 372/1/386 387/1/405 388/1/392
f 366/1/391 561/1/30 381/1/394
f 577/1/32 380/1/388 395/1/406
f 393/1/402 392/1/400 407/1/407 408/1/408
f 386/1/403 385/1/401 400/1/409 401/1/410
f 394/1/404 393/1/402 408/1/408 409/1/411
f 387/1/405 386/1/403 401/1/410 402/1/412
f 395/1/406 394/1/404 409/1/411 410/1/413
f 388/1/392 387/1/405 402/1/412 403/1/414
f 381/1/394 561/1/30 396/1/415
f 577/1/32 395/1/406 410/1/413
f 389/1/393 388/1/392 403/1/414 404/1/416
f 382/1/395 381/1/394 396/1/415 397/1/417
f 390/1/396 389/1/393 404/1/416 405/1/418
f 383/1/397 382/1/395 397/1/417 398/1/419
f 391/1/398 390/1/396 405/1/418 406/1/420
f 384/1/399 383/1/397 398/1/419 399/1/421
f 392/1/400 391/1/398 406/1/420 407/1/407
f 385/1/401 384/1/399 399/1/421 400/1/409
f 397/1/417 396/1/415 411/1/422 412/1/423
f 405/1/418 404/1/416 419/1/424 420/1/425
f 398/1/419 397/1/417 412/1/423 413/1/426
f 406/1/420 405/1/418 420/1/425 421/1/427
f 399/1/421 398/1/419 413/1/426 414/1/428
f 407/1/407 406/1/420 421/1/427 422/1/429
f 400/1/409 399/1/421 414/1/428 415/1/430
f 408/1/408 407/1/407 422/1/429 423/1/431
f 401/1/410 400/1/409 415/1/430 416/1/432
f 409/1/411 408/1/408 423/1/431 424/1/433
f 402/1/412 401/1/410 416/1/432 417/1/434
f 410/1/413 409/1/411 424/1/433 425/1/435
f 403/1/414 402/1/412 417/1/434 418/1/436
f 396/1/415 561/1/30 411/1/422
f 577/1/32 410/1/413 425/1/435
f 404/1/416 403/1/414 418/1/436 419/1/424
f 416/1/432 415/1/430 430/1/437 431/1/438
f 424/1/433 423/1/431 438/1/439 439/1/440
f 417/1/434 416/1/432 431/1/438 432/1/441
f 425/1/435 424/1/433 439/1/440 440/1/442
f 418/1/436 417/1/434 432/1/441 433/1/443
f 411/1/422 561/1/30 426/1/444
f 577/1/32 425/1/435 440/1/442
f 419/1/424 418/1/436 433/1/443 434/1/445
f 412/1/423 411/1/422 426/1/444 427/1/446
f 420/1/425 419/1/424 434/1/445 435/1/447
f 413/1/426 412/1/423 427/1/446 428/1/448
f 421/1/427 420/1/425 435/1/447 436/1/449
f 414/1/428 413/1/426 428/1/448 429/1/450
f 422/1/429 421/1/427 436/1/449 437/1/451
f 415/1/430 414/1/428 429/1/450 430/1/437
f 423/1/431 422/1/429 437/1/451 438/1/439
f 435/1/447 434/1/445 449/1/452 450/1/453
f 428/1/448 427/1/446 442/1/454 443/1/455
f 436/1/449 435/1/447 450/1/453 451/1/456
f 429/1/450 428/1/448 443/1/455 444/1/457
f 437/1/451 436/1/449 451/1/456 452/1/458
f 430/1/437 429/1/450 444/1/457 445/1/459
f 438/1/439 437/1/451 452/1/458 453/1/460
f 431/1/438 430/1/437 445/1/459 446/1/461
f 439/1/440 438/1/439 453/1/460 454/1/462
f 432/1/441 431/1/438 446/1/461 447/1/463
f 440/1/442 439/1/440 454/1/462 455/1/464
f 433/1/443 432/1/441 447/1/463 448/1/106
f 426/1/444 561/1/30 441/1/465
f 577/1/32 440/1/442 455/1/464
f 434/1/445 433/1/443 448/1/106 449/1/452
f 427/1/446 426/1/444 441/1/465 442/1/454
f 454/1/462 453/1/460 468/1/466 469/1/467
f 447/1/463 446/1/461 461/1/468 462/1/469
f 455/1/464 454/1/462 469/1/467 470/1/470
f 448/1/106 447/1/463 462/1/469 463/1/471
f 441/1/465 561/1/30 456/1/472
f 577/1/32 455/1/464 470/1/470
f 449/1/452 448/1/106 463/1/471 464/1/473
f 442/1/454 441/1/465 456/1/472 457/1/474
f 450/1/453 449/1/452 464/1/473 465/1/475
f 443/1/455 442/1/454 457/1/474 458/1/476
f 451/1/456 450/1/453 465/1/475 466/1/477
f 444/1/457 443/1/455 458/1/476 459/1/478
f 452/1/458 451/1/456 466/1/477 467/1/479
f 445/1/459 444/1/457 459/1/478 460/1/480
f 453/1/460 452/1/458 467/1/479 468/1/466
f 446/1/461 445/1/459 460/1/480 461/1/468
f 466/1/477 465/1/475 480/1/481 481/1/482
f 459/1/478 458/1/476 473/1/483 474/1/484
f 467/1/479 466/1/477 481/1/482 482/1/485
f 460/1/480 459/1/478 474/1/484 475/1/486
f 468/1/466 467/1/479 482/1/485 483/1/487
f 461/1/468 460/1/480 475/1/486 476/1/488
f 469/1/467 468/1/466 483/1/487 484/1/489
f 462/1/469 461/1/468 476/1/488 477/1/490
f 470/1/470 469/1/467 484/1/489 485/1/491
f 463/1/471 462/1/469 477/1/490 478/1/492
f 456/1/472 561/1/30 471/1/493
f 577/1/32 470/1/470 485/1/491
f 464/1/473 463/1/471 478/1/492 479/1/494
f 457/1/474 456/1/472 471/1/493 472/1/495
f 465/1/475 464/1/473 479/1/494 480/1/481
f 458/1/476 457/1/474 472/1/495 473/1/483
f 485/1/491 484/1/489 499/1/496 500/1/497
f 478/1/492 477/1/490 492/1/498 493/1/499
f 471/1/493 561/1/30 486/1/500
f 577/1/32 485/1/491 500/1/497
f 479/1/494 478/1/492 493/1/499 494/1/501
f 472/1/495 471/1/493 486/1/500 487/1/502
f 480/1/481 479/1/494 494/1/501 495/1/503
f 473/1/483 472/1/495 487/1/502 488/1/504
f 481/1/482 480/1/481 495/1/503 496/1/505
f 474/1/484 473/1/483 488/1/504 489/1/506
f 482/1/485 481/1/482 496/1/505 497/1/507
f 475/1/486 474/1/484 489/1/506 490/1/508
f 483/1/487 482/1/485 497/1/507 498/1/509
f 476/1/488 475/1/486 490/1/508 491/1/510
f 484/1/489 483/1/487 498/1/509 499/1/496
f 477/1/490 476/1/488 491/1/510 492/1/498
f 489/1/506 488/1/504 503/1/511 504/1/512
f 497/1/507 496/1/505 511/1/513 512/1/514
f 490/1/508 489/1/506 504/1/512 505/1/515
f 498/1/509 497/1/507 512/1/514 513/1/516
f 491/1/510 490/1/508 505/1/515 506/1/517
f 499/1/496 498/1/509 513/1/516 514/1/518
f 492/1/498 491/1/510 506/1/517 507/1/519
f 500/1/497 499/1/496 514/1/518 515/1/520
f 493/1/499 492/1/498 507/1/519 508/1/521
f 486/1/500 561/1/30 501/1/522
f 577/1/32 500/1/497 515/1/520
f 494/1/501 493/1/499 508/1/521 509/1/523
f 487/1/502 486/1/500 501/1/522 502/1/524
f 495/1/503 494/1/501 509/1/523 510/1/525
f 488/1/504 487/1/502 502/1/524 503/1/511
f 496/1/505 495/1/503 510/1/525 511/1/513
f 508/1/521 507/1/519 522/1/526 523/1/527
f 501/1/522 561/1/30 516/1/528
f 577/1/32 515/1/520 530/1/529
f 509/1/523 508/1/521 523/1/527 524/1/530
f 502/1/524 501/1/522 516/1/528 517/1/531
f 510/1/525 509/1/523 524/1/530 525/1/532
f 503/1/511 502/1/524 517/1/531 518/1/533
f 511/1/513 510/1/525 525/1/532 526/1/534
f 504/1/512 503/1/511 518/1/533 519/1/535
f 512/1/514 511/1/513 526/1/534 527/1/536
f 505/1/515 504/1/512 519/1/535 520/1/537
f 513/1/516 512/1/514 527/1/536 528/1/538
f 506/1/517 505/1/515 520/1/537 521/1/539
f 514/1/518 513/1/516 528/1/538 529/1/540
f 507/1/519 506/1/517 521/1/539 522/1/526
f 515/1/520 514/1/518 529/1/540 530/1/529
f 527/1/536 526/1/534 541/1/541 542/1/542
f 520/1/537 519/1/535 534/1/543 535/1/544
f 528/1/538 527/1/536 542/1/542 543/1/545
f 521/1/539 520/1/537 535/1/544 536/1/546
f 529/1/540 528/1/538 543/1/545 544/1/547
f 522/1/526 521/1/539 536/1/546 537/1/548
f 530/1/529 529/1/540 544/1/547 545/1/549
f 523/1/527 522/1/526 537/1/548 538/1/192
f 516/1/528 561/1/30 531/1/550
f 577/1/32 530/1/529 545/1/549
f 524/1/530 523/1/527 538/1/192 539/1/551
f 517/1/531 516/1/528 531/1/550 532/1/552
f 525/1/532 524/1/530 539/1/551 540/1/553
f 518/1/533 517/1/531 532/1/552 533/1/554
f 526/1/534 525/1/532 540/1/553 541/1/541
f 519/1/535 518/1/533 533/1/554 534/1/543
f 531/1/550 561/1/30 546/1/555
f 577/1/32 545/1/549 560/1/556
f 539/1/551 538/1/192 553/1/557 554/1/558
f 532/1/552 531/1/550 546/1/555 547/1/559
f 540/1/553 539/1/551 554/1/558 555/1/560
f 533/1/554 532/1/552 547/1/559 548/1/561
f 541/1/541 540/1/553 555/1/560 556/1/562
f 534/1/543 533/1/554 548/1/561 549/1/563
f 542/1/542 541/1/541 556/1/562 557/1/564
f 535/1/544 534/1/543 549/1/563 550/1/565
f 543/1/545 542/1/542 557/1/564 558/1/566
f 536/1/546 535/1/544 550/1/565 551/1/567
f 544/1/547 543/1/545 558/1/566 559/1/568
f 537/1/548 536/1/546 551/1/567 552/1/569
f 545/1/549 544/1/547 559/1/568 560/1/556
f 538/1/192 537/1/548 552/1/569 553/1/557
f 550/1/565 549/1/563 565/1/570 566/1/571
f 558/1/566 557/1/564 573/1/572 574/1/573
f 551/1/567 550/1/565 566/1/571 567/1/574
f 559/1/568 558/1/566 574/1/573 575/1/575
f 552/1/569 551/1/567 567/1/574 568/1/576
f 560/1/556 559/1/568 575/1/575 576/1/577
f 553/1/557 552/1/569 568/1/576 569/1/578
f 546/1/555 561/1/30 562/1/579
f 577/1/32 560/1/556 576/1/577
f 554/1/558 553/1/557 569/1/578 570/1/580
f 547/1/559 546/1/555 562/1/579 563/1/581
f 555/1/560 554/1/558 570/1/580 571/1/582
f 548/1/561 547/1/559 563/1/581 564/1/583
f 556/1/562 555/1/560 571/1/582 572/1/584
f 549/1/563 548/1/561 564/1/583 565/1/570
f 557/1/564 556/1/562 572/1/584 573/1/572
f 570/1/580 569/1/578 585/1/585 586/1/586
f 563/1/581 562/1/579 578/1/587 579/1/588
f 571/1/582 570/1/580 586/1/586 587/1/589
f 564/1/583 563/1/581 579/1/588 580/1/590
f 572/1/584 571/1/582 587/1/589 588/1/591
f 565/1/570 564/1/583 580/1/590 581/1/592
f 573/1/572 572/1/584 588/1/591 589/1/593
f 566/1/571 565/1/570 581/1/592 582/1/594
f 574/1/573 573/1/572 589/1/593 590/1/595
f 567/1/574 566/1/571 582/1/594 583/1/596
f 575/1/575 574/1/573 590/1/595 591/1/597
f 568/1/576 567/1/574 583/1/596 584/1/598
f 576/1/577 575/1/575 591/1/597 592/1/599
f 569/1/578 568/1/576 584/1/598 585/1/585
f 562/1/579 561/1/30 578/1/587
f 577/1/32 576/1/577 592/1/599
f 590/1/595 589/1/593 604/1/600 605/1/601
f 583/1/596 582/1/594 597/1/602 598/1/603
f 591/1/597 590/1/595 605/1/601 606/1/604
f 584/1/598 583/1/596 598/1/603 599/1/605
f 592/1/599 591/1/597 606/1/604 607/1/606
f 585/1/585 584/1/598 599/1/605 600/1/607
f 578/1/587 561/1/30 593/1/608
f 577/1/32 592/1/599 607/1/606
f 586/1/586 585/1/585 600/1/607 601/1/609
f 579/1/588 578/1/587 593/1/608 594/1/610
f 587/1/589 586/1/586 601/1/609 602/1/611
f 580/1/590 579/1/588 594/1/610 595/1/612
f 588/1/591 587/1/589 602/1/611 603/1/613
f 581/1/592 580/1/590 595/1/612 596/1/614
f 589/1/593 588/1/591 603/1/613 604/1/600
f 582/1/594 581/1/592 596/1/614 597/1/602
f 602/1/611 601/1/609 616/1/615 617/1/616
f 595/1/612 594/1/610 609/1/617 610/1/618
f 603/1/613 602/1/611 617/1/616 618/1/619
f 596/1/614 595/1/612 610/1/618 611/1/620
f 604/1/600 603/1/613 618/1/619 619/1/621
f 597/1/602 596/1/614 611/1/620 612/1/622
f 605/1/601 604/1/600 619/1/621 620/1/623
f 598/1/603 597/1/602 612/1/622 613/1/624
f 606/1/604 605/1/601 620/1/623 621/1/625
f 599/1/605 598/1/603 613/1/624 614/1/626
f 607/1/606 606/1/604 621/1/625 622/1/627
f 600/1/607 599/1/605 614/1/626 615/1/628
f 593/1/608 561/1/30 608/1/629
f 577/1/32 607/1/606 622/1/627
f 601/1/609 600/1/607 615/1/628 616/1/615
f 594/1/610 593/1/608 608/1/629 609/1/617
f 621/1/625 620/1/623 635/1/630 636/1/631
f 614/1/626 613/1/624 628/1/632 629/1/633
f 622/1/627 621/1/625 636/1/631 637/1/634
f 615/1/628 614/1/626 629/1/633 630/1/278
f 608/1/629 561/1/30 623/1/635
f 577/1/32 622/1/627 637/1/634
f 616/1/615 615/1/628 630/1/278 631/1/636
f 609/1/617 608/1/629 623/1/635 624/1/637
f 617/1/616 616/1/615 631/1/636 632/1/638
f 610/1/618 609/1/617 624/1/637 625/1/639
f 618/1/619 617/1/616 632/1/638 633/1/640
f 611/1/620 610/1/618 625/1/639 626/1/641
f 619/1/621 618/1/619 633/1/640 634/1/642
f 612/1/622 611/1/620 626/1/641 627/1/643
f 620/1/623 619/1/621 634/1/642 635/1/630
f 613/1/624 612/1/622 627/1/643 628/1/632
f 625/1/639 624/1/637 639/1/644 640/1/645
f 633/1/640 632/1/638 647/1/646 648/1/647
f 626/1/641 625/1/639 640/1/645 641/1/648
f 634/1/642 633/1/640 648/1/647 649/1/649
f 627/1/643 626/1/641 641/1/648 642/1/650
f 635/1/630 634/1/642 649/1/649 650/1/651
f 628/1/632 627/1/643 642/1/650 643/1/652
f 636/1/631 635/1/630 650/1/651 651/1/653
f 629/1/633 628/1/632 643/1/652 644/1/654
f 637/1/634 636/1/631 651/1/653 652/1/655
f 630/1/278 629/1/633 644/1/654 645/1/656
f 623/1/635 561/1/30 638/1/657
f 577/1/32 637/1/634 652/1/655
f 631/1/636 630/1/278 645/1/656 646/1/658
f 624/1/637 623/1/635 638/1/657 639/1/644
f 632/1/638 631/1/636 646/1/658 647/1/646
f 644/1/654 643/1/652 658/1/659 659/1/660
f 652/1/655 651/1/653 666/1/661 667/1/662
f 645/1/656 644/1/654 659/1/660 660/1/663
f 638/1/657 561/1/30 653/1/664
f 577/1/32 652/1/655 667/1/662
f 646/1/658 645/1/656 660/1/663 661/1/665
f 639/1/644 638/1/657 653/1/664 654/1/666
f 647/1/646 646/1/658 661/1/665 662/1/667
f 640/1/645 639/1/644 654/1/666 655/1/668
f 648/1/647 647/1/646 662/1/667 663/1/669
f 641/1/648 640/1/645 655/1/668 656/1/670
f 649/1/649 648/1/647 663/1/669 664/1/671
f 642/1/650 641/1/648 656/1/670 657/1/672
f 650/1/651 649/1/649 664/1/671 665/1/673
f 643/1/652 642/1/650 657/1/672 658/1/659
f 651/1/653 650/1/651 665/1/673 666/1/661
f 663/1/669 662/1/667 677/1/674 678/1/675
f 656/1/670 655/1/668 670/1/676 671/1/677
f 664/1/671 663/1/669 678/1/675 679/1/678
f 657/1/672 656/1/670 671/1/677 672/1/679
f 665/1/673 664/1/671 679/1/678 680/1/680
f 658/1/659 657/1/672 672/1/679 673/1/681
f 666/1/661 665/1/673 680/1/680 681/1/682
f 659/1/660 658/1/659 673/1/681 674/1/683
f 667/1/662 666/1/661 681/1/682 682/1/684
f 660/1/663 659/1/660 674/1/683 675/1/685
f 653/1/664 561/1/30 668/1/686
f 577/1/32 667/1/662 682/1/684
f 661/1/665 660/1/663 675/1/685 676/1/687
f 654/1/666 653/1/664 668/1/686 669/1/688
f 662/1/667 661/1/665 676/1/687 677/1/674
f 655/1/668 654/1/666 669/1/688 670/1/676
f 682/1/684 681/1/682 696/1/689 697/1/690
f 675/1/685 674/1/683 689/1/691 690/1/692
f 668/1/686 561/1/30 683/1/693
f 577/1/32 682/1/684 697/1/690
f 676/1/687 675/1/685 690/1/692 691/1/694
f 669/1/688 668/1/686 683/1/693 684/1/695
f 677/1/674 676/1/687 691/1/694 692/1/696
f 670/1/676 669/1/688 684/1/695 685/1/697
f 678/1/675 677/1/674 692/1/696 693/1/698
f 671/1/677 670/1/676 685/1/697 686/1/699
f 679/1/678 678/1/675 693/1/698 694/1/700
f 672/1/679 671/1/677 686/1/699 687/1/701
f 680/1/680 679/1/678 694/1/700 695/1/702
f 673/1/681 672/1/679 687/1/701 688/1/703
f 681/1/682 680/1/680 695/1/702 696/1/689
f 674/1/683 673/1/681 688/1/703 689/1/691
f 686/1/699 685/1/697 700/1/704 701/1/705
f 694/1/700 693/1/698 708/1/706 709/1/707
f 687/1/701 686/1/699 701/1/705 702/1/708
f 695/1/702 694/1/700 709/1/707 710/1/709
f 688/1/703 687/1/701 702/1/708 703/1/710
f 696/1/689 695/1/702 710/1/709 711/1/711
f 689/1/691 688/1/703 703/1/710 704/1/712
f 697/1/690 696/1/689 711/1/711 712/1/713
f 690/1/692 689/1/691 704/1/712 705/1/714
f 683/1/693 561/1/30 698/1/715
f 577/1/32 697/1/690 712/1/713
f 691/1/694 690/1/692 705/1/714 706/1/716
f 684/1/695 683/1/693 698/1/715 699/1/717
f 692/1/696 691/1/694 706/1/716 707/1/718
f 685/1/697 684/1/695 699/1/717 700/1/704
f 693/1/698 692/1/696 707/1/718 708/1/706
f 705/1/714 704/1/712 717/1/385 718/1/27
f 698/1/715 561/1/30 713/1/390
f 577/1/32 712/1/713 724/1/387
f 706/1/716 705/1/714 718/1/27 719/1/364
f 699/1/717 698/1/715 713/1/390 714/1/368
f 707/1/718 706/1/716 719/1/364 720/1/363
f 700/1/704 699/1/717 714/1/368 715/1/367
f 708/1/706 707/1/718 720/1/363 365/1/371
f 701/1/705 700/1/704 715/1/367 716/1/373
f 709/1/707 708/1/706 365/1/371 721/1/375
f 702/1/708 701/1/705 716/1/373 363/1/377
f 710/1/709 709/1/707 721/1/375 722/1/379
f 703/1/710 702/1/708 363/1/377 364/1/381
f 711/1/711 710/1/709 722/1/379 723/1/383
f 704/1/712 703/1/710 364/1/381 717/1/385
f 712/1/713 711/1/711 723/1/383 724/1/387
f 358/2/1 357/2/2 12/2/3 13/2/4
f 353/2/5 352/2/6 5/2/7 6/2/8
f 3/2/9 358/2/1 13/2/4 14/2/10
f 354/2/11 353/2/5 6/2/8 7/2/12
f 359/2/13 3/2/9 14/2/10 15/2/14
f 1/2/15 354/2/11 7/2/12 8/2/16
f 360/2/17 359/2/13 15/2/14 16/2/18
f 2/2/19 1/2/15 8/2/16 9/2/20
f 361/2/21 360/2/17 16/2/18 17/2/22
f 355/2/23 2/2/19 9/2/20 10/2/24
f 362/2/25 361/2/21 17/2/22 18/2/26
f 356/2/27 355/2/23 10/2/24 11/2/28
f 351/2/29 199/2/30 4/2/31
f 215/2/32 362/2/25 18/2/26
f 357/2/2 356/2/27 11/2/28 12/2/3
f 352/2/6 351/2/29 4/2/31 5/2/7
f 12/2/3 11/2/28 26/2/33 27/2/34
f 5/2/7 4/2/31 19/2/35 20/2/36
f 13/2/4 12/2/3 27/2/34 28/2/37
f 6/2/8 5/2/7 20/2/36 21/2/38
f 14/2/10 13/2/4 28/2/37 29/2/39
f 7/2/12 6/2/8 21/2/38 22/2/40
f 15/2/14 14/2/10 29/2/39 30/2/41
f 8/2/16 7/2/12 22/2/40 23/2/42
f 16/2/18 15/2/14 30/2/41 31/2/43
f 9/2/20 8/2/16 23/2/42 24/2/44
f 17/2/22 16/2/18 31/2/43 32/2/45
f 10/2/24 9/2/20 24/2/44 25/2/46
f 18/2/26 17/2/22 32/2/45 33/2/47
f 11/2/28 10/2/24 25/2/46 26/2/33
f 4/2/31 199/2/30 19/2/35
f 215/2/32 18/2/26 33/2/47
f 31/2/43 30/2/41 45/2/48 46/2/49
f 24/2/44 23/2/42 38/2/50 39/2/51
f 32/2/45 31/2/43 46/2/49 47/2/52
f 25/2/46 24/2/44 39/2/51 40/2/53
f 33/2/47 32/2/45 47/2/52 48/2/54
f 26/2/33 25/2/46 40/2/53 41/2/55
f 19/2/35 199/2/30 34/2/56
f 215/2/32 33/2/47 48/2/54
f 27/2/34 26/2/33 41/2/55 42/2/57
f 20/2/36 19/2/35 34/2/56 35/2/58
f 28/2/37 27/2/34 42/2/57 43/2/59
f 21/2/38 20/2/36 35/2/58 36/2/60
f 29/2/39 28/2/37 43/2/59 44/2/61
f 22/2/40 21/2/38 36/2/60 37/2/62
f 30/2/41 29/2/39 44/2/61 45/2/48
f 23/2/42 22/2/40 37/2/62 38/2/50
f 35/2/58 34/2/56 49/2/63 50/2/64
f 43/2/59 42/2/57 57/2/65 58/2/66
f 36/2/60 35/2/58 50/2/64 51/2/67
f 44/2/61 43/2/59 58/2/66 59/2/68
f 37/2/62 36/2/60 51/2/67 52/2/69
f 45/2/48 44/2/61 59/2/68 60/2/70
f 38/2/50 37/2/62 52/2/69 53/2/71
f 46/2/49 45/2/48 60/2/70 61/2/72
f 39/2/51 38/2/50 53/2/71 54/2/73
f 47/2/52 46/2/49 61/2/72 62/2/74
f 40/2/53 39/2/51 54/2/73 55/2/75
f 48/2/54 47/2/52 62/2/74 63/2/76
f 41/2/55 40/2/53 55/2/75 56/2/77
f 34/2/56 199/2/30 49/2/63
f 215/2/32 48/2/54 63/2/76
f 42/2/57 41/2/55 56/2/77 57/2/65
f 54/2/73 53/2/71 68/2/78 69/2/79
f 62/2/74 61/2/72 76/2/80 77/2/81
f 55/2/75 54/2/73 69/2/79 70/2/82
f 63/2/76 62/2/74 77/2/81 78/2/83
f 56/2/77 55/2/75 70/2/82 71/2/84
f 49/2/63 199/2/30 64/2/85
f 215/2/32 63/2/76 78/2/83
f 57/2/65 56/2/77 71/2/84 72/2/86
f 50/2/64 49/2/63 64/2/85 65/2/87
f 58/2/66 57/2/65 72/2/86 73/2/88
f 51/2/67 50/2/64 65/2/87 66/2/89
f 59/2/68 58/2/66 73/2/88 74/2/90
f 52/2/69 51/2/67 66/2/89 67/2/91
f 60/2/70 59/2/68 74/2/90 75/2/92
f 53/2/71 52/2/69 67/2/91 68/2/78
f 61/2/72 60/2/70 75/2/92 76/2/80
f 73/2/88 72/2/86 87/2/93 88/2/94
f 66/2/89 65/2/87 80/2/95 81/2/96
f 74/2/90 73/2/88 88/2/94 89/2/97
f 67/2/91 66/2/89 81/2/96 82/2/98
f 75/2/92 74/2/90 89/2/97 90/2/99
f 68/2/78 67/2/91 82/2/98 83/2/100
f 76/2/80 75/2/92 90/2/99 91/2/101
f 69/2/79 68/2/78 83/2/100 84/2/102
f 77/2/81 76/2/80 91/2/101 92/2/103
f 70/2/82 69/2/79 84/2/102 85/2/104
f 78/2/83 77/2/81 92/2/103 93/2/105
f 71/2/84 70/2/82 85/2/104 86/2/106
f 64/2/85 199/2/30 79/2/107
f 215/2/32 78/2/83 93/2/105
f 72/2/86 71/2/84 86/2/106 87/2/93
f 65/2/87 64/2/85 79/2/107 80/2/95
f 92/2/103 91/2/101 106/2/108 107/2/109
f 85/2/104 84/2/102 99/2/110 100/2/111
f 93/2/105 92/2/103 107/2/109 108/2/112
f 86/2/106 85/2/104 100/2/111 101/2/113
f 79/2/107 199/2/30 94/2/114
f 215/2/32 93/2/105 108/2/112
f 87/2/93 86/2/106 101/2/113 102/2/115
f 80/2/95 79/2/107 94/2/114 95/2/116
f 88/2/94 87/2/93 102/2/115 103/2/117
f 81/2/96 80/2/95 95/2/116 96/2/118
f 89/2/97 88/2/94 103/2/117 104/2/119
f 82/2/98 81/2/96 96/2/118 97/2/120
f 90/2/99 89/2/97 104/2/119 105/2/121
f 83/2/100 82/2/98 97/2/120 98/2/122
f 91/2/101 90/2/99 105/2/121 106/2/108
f 84/2/102 83/2/100 98/2/122 99/2/110
f 104/2/119 103/2/117 118/2/123 119/2/124
f 97/2/120 96/2/118 111/2/125 112/2/126
f 105/2/121 104/2/119 119/2/124 120/2/127
f 98/2/122 97/2/120 112/2/126 113/2/128
f 106/2/108 105/2/121 120/2/127 121/2/129
f 99/2/110 98/2/122 113/2/128 114/2/130
f 107/2/109 106/2/108 121/2/129 122/2/131
f 100/2/111 99/2/110 114/2/130 115/2/132
f 108/2/112 107/2/109 122/2/131 123/2/133
f 101/2/113 100/2/111 115/2/132 116/2/134
f 94/2/114 199/2/30 109/2/135
f 215/2/32 108/2/112 123/2/133
f 102/2/115 101/2/113 116/2/134 117/2/136
f 95/2/116 94/2/114 109/2/135 110/2/137
f 103/2/117 102/2/115 117/2/136 118/2/123
f 96/2/118 95/2/116 110/2/137 111/2/125
f 123/2/133 122/2/131 137/2/138 138/2/139
f 116/2/134 115/2/132 130/2/140 131/2/141
f 109/2/135 199/2/30 124/2/142
f 215/2/32 123/2/133 138/2/139
f 117/2/136 116/2/134 131/2/141 132/2/143
f 110/2/137 109/2/135 124/2/142 125/2/144
f 118/2/123 117/2/136 132/2/143 133/2/145
f 111/2/125 110/2/137 125/2/144 126/2/146
f 119/2/124 118/2/123 133/2/145 134/2/147
f 112/2/126 111/2/125 126/2/146 127/2/148
f 120/2/127 119/2/124 134/2/147 135/2/149
f 113/2/128 112/2/126 127/2/148 128/2/150
f 121/2/129 120/2/127 135/2/149 136/2/151
f 114/2/130 113/2/128 128/2/150 129/2/152
f 122/2/131 121/2/129 136/2/151 137/2/138
f 115/2/132 114/2/130 129/2/152 130/2/140
f 127/2/148 126/2/146 141/2/153 142/2/154
f 135/2/149 134/2/147 149/2/155 150/2/156
f 128/2/150 127/2/148 142/2/154 143/2/157
f 136/2/151 135/2/149 150/2/156 151/2/158
f 129/2/152 128/2/150 143/2/157 144/2/159
f 137/2/138 136/2/151 151/2/158 152/2/160
f 130/2/140 129/2/152 144/2/159 145/2/161
f 138/2/139 137/2/138 152/2/160 153/2/162
f 131/2/141 130/2/140 145/2/161 146/2/163
f 124/2/142 199/2/30 139/2/164
f 215/2/32 138/2/139 153/2/162
f 132/2/143 131/2/141 146/2/163 147/2/165
f 125/2/144 124/2/142 139/2/164 140/2/166
f 133/2/145 132/2/143 147/2/165 148/2/167
f 126/2/146 125/2/144 140/2/166 141/2/153
f 134/2/147 133/2/145 148/2/167 149/2/155
f 146/2/163 145/2/161 160/2/168 161/2/169
f 139/2/164 199/2/30 154/2/170
f 215/2/32 153/2/162 168/2/171
f 147/2/165 146/2/163 161/2/169 162/2/172
f 140/2/166 139/2/164 154/2/170 155/2/173
f 148/2/167 147/2/165 162/2/172 163/2/174
f 141/2/153 140/2/166 155/2/173 156/2/175
f 149/2/155 148/2/167 163/2/174 164/2/176
f 142/2/154 141/2/153 156/2/175 157/2/177
f 150/2/156 149/2/155 164/2/176 165/2/178
f 143/2/157 142/2/154 157/2/177 158/2/179
f 151/2/158 150/2/156 165/2/178 166/2/180
f 144/2/159 143/2/157 158/2/179 159/2/181
f 152/2/160 151/2/158 166/2/180 167/2/182
f 145/2/161 144/2/159 159/2/181 160/2/168
f 153/2/162 152/2/160 167/2/182 168/2/171
f 165/2/178 164/2/176 179/2/183 180/2/184
f 158/2/179 157/2/177 172/2/185 173/2/186
f 166/2/180 165/2/178 180/2/184 181/2/187
f 159/2/181 158/2/179 173/2/186 174/2/188
f 167/2/182 166/2/180 181/2/187 182/2/189
f 160/2/168 159/2/181 174/2/188 175/2/190
f 168/2/171 167/2/182 182/2/189 183/2/191
f 161/2/169 160/2/168 175/2/190 176/2/192
f 154/2/170 199/2/30 169/2/193
f 215/2/32 168/2/171 183/2/191
f 162/2/172 161/2/169 176/2/192 177/2/194
f 155/2/173 154/2/170 169/2/193 170/2/195
f 163/2/174 162/2/172 177/2/194 178/2/196
f 156/2/175 155/2/173 170/2/195 171/2/197
f 164/2/176 163/2/174 178/2/196 179/2/183
f 157/2/177 156/2/175 171/2/197 172/2/185
f 169/2/193 199/2/30 184/2/198
f 215/2/32 183/2/191 198/2/199
f 177/2/194 176/2/192 191/2/200 192/2/201
f 170/2/195 169/2/193 184/2/198 185/2/202
f 178/2/196 177/2/194 192/2/201 193/2/203
f 171/2/197 170/2/195 185/2/202 186/2/204
f 179/2/183 178/2/196 193/2/203 194/2/205
f 172/2/185 171/2/197 186/2/204 187/2/206
f 180/2/184 179/2/183 194/2/205 195/2/207
f 173/2/186 172/2/185 187/2/206 188/2/208
f 181/2/187 180/2/184 195/2/207 196/2/209
f 174/2/188 173/2/186 188/2/208 189/2/210
f 182/2/189 181/2/187 196/2/209 197/2/211
f 175/2/190 174/2/188 189/2/210 190/2/212
f 183/2/191 182/2/189 197/2/211 198/2/199
f 176/2/192 175/2/190 190/2/212 191/2/200
f 188/2/208 187/2/206 203/2/213 204/2/214
f 196/2/209 195/2/207 211/2/215 212/2/216
f 189/2/210 188/2/208 204/2/214 205/2/217
f 197/2/211 196/2/209 212/2/216 213/2/218
f 190/2/212 189/2/210 205/2/217 206/2/219
f 198/2/199 197/2/211 213/2/218 214/2/220
f 191/2/200 190/2/212 206/2/219 207/2/221
f 184/2/198 199/2/30 200/2/222
f 215/2/32 198/2/199 214/2/220
f 192/2/201 191/2/200 207/2/221 208/2/223
f 185/2/202 184/2/198 200/2/222 201/2/224
f 193/2/203 192/2/201 208/2/223 209/2/225
f 186/2/204 185/2/202 201/2/224 202/2/226
f 194/2/205 193/2/203 209/2/225 210/2/227
f 187/2/206 186/2/204 202/2/226 203/2/213
f 195/2/207 194/2/205 210/2/227 211/2/215
f 208/2/223 207/2/221 223/2/228 224/2/229
f 201/2/224 200/2/222 216/2/230 217/2/231
f 209/2/225 208/2/223 224/2/229 225/2/232
f 202/2/226 201/2/224 217/2/231 218/2/233
f 210/2/227 209/2/225 225/2/232 226/2/234
f 203/2/213 202/2/226 218/2/233 219/2/235
f 211/2/215 210/2/227 226/2/234 227/2/236
f 204/2/214 203/2/213 219/2/235 220/2/237
f 212/2/216 211/2/215 227/2/236 228/2/238
f 205/2/217 204/2/214 220/2/237 221/2/239
f 213/2/218 212/2/216 228/2/238 229/2/240
f 206/2/219 205/2/217 221/2/239 222/2/241
f 214/2/220 213/2/218 229/2/240 230/2/242
f 207/2/221 206/2/219 222/2/241 223/2/228
f 200/2/222 199/2/30 216/2/230
f 215/2/32 214/2/220 230/2/242
f 228/2/238 227/2/236 242/2/243 243/2/244
f 221/2/239 220/2/237 235/2/245 236/2/246
f 229/2/240 228/2/238 243/2/244 244/2/247
f 222/2/241 221/2/239 236/2/246 237/2/248
f 230/2/242 229/2/240 244/2/247 245/2/249
f 223/2/228 222/2/241 237/2/248 238/2/250
f 216/2/230 199/2/30 231/2/251
f 215/2/32 230/2/242 245/2/249
f 224/2/229 223/2/228 238/2/250 239/2/252
f 217/2/231 216/2/230 231/2/251 232/2/253
f 225/2/232 224/2/229 239/2/252 240/2/254
f 218/2/233 217/2/231 232/2/253 233/2/255
f 226/2/234 225/2/232 240/2/254 241/2/256
f 219/2/235 218/2/233 233/2/255 234/2/257
f 227/2/236 226/2/234 241/2/256 242/2/243
f 220/2/237 219/2/235 234/2/257 235/2/245
f 240/2/254 239/2/252 254/2/258 255/2/259
f 233/2/255 232/2/253 247/2/260 248/2/261
f 241/2/256 240/2/254 255/2/259 256/2/262
f 234/2/257 233/2/255 248/2/261 249/2/263
f 242/2/243 241/2/256 256/2/262 257/2/264
f 235/2/245 234/2/257 249/2/263 250/2/265
f 243/2/244 242/2/243 257/2/264 258/2/266
f 236/2/246 235/2/245 250/2/265 251/2/267
f 244/2/247 243/2/244 258/2/266 259/2/268
f 237/2/248 236/2/246 251/2/267 252/2/269
f 245/2/249 244/2/247 259/2/268 260/2/270
f 238/2/250 237/2/248 252/2/269 253/2/271
f 231/2/251 199/2/30 246/2/272
f 215/2/32 245/2/249 260/2/270
f 239/2/252 238/2/250 253/2/271 254/2/258
f 232/2/253 231/2/251 246/2/272 247/2/260
f 259/2/268 258/2/266 273/2/273 274/2/274
f 252/2/269 251/2/267 266/2/275 267/2/276
f 260/2/270 259/2/268 274/2/274 275/2/277
f 253/2/271 252/2/269 267/2/276 268/2/278
f 246/2/272 199/2/30 261/2/279
f 215/2/32 260/2/270 275/2/277
f 254/2/258 253/2/271 268/2/278 269/2/280
f 247/2/260 246/2/272 261/2/279 262/2/281
f 255/2/259 254/2/258 269/2/280 270/2/282
f 248/2/261 247/2/260 262/2/281 263/2/283
f 256/2/262 255/2/259 270/2/282 271/2/284
f 249/2/263 248/2/261 263/2/283 264/2/285
f 257/2/264 256/2/262 271/2/284 272/2/286
f 250/2/265 249/2/263 264/2/285 265/2/287
f 258/2/266 257/2/264 272/2/286 273/2/273
f 251/2/267 250/2/265 265/2/287 266/2/275
f 263/2/283 262/2/281 277/2/288 278/2/289
f 271/2/284 270/2/282 285/2/290 286/2/291
f 264/2/285 263/2/283 278/2/289 279/2/292
f 272/2/286 271/2/284 286/2/291 287/2/293
f 265/2/287 264/2/285 279/2/292 280/2/294
f 273/2/273 272/2/286 287/2/293 288/2/295
f 266/2/275 265/2/287 280/2/294 281/2/296
f 274/2/274 273/2/273 288/2/295 289/2/297
f 267/2/276 266/2/275 281/2/296 282/2/298
f 275/2/277 274/2/274 289/2/297 290/2/299
f 268/2/278 267/2/276 282/2/298 283/2/300
f 261/2/279 199/2/30 276/2/301
f 215/2/32 275/2/277 290/2/299
f 269/2/280 268/2/278 283/2/300 284/2/302
f 262/2/281 261/2/279 276/2/301 277/2/288
f 270/2/282 269/2/280 284/2/302 285/2/290
f 282/2/298 281/2/296 296/2/303 297/2/304
f 290/2/299 289/2/297 304/2/305 305/2/306
f 283/2/300 282/2/298 297/2/304 298/2/307
f 276/2/301 199/2/30 291/2/308
f 215/2/32 290/2/299 305/2/306
f 284/2/302 283/2/300 298/2/307 299/2/309
f 277/2/288 276/2/301 291/2/308 292/2/310
f 285/2/290 284/2/302 299/2/309 300/2/311
f 278/2/289 277/2/288 292/2/310 293/2/312
f 286/2/291 285/2/290 300/2/311 301/2/313
f 279/2/292 278/2/289 293/2/312 294/2/314
f 287/2/293 286/2/291 301/2/313 302/2/315
f 280/2/294 279/2/292 294/2/314 295/2/316
f 288/2/295 287/2/293 302/2/315 303/2/317
f 281/2/296 280/2/294 295/2/316 296/2/303
f 289/2/297 288/2/295 303/2/317 304/2/305
f 301/2/313 300/2/311 315/2/318 316/2/319
f 294/2/314 293/2/312 308/2/320 309/2/321
f 302/2/315 301/2/313 316/2/319 317/2/322
f 295/2/316 294/2/314 309/2/321 310/2/323
f 303/2/317 302/2/315 317/2/322 318/2/324
f 296/2/303 295/2/316 310/2/323 311/2/325
f 304/2/305 303/2/317 318/2/324 319/2/326
f 297/2/304 296/2/303 311/2/325 312/2/327
f 305/2/306 304/2/305 319/2/326 320/2/328
f 298/2/307 297/2/304 312/2/327 313/2/329
f 291/2/308 199/2/30 306/2/330
f 215/2/32 305/2/306 320/2/328
f 299/2/309 298/2/307 313/2/329 314/2/331
f 292/2/310 291/2/308 306/2/330 307/2/332
f 300/2/311 299/2/309 314/2/331 315/2/318
f 293/2/312 292/2/310 307/2/332 308/2/320
f 320/2/328 319/2/326 334/2/333 335/2/334
f 313/2/329 312/2/327 327/2/335 328/2/336
f 306/2/330 199/2/30 321/2/337
f 215/2/32 320/2/328 335/2/334
f 314/2/331 313/2/329 328/2/336 329/2/338
f 307/2/332 306/2/330 321/2/337 322/2/339
f 315/2/318 314/2/331 329/2/338 330/2/340
f 308/2/320 307/2/332 322/2/339 323/2/341
f 316/2/319 315/2/318 330/2/340 331/2/342
f 309/2/321 308/2/320 323/2/341 324/2/343
f 317/2/322 316/2/319 331/2/342 332/2/344
f 310/2/323 309/2/321 324/2/343 325/2/345
f 318/2/324 317/2/322 332/2/344 333/2/346
f 311/2/325 310/2/323 325/2/345 326/2/347
f 319/2/326 318/2/324 333/2/346 334/2/333
f 312/2/327 311/2/325 326/2/347 327/2/335
f 324/2/343 323/2/341 338/2/348 339/2/349
f 332/2/344 331/2/342 346/2/350 347/2/351
f 325/2/345 324/2/343 339/2/349 340/2/352
f 333/2/346 332/2/344 347/2/351 348/2/353
f 326/2/347 325/2/345 340/2/352 341/2/354
f 334/2/333 333/2/346 348/2/353 349/2/355
f 327/2/335 326/2/347 341/2/354 342/2/356
f 335/2/334 334/2/333 349/2/355 350/2/357
f 328/2/336 327/2/335 342/2/356 343/2/358
f 321/2/337 199/2/30 336/2/359
f 215/2/32 335/2/334 350/2/357
f 329/2/338 328/2/336 343/2/358 344/2/360
f 322/2/339 321/2/337 336/2/359 337/2/361
f 330/2/340 329/2/338 344/2/360 345/2/362
f 323/2/341 322/2/339 337/2/361 338/2/348
f 331/2/342 330/2/340 345/2/362 346/2/350
f 343/2/358 342/2/356 355/2/23 356/2/27
f 336/2/359 199/2/30 351/2/29
f 215/2/32 350/2/357 362/2/25
f 344/2/360 343/2/358 356/2/27 357/2/2
f 337/2/361 336/2/359 351/2/29 352/2/6
f 345/2/362 344/2/360 357/2/2 358/2/1
f 338/2/348 337/2/361 352/2/6 353/2/5
f 346/2/350 345/2/362 358/2/1 3/2/9
f 339/2/349 338/2/348 353/2/5 354/2/11
f 347/2/351 346/2/350 3/2/9 359/2/13
f 340/2/352 339/2/349 354/2/11 1/2/15
f 348/2/353 347/2/351 359/2/13 360/2/17
f 341/2/354 340/2/352 1/2/15 2/2/19
f 349/2/355 348/2/353 360/2/17 361/2/21
f 342/2/356 341/2/354 2/2/19 355/2/23
f 350/2/357 349/2/355 361/2/21 362/2/25
f 1081/2/719 1080/2/27 735/2/720 736/2/721
f 1076/2/722 1075/2/723 728/2/724 729/2/725
f 1082/2/726 1081/2/719 736/2/721 737/2/727
f 1077/2/728 1076/2/722 729/2/725 730/2/729
f 727/2/730 1082/2/726 737/2/727 738/2/731
f 1078/2/732 1077/2/728 730/2/729 731/2/733
f 1083/2/734 727/2/730 738/2/731 739/2/735
f 725/2/736 1078/2/732 731/2/733 732/2/737
f 1084/2/738 1083/2/734 739/2/735 740/2/739
f 726/2/740 725/2/736 732/2/737 733/2/741
f 1085/2/742 1084/2/738 740/2/739 741/2/743
f 1079/2/744 726/2/740 733/2/741 734/2/745
f 1086/2/746 1085/2/742 741/2/743 742/2/747
f 1080/2/27 1079/2/744 734/2/745 735/2/720
f 1075/2/723 923/2/30 728/2/724
f 939/2/32 1086/2/746 742/2/747
f 742/2/747 741/2/743 756/2/748 757/2/749
f 735/2/720 734/2/745 749/2/750 750/2/751
f 728/2/724 923/2/30 743/2/752
f 939/2/32 742/2/747 757/2/749
f 736/2/721 735/2/720 750/2/751 751/2/753
f 729/2/725 728/2/724 743/2/752 744/2/754
f 737/2/727 736/2/721 751/2/753 752/2/755
f 730/2/729 729/2/725 744/2/754 745/2/756
f 738/2/731 737/2/727 752/2/755 753/2/757
f 731/2/733 730/2/729 745/2/756 746/2/758
f 739/2/735 738/2/731 753/2/757 754/2/759
f 732/2/737 731/2/733 746/2/758 747/2/760
f 740/2/739 739/2/735 754/2/759 755/2/761
f 733/2/741 732/2/737 747/2/760 748/2/762
f 741/2/743 740/2/739 755/2/761 756/2/748
f 734/2/745 733/2/741 748/2/762 749/2/750
f 754/2/759 753/2/757 768/2/763 769/2/764
f 747/2/760 746/2/758 761/2/765 762/2/766
f 755/2/761 754/2/759 769/2/764 770/2/767
f 748/2/762 747/2/760 762/2/766 763/2/768
f 756/2/748 755/2/761 770/2/767 771/2/769
f 749/2/750 748/2/762 763/2/768 764/2/770
f 757/2/749 756/2/748 771/2/769 772/2/771
f 750/2/751 749/2/750 764/2/770 765/2/772
f 743/2/752 923/2/30 758/2/773
f 939/2/32 757/2/749 772/2/771
f 751/2/753 750/2/751 765/2/772 766/2/774
f 744/2/754 743/2/752 758/2/773 759/2/775
f 752/2/755 751/2/753 766/2/774 767/2/776
f 745/2/756 744/2/754 759/2/775 760/2/777
f 753/2/757 752/2/755 767/2/776 768/2/763
f 746/2/758 745/2/756 760/2/777 761/2/765
f 758/2/773 923/2/30 773/2/778
f 939/2/32 772/2/771 787/2/779
f 766/2/774 765/2/772 780/2/780 781/2/781
f 759/2/775 758/2/773 773/2/778 774/2/782
f 767/2/776 766/2/774 781/2/781 782/2/783
f 760/2/777 759/2/775 774/2/782 775/2/784
f 768/2/763 767/2/776 782/2/783 783/2/785
f 761/2/765 760/2/777 775/2/784 776/2/786
f 769/2/764 768/2/763 783/2/785 784/2/787
f 762/2/766 761/2/765 776/2/786 777/2/788
f 770/2/767 769/2/764 784/2/787 785/2/789
f 763/2/768 762/2/766 777/2/788 778/2/790
f 771/2/769 770/2/767 785/2/789 786/2/791
f 764/2/770 763/2/768 778/2/790 779/2/792
f 772/2/771 771/2/769 786/2/791 787/2/779
f 765/2/772 764/2/770 779/2/792 780/2/780
f 777/2/788 776/2/786 791/2/793 792/2/794
f 785/2/789 784/2/787 799/2/795 800/2/796
f 778/2/790 777/2/788 792/2/794 793/2/797
f 786/2/791 785/2/789 800/2/796 801/2/798
f 779/2/792 778/2/790 793/2/797 794/2/799
f 787/2/779 786/2/791 801/2/798 802/2/800
f 780/2/780 779/2/792 794/2/799 795/2/801
f 773/2/778 923/2/30 788/2/802
f 939/2/32 787/2/779 802/2/800
f 781/2/781 780/2/780 795/2/801 796/2/803
f 774/2/782 773/2/778 788/2/802 789/2/804
f 782/2/783 781/2/781 796/2/803 797/2/805
f 775/2/784 774/2/782 789/2/804 790/2/806
f 783/2/785 782/2/783 797/2/805 798/2/807
f 776/2/786 775/2/784 790/2/806 791/2/793
f 784/2/787 783/2/785 798/2/807 799/2/795
f 796/2/803 795/2/801 810/2/106 811/2/808
f 789/2/804 788/2/802 803/2/809 804/2/810
f 797/2/805 796/2/803 811/2/808 812/2/811
f 790/2/806 789/2/804 804/2/810 805/2/812
f 798/2/807 797/2/805 812/2/811 813/2/813
f 791/2/793 790/2/806 805/2/812 806/2/814
f 799/2/795 798/2/807 813/2/813 814/2/815
f 792/2/794 791/2/793 806/2/814 807/2/816
f 800/2/796 799/2/795 814/2/815 815/2/817
f 793/2/797 792/2/794 807/2/816 808/2/818
f 801/2/798 800/2/796 815/2/817 816/2/819
f 794/2/799 793/2/797 808/2/818 809/2/820
f 802/2/800 801/2/798 816/2/819 817/2/821
f 795/2/801 794/2/799 809/2/820 810/2/106
f 788/2/802 923/2/30 803/2/809
f 939/2/32 802/2/800 817/2/821
f 815/2/817 814/2/815 829/2/822 830/2/823
f 808/2/818 807/2/816 822/2/824 823/2/825
f 816/2/819 815/2/817 830/2/823 831/2/826
f 809/2/820 808/2/818 823/2/825 824/2/827
f 817/2/821 816/2/819 831/2/826 832/2/828
f 810/2/106 809/2/820 824/2/827 825/2/829
f 803/2/809 923/2/30 818/2/830
f 939/2/32 817/2/821 832/2/828
f 811/2/808 810/2/106 825/2/829 826/2/831
f 804/2/810 803/2/809 818/2/830 819/2/832
f 812/2/811 811/2/808 826/2/831 827/2/833
f 805/2/812 804/2/810 819/2/832 820/2/834
f 813/2/813 812/2/811 827/2/833 828/2/835
f 806/2/814 805/2/812 820/2/834 821/2/836
f 814/2/815 813/2/813 828/2/835 829/2/822
f 807/2/816 806/2/814 821/2/836 822/2/824
f 819/2/832 818/2/830 833/2/837 834/2/838
f 827/2/833 826/2/831 841/2/839 842/2/840
f 820/2/834 819/2/832 834/2/838 835/2/841
f 828/2/835 827/2/833 842/2/840 843/2/842
f 821/2/836 820/2/834 835/2/841 836/2/843
f 829/2/822 828/2/835 843/2/842 844/2/844
f 822/2/824 821/2/836 836/2/843 837/2/845
f 830/2/823 829/2/822 844/2/844 845/2/846
f 823/2/825 822/2/824 837/2/845 838/2/847
f 831/2/826 830/2/823 845/2/846 846/2/848
f 824/2/827 823/2/825 838/2/847 839/2/849
f 832/2/828 831/2/826 846/2/848 847/2/850
f 825/2/829 824/2/827 839/2/849 840/2/851
f 818/2/830 923/2/30 833/2/837
f 939/2/32 832/2/828 847/2/850
f 826/2/831 825/2/829 840/2/851 841/2/839
f 838/2/847 837/2/845 852/2/852 853/2/853
f 846/2/848 845/2/846 860/2/854 861/2/855
f 839/2/849 838/2/847 853/2/853 854/2/856
f 847/2/850 846/2/848 861/2/855 862/2/857
f 840/2/851 839/2/849 854/2/856 855/2/858
f 833/2/837 923/2/30 848/2/859
f 939/2/32 847/2/850 862/2/857
f 841/2/839 840/2/851 855/2/858 856/2/860
f 834/2/838 833/2/837 848/2/859 849/2/861
f 842/2/840 841/2/839 856/2/860 857/2/862
f 835/2/841 834/2/838 849/2/861 850/2/863
f 843/2/842 842/2/840 857/2/862 858/2/864
f 836/2/843 835/2/841 850/2/863 851/2/865
f 844/2/844 843/2/842 858/2/864 859/2/866
f 837/2/845 836/2/843 851/2/865 852/2/852
f 845/2/846 844/2/844 859/2/866 860/2/854
f 857/2/862 856/2/860 871/2/867 872/2/868
f 850/2/863 849/2/861 864/2/869 865/2/870
f 858/2/864 857/2/862 872/2/868 873/2/871
f 851/2/865 850/2/863 865/2/870 866/2/872
f 859/2/866 858/2/864 873/2/871 874/2/873
f 852/2/852 851/2/865 866/2/872 867/2/874
f 860/2/854 859/2/866 874/2/873 875/2/875
f 853/2/853 852/2/852 867/2/874 868/2/876
f 861/2/855 860/2/854 875/2/875 876/2/877
f 854/2/856 853/2/853 868/2/876 869/2/878
f 862/2/857 861/2/855 876/2/877 877/2/879
f 855/2/858 854/2/856 869/2/878 870/2/880
f 848/2/859 923/2/30 863/2/881
f 939/2/32 862/2/857 877/2/879
f 856/2/860 855/2/858 870/2/880 871/2/867
f 849/2/861 848/2/859 863/2/881 864/2/869
f 876/2/877 875/2/875 890/2/882 891/2/883
f 869/2/878 868/2/876 883/2/884 884/2/885
f 877/2/879 876/2/877 891/2/883 892/2/886
f 870/2/880 869/2/878 884/2/885 885/2/887
f 863/2/881 923/2/30 878/2/888
f 939/2/32 877/2/879 892/2/886
f 871/2/867 870/2/880 885/2/887 886/2/889
f 864/2/869 863/2/881 878/2/888 879/2/890
f 872/2/868 871/2/867 886/2/889 887/2/891
f 865/2/870 864/2/869 879/2/890 880/2/892
f 873/2/871 872/2/868 887/2/891 888/2/893
f 866/2/872 865/2/870 880/2/892 881/2/894
f 874/2/873 873/2/871 888/2/893 889/2/895
f 867/2/874 866/2/872 881/2/894 882/2/896
f 875/2/875 874/2/873 889/2/895 890/2/882
f 868/2/876 867/2/874 882/2/896 883/2/884
f 888/2/893 887/2/891 902/2/897 903/2/898
f 881/2/894 880/2/892 895/2/899 896/2/900
f 889/2/895 888/2/893 903/2/898 904/2/901
f 882/2/896 881/2/894 896/2/900 897/2/902
f 890/2/882 889/2/895 904/2/901 905/2/903
f 883/2/884 882/2/896 897/2/902 898/2/904
f 891/2/883 890/2/882 905/2/903 906/2/905
f 884/2/885 883/2/884 898/2/904 899/2/906
f 892/2/886 891/2/883 906/2/905 907/2/907
f 885/2/887 884/2/885 899/2/906 900/2/192
f 878/2/888 923/2/30 893/2/908
f 939/2/32 892/2/886 907/2/907
f 886/2/889 885/2/887 900/2/192 901/2/909
f 879/2/890 878/2/888 893/2/908 894/2/910
f 887/2/891 886/2/889 901/2/909 902/2/897
f 880/2/892 879/2/890 894/2/910 895/2/899
f 907/2/907 906/2/905 921/2/911 922/2/912
f 900/2/192 899/2/906 914/2/913 915/2/914
f 893/2/908 923/2/30 908/2/915
f 939/2/32 907/2/907 922/2/912
f 901/2/909 900/2/192 915/2/914 916/2/916
f 894/2/910 893/2/908 908/2/915 909/2/917
f 902/2/897 901/2/909 916/2/916 917/2/918
f 895/2/899 894/2/910 909/2/917 910/2/919
f 903/2/898 902/2/897 917/2/918 918/2/920
f 896/2/900 895/2/899 910/2/919 911/2/921
f 904/2/901 903/2/898 918/2/920 919/2/922
f 897/2/902 896/2/900 911/2/921 912/2/923
f 905/2/903 904/2/901 919/2/922 920/2/924
f 898/2/904 897/2/902 912/2/923 913/2/925
f 906/2/905 905/2/903 920/2/924 921/2/911
f 899/2/906 898/2/904 913/2/925 914/2/913
f 911/2/921 910/2/919 926/2/926 927/2/927
f 919/2/922 918/2/920 934/2/928 935/2/929
f 912/2/923 911/2/921 927/2/927 928/2/930
f 920/2/924 919/2/922 935/2/929 936/2/931
f 913/2/925 912/2/923 928/2/930 929/2/932
f 921/2/911 920/2/924 936/2/931 937/2/933
f 914/2/913 913/2/925 929/2/932 930/2/934
f 922/2/912 921/2/911 937/2/933 938/2/935
f 915/2/914 914/2/913 930/2/934 931/2/936
f 908/2/915 923/2/30 924/2/937
f 939/2/32 922/2/912 938/2/935
f 916/2/916 915/2/914 931/2/936 932/2/938
f 909/2/917 908/2/915 924/2/937 925/2/939
f 917/2/918 916/2/916 932/2/938 933/2/940
f 910/2/919 909/2/917 925/2/939 926/2/926
f 918/2/920 917/2/918 933/2/940 934/2/928
f 931/2/936 930/2/934 946/2/941 947/2/942
f 924/2/937 923/2/30 940/2/943
f 939/2/32 938/2/935 954/2/944
f 932/2/938 931/2/936 947/2/942 948/2/945
f 925/2/939 924/2/937 940/2/943 941/2/946
f 933/2/940 932/2/938 948/2/945 949/2/947
f 926/2/926 925/2/939 941/2/946 942/2/948
f 934/2/928 933/2/940 949/2/947 950/2/949
f 927/2/927 926/2/926 942/2/948 943/2/950
f 935/2/929 934/2/928 950/2/949 951/2/951
f 928/2/930 927/2/927 943/2/950 944/2/952
f 936/2/931 935/2/929 951/2/951 952/2/953
f 929/2/932 928/2/930 944/2/952 945/2/954
f 937/2/933 936/2/931 952/2/953 953/2/955
f 930/2/934 929/2/932 945/2/954 946/2/941
f 938/2/935 937/2/933 953/2/955 954/2/944
f 951/2/951 950/2/949 965/2/956 966/2/957
f 944/2/952 943/2/950 958/2/958 959/2/959
f 952/2/953 951/2/951 966/2/957 967/2/960
f 945/2/954 944/2/952 959/2/959 960/2/961
f 953/2/955 952/2/953 967/2/960 968/2/962
f 946/2/941 945/2/954 960/2/961 961/2/963
f 954/2/944 953/2/955 968/2/962 969/2/964
f 947/2/942 946/2/941 961/2/963 962/2/965
f 940/2/943 923/2/30 955/2/966
f 939/2/32 954/2/944 969/2/964
f 948/2/945 947/2/942 962/2/965 963/2/967
f 941/2/946 940/2/943 955/2/966 956/2/968
f 949/2/947 948/2/945 963/2/967 964/2/969
f 942/2/948 941/2/946 956/2/968 957/2/970
f 950/2/949 949/2/947 964/2/969 965/2/956
f 943/2/950 942/2/948 957/2/970 958/2/958
f 955/2/966 923/2/30 970/2/971
f 939/2/32 969/2/964 984/2/972
f 963/2/967 962/2/965 977/2/973 978/2/974
f 956/2/968 955/2/966 970/2/971 971/2/975
f 964/2/969 963/2/967 978/2/974 979/2/976
f 957/2/970 956/2/968 971/2/975 972/2/977
f 965/2/956 964/2/969 979/2/976 980/2/978
f 958/2/958 957/2/970 972/2/977 973/2/979
f 966/2/957 965/2/956 980/2/978 981/2/980
f 959/2/959 958/2/958 973/2/979 974/2/981
f 967/2/960 966/2/957 981/2/980 982/2/982
f 960/2/961 959/2/959 974/2/981 975/2/983
f 968/2/962 967/2/960 982/2/982 983/2/984
f 961/2/963 960/2/961 975/2/983 976/2/985
f 969/2/964 968/2/962 983/2/984 984/2/972
f 962/2/965 961/2/963 976/2/985 977/2/973
f 974/2/981 973/2/979 988/2/986 989/2/987
f 982/2/982 981/2/980 996/2/988 997/2/989
f 975/2/983 974/2/981 989/2/987 990/2/990
f 983/2/984 982/2/982 997/2/989 998/2/991
f 976/2/985 975/2/983 990/2/990 991/2/992
f 984/2/972 983/2/984 998/2/991 999/2/993
f 977/2/973 976/2/985 991/2/992 992/2/278
f 970/2/971 923/2/30 985/2/994
f 939/2/32 984/2/972 999/2/993
f 978/2/974 977/2/973 992/2/278 993/2/995
f 971/2/975 970/2/971 985/2/994 986/2/996
f 979/2/976 978/2/974 993/2/995 994/2/997
f 972/2/977 971/2/975 986/2/996 987/2/998
f 980/2/978 979/2/976 994/2/997 995/2/999
f 973/2/979 972/2/977 987/2/998 988/2/986
f 981/2/980 980/2/978 995/2/999 996/2/988
f 993/2/995 992/2/278 1007/2/1000 1008/2/1001
f 986/2/996 985/2/994 1000/2/1002 1001/2/1003
f 994/2/997 993/2/995 1008/2/1001 1009/2/1004
f 987/2/998 986/2/996 1001/2/1003 1002/2/1005
f 995/2/999 994/2/997 1009/2/1004 1010/2/1006
f 988/2/986 987/2/998 1002/2/1005 1003/2/1007
f 996/2/988 995/2/999 1010/2/1006 1011/2/1008
f 989/2/987 988/2/986 1003/2/1007 1004/2/1009
f 997/2/989 996/2/988 1011/2/1008 1012/2/1010
f 990/2/990 989/2/987 1004/2/1009 1005/2/1011
f 998/2/991 997/2/989 1012/2/1010 1013/2/1012
f 991/2/992 990/2/990 1005/2/1011 1006/2/1013
f 999/2/993 998/2/991 1013/2/1012 1014/2/1014
f 992/2/278 991/2/992 1006/2/1013 1007/2/1000
f 985/2/994 923/2/30 1000/2/1002
f 939/2/32 999/2/993 1014/2/1014
f 1012/2/1010 1011/2/1008 1026/2/1015 1027/2/1016
f 1005/2/1011 1004/2/1009 1019/2/1017 1020/2/1018
f 1013/2/1012 1012/2/1010 1027/2/1016 1028/2/1019
f 1006/2/1013 1005/2/1011 1020/2/1018 1021/2/1020
f 1014/2/1014 1013/2/1012 1028/2/1019 1029/2/1021
f 1007/2/1000 1006/2/1013 1021/2/1020 1022/2/1022
f 1000/2/1002 923/2/30 1015/2/1023
f 939/2/32 1014/2/1014 1029/2/1021
f 1008/2/1001 1007/2/1000 1022/2/1022 1023/2/1024
f 1001/2/1003 1000/2/1002 1015/2/1023 1016/2/1025
f 1009/2/1004 1008/2/1001 1023/2/1024 1024/2/1026
f 1002/2/1005 1001/2/1003 1016/2/1025 1017/2/1027
f 1010/2/1006 1009/2/1004 1024/2/1026 1025/2/1028
f 1003/2/1007 1002/2/1005 1017/2/1027 1018/2/1029
f 1011/2/1008 1010/2/1006 1025/2/1028 1026/2/1015
f 1004/2/1009 1003/2/1007 1018/2/1029 1019/2/1017
f 1024/2/1026 1023/2/1024 1038/2/1030 1039/2/1031
f 1017/2/1027 1016/2/1025 1031/2/1032 1032/2/1033
f 1025/2/1028 1024/2/1026 1039/2/1031 1040/2/1034
f 1018/2/1029 1017/2/1027 1032/2/1033 1033/2/1035
f 1026/2/1015 1025/2/1028 1040/2/1034 1041/2/1036
f 1019/2/1017 1018/2/1029 1033/2/1035 1034/2/1037
f 1027/2/1016 1026/2/1015 1041/2/1036 1042/2/1038
f 1020/2/1018 1019/2/1017 1034/2/1037 1035/2/1039
f 1028/2/1019 1027/2/1016 1042/2/1038 1043/2/1040
f 1021/2/1020 1020/2/1018 1035/2/1039 1036/2/1041
f 1029/2/1021 1028/2/1019 1043/2/1040 1044/2/1042
f 1022/2/1022 1021/2/1020 1036/2/1041 1037/2/1043
f 1015/2/1023 923/2/30 1030/2/1044
f 939/2/32 1029/2/1021 1044/2/1042
f 1023/2/1024 1022/2/1022 1037/2/1043 1038/2/1030
f 1016/2/1025 1015/2/1023 1030/2/1044 1031/2/1032
f 1043/2/1040 1042/2/1038 1057/2/1045 1058/2/1046
f 1036/2/1041 1035/2/1039 1050/2/1047 1051/2/1048
f 1044/2/1042 1043/2/1040 1058/2/1046 1059/2/1049
f 1037/2/1043 1036/2/1041 1051/2/1048 1052/2/1050
f 1030/2/1044 923/2/30 1045/2/1051
f 939/2/32 1044/2/1042 1059/2/1049
f 1038/2/1030 1037/2/1043 1052/2/1050 1053/2/1052
f 1031/2/1032 1030/2/1044 1045/2/1051 1046/2/1053
f 1039/2/1031 1038/2/1030 1053/2/1052 1054/2/1054
f 1032/2/1033 1031/2/1032 1046/2/1053 1047/2/1055
f 1040/2/1034 1039/2/1031 1054/2/1054 1055/2/1056
f 1033/2/1035 1032/2/1033 1047/2/1055 1048/2/1057
f 1041/2/1036 1040/2/1034 1055/2/1056 1056/2/1058
f 1034/2/1037 1033/2/1035 1048/2/1057 1049/2/1059
f 1042/2/1038 1041/2/1036 1056/2/1058 1057/2/1045
f 1035/2/1039 1034/2/1037 1049/2/1059 1050/2/1047
f 1047/2/1055 1046/2/1053 1061/2/1060 1062/2/1061
f 1055/2/1056 1054/2/1054 1069/2/1062 1070/2/1063
f 1048/2/1057 1047/2/1055 1062/2/1061 1063/2/1064
f 1056/2/1058 1055/2/1056 1070/2/1063 1071/2/1065
f 1049/2/1059 1048/2/1057 1063/2/1064 1064/2/1066
f 1057/2/1045 1056/2/1058 1071/2/1065 1072/2/1067
f 1050/2/1047 1049/2/1059 1064/2/1066 1065/2/1068
f 1058/2/1046 1057/2/1045 1072/2/1067 1073/2/1069
f 1051/2/1048 1050/2/1047 1065/2/1068 1066/2/1070
f 1059/2/1049 1058/2/1046 1073/2/1069 1074/2/1071
f 1052/2/1050 1051/2/1048 1066/2/1070 1067/2/1072
f 1045/2/1051 923/2/30 1060/2/1073
f 939/2/32 1059/2/1049 1074/2/1071
f 1053/2/1052 1052/2/1050 1067/2/1072 1068/2/1074
f 1046/2/1053 1045/2/1051 1060/2/1073 1061/2/1060
f 1054/2/1054 1053/2/1052 1068/2/1074 1069/2/1062
f 1066/2/1070 1065/2/1068 726/2/740 1079/2/744
f 1074/2/1071 1073/2/1069 1085/2/742 1086/2/746
f 1067/2/1072 1066/2/1070 1079/2/744 1080/2/27
f 1060/2/1073 923/2/30 1075/2/723
f 939/2/32 1074/2/1071 1086/2/746
f 1068/2/1074 1067/2/1072 1080/2/27 1081/2/719
f 1061/2/1060 1060/2/1073 1075/2/723 1076/2/722
f 1069/2/1062 1068/2/1074 1081/2/719 1082/2/726
f 1062/2/1061 1061/2/1060 1076/2/722 1077/2/728
f 1070/2/1063 1069/2/1062 1082/2/726 727/2/730
f 1063/2/1064 1062/2/1061 1077/2/728 1078/2/732
f 1071/2/1065 1070/2/1063 727/2/730 1083/2/734
f 1064/2/1066 1063/2/1064 1078/2/732 725/2/736
f 1072/2/1067 1071/2/1065 1083/2/734 1084/2/738
f 1065/2/1068 1064/2/1066 725/2/736 726/2/740
f 1073/2/1069 1072/2/1067 1084/2/738 1085/2/742
f 1088/2/1075 1087/2/1076 1094/2/1077 1095/2/1078
f 1447/2/1079 1446/2/1080 1102/2/1081 1103/2/1082
f 1441/2/1083 1088/2/1075 1095/2/1078 1096/2/1084
f 1448/2/1085 1447/2/1079 1103/2/1082 1104/2/1086
f 1442/2/27 1441/2/1083 1096/2/1084 1097/2/1087
f 1437/2/1088 1285/2/30 1090/2/1089
f 1301/2/32 1448/2/1085 1104/2/1086
f 1443/2/1090 1442/2/27 1097/2/1087 1098/2/1091
f 1438/2/1092 1437/2/1088 1090/2/1089 1091/2/1093
f 1444/2/1094 1443/2/1090 1098/2/1091 1099/2/1095
f 1439/2/1096 1438/2/1092 1091/2/1093 1092/2/1097
f 1089/2/1098 1444/2/1094 1099/2/1095 1100/2/1099
f 1440/2/1100 1439/2/1096 1092/2/1097 1093/2/1101
f 1445/2/1102 1089/2/1098 1100/2/1099 1101/2/1103
f 1087/2/1076 1440/2/1100 1093/2/1101 1094/2/1077
f 1446/2/1080 1445/2/1102 1101/2/1103 1102/2/1081
f 1094/2/1077 1093/2/1101 1108/2/1104 1109/2/1105
f 1102/2/1081 1101/2/1103 1116/2/1106 1117/2/1107
f 1095/2/1078 1094/2/1077 1109/2/1105 1110/2/1108
f 1103/2/1082 1102/2/1081 1117/2/1107 1118/2/1109
f 1096/2/1084 1095/2/1078 1110/2/1108 1111/2/1110
f 1104/2/1086 1103/2/1082 1118/2/1109 1119/2/1111
f 1097/2/1087 1096/2/1084 1111/2/1110 1112/2/1112
f 1090/2/1089 1285/2/30 1105/2/1113
f 1301/2/32 1104/2/1086 1119/2/1111
f 1098/2/1091 1097/2/1087 1112/2/1112 1113/2/1114
f 1091/2/1093 1090/2/1089 1105/2/1113 1106/2/1115
f 1099/2/1095 1098/2/1091 1113/2/1114 1114/2/1116
f 1092/2/1097 1091/2/1093 1106/2/1115 1107/2/1117
f 1100/2/1099 1099/2/1095 1114/2/1116 1115/2/1118
f 1093/2/1101 1092/2/1097 1107/2/1117 1108/2/1104
f 1101/2/1103 1100/2/1099 1115/2/1118 1116/2/1106
f 1113/2/1114 1112/2/1112 1127/2/1119 1128/2/1120
f 1106/2/1115 1105/2/1113 1120/2/1121 1121/2/1122
f 1114/2/1116 1113/2/1114 1128/2/1120 1129/2/1123
f 1107/2/1117 1106/2/1115 1121/2/1122 1122/2/1124
f 1115/2/1118 1114/2/1116 1129/2/1123 1130/2/1125
f 1108/2/1104 1107/2/1117 1122/2/1124 1123/2/1126
f 1116/2/1106 1115/2/1118 1130/2/1125 1131/2/1127
f 1109/2/1105 1108/2/1104 1123/2/1126 1124/2/1128
f 1117/2/1107 1116/2/1106 1131/2/1127 1132/2/1129
f 1110/2/1108 1109/2/1105 1124/2/1128 1125/2/1130
f 1118/2/1109 1117/2/1107 1132/2/1129 1133/2/1131
f 1111/2/1110 1110/2/1108 1125/2/1130 1126/2/1132
f 1119/2/1111 1118/2/1109 1133/2/1131 1134/2/1133
f 1112/2/1112 1111/2/1110 1126/2/1132 1127/2/1119
f 1105/2/1113 1285/2/30 1120/2/1121
f 1301/2/32 1119/2/1111 1134/2/1133
f 1132/2/1129 1131/2/1127 1146/2/1134 1147/2/1135
f 1125/2/1130 1124/2/1128 1139/2/1136 1140/2/1137
f 1133/2/1131 1132/2/1129 1147/2/1135 1148/2/1138
f 1126/2/1132 1125/2/1130 1140/2/1137 1141/2/1139
f 1134/2/1133 1133/2/1131 1148/2/1138 1149/2/1140
f 1127/2/1119 1126/2/1132 1141/2/1139 1142/2/1141
f 1120/2/1121 1285/2/30 1135/2/1142
f 1301/2/32 1134/2/1133 1149/2/1140
f 1128/2/1120 1127/2/1119 1142/2/1141 1143/2/1143
f 1121/2/1122 1120/2/1121 1135/2/1142 1136/2/1144
f 1129/2/1123 1128/2/1120 1143/2/1143 1144/2/1145
f 1122/2/1124 1121/2/1122 1136/2/1144 1137/2/1146
f 1130/2/1125 1129/2/1123 1144/2/1145 1145/2/1147
f 1123/2/1126 1122/2/1124 1137/2/1146 1138/2/1148
f 1131/2/1127 1130/2/1125 1145/2/1147 1146/2/1134
f 1124/2/1128 1123/2/1126 1138/2/1148 1139/2/1136
f 1136/2/1144 1135/2/1142 1150/2/1149 1151/2/1150
f 1144/2/1145 1143/2/1143 1158/2/1151 1159/2/1152
f 1137/2/1146 1136/2/1144 1151/2/1150 1152/2/1153
f 1145/2/1147 1144/2/1145 1159/2/1152 1160/2/1154
f 1138/2/1148 1137/2/1146 1152/2/1153 1153/2/1155
f 1146/2/1134 1145/2/1147 1160/2/1154 1161/2/1156
f 1139/2/1136 1138/2/1148 1153/2/1155 1154/2/1157
f 1147/2/1135 1146/2/1134 1161/2/1156 1162/2/1158
f 1140/2/1137 1139/2/1136 1154/2/1157 1155/2/1159
f 1148/2/1138 1147/2/1135 1162/2/1158 1163/2/1160
f 1141/2/1139 1140/2/1137 1155/2/1159 1156/2/1161
f 1149/2/1140 1148/2/1138 1163/2/1160 1164/2/1162
f 1142/2/1141 1141/2/1139 1156/2/1161 1157/2/1163
f 1135/2/1142 1285/2/30 1150/2/1149
f 1301/2/32 1149/2/1140 1164/2/1162
f 1143/2/1143 1142/2/1141 1157/2/1163 1158/2/1151
f 1155/2/1159 1154/2/1157 1169/2/1164 1170/2/1165
f 1163/2/1160 1162/2/1158 1177/2/1166 1178/2/1167
f 1156/2/1161 1155/2/1159 1170/2/1165 1171/2/1168
f 1164/2/1162 1163/2/1160 1178/2/1167 1179/2/1169
f 1157/2/1163 1156/2/1161 1171/2/1168 1172/2/106
f 1150/2/1149 1285/2/30 1165/2/1170
f 1301/2/32 1164/2/1162 1179/2/1169
f 1158/2/1151 1157/2/1163 1172/2/106 1173/2/1171
f 1151/2/1150 1150/2/1149 1165/2/1170 1166/2/1172
f 1159/2/1152 1158/2/1151 1173/2/1171 1174/2/1173
f 1152/2/1153 1151/2/1150 1166/2/1172 1167/2/1174
f 1160/2/1154 1159/2/1152 1174/2/1173 1175/2/1175
f 1153/2/1155 1152/2/1153 1167/2/1174 1168/2/1176
f 1161/2/1156 1160/2/1154 1175/2/1175 1176/2/1177
f 1154/2/1157 1153/2/1155 1168/2/1176 1169/2/1164
f 1162/2/1158 1161/2/1156 1176/2/1177 1177/2/1166
f 1174/2/1173 1173/2/1171 1188/2/1178 1189/2/1179
f 1167/2/1174 1166/2/1172 1181/2/1180 1182/2/1181
f 1175/2/1175 1174/2/1173 1189/2/1179 1190/2/1182
f 1168/2/1176 1167/2/1174 1182/2/1181 1183/2/1183
f 1176/2/1177 1175/2/1175 1190/2/1182 1191/2/1184
f 1169/2/1164 1168/2/1176 1183/2/1183 1184/2/1185
f 1177/2/1166 1176/2/1177 1191/2/1184 1192/2/1186
f 1170/2/1165 1169/2/1164 1184/2/1185 1185/2/1187
f 1178/2/1167 1177/2/1166 1192/2/1186 1193/2/1188
f 1171/2/1168 1170/2/1165 1185/2/1187 1186/2/1189
f 1179/2/1169 1178/2/1167 1193/2/1188 1194/2/1190
f 1172/2/106 1171/2/1168 1186/2/1189 1187/2/1191
f 1165/2/1170 1285/2/30 1180/2/1192
f 1301/2/32 1179/2/1169 1194/2/1190
f 1173/2/1171 1172/2/106 1187/2/1191 1188/2/1178
f 1166/2/1172 1165/2/1170 1180/2/1192 1181/2/1180
f 1193/2/1188 1192/2/1186 1207/2/1193 1208/2/1194
f 1186/2/1189 1185/2/1187 1200/2/1195 1201/2/1196
f 1194/2/1190 1193/2/1188 1208/2/1194 1209/2/1197
f 1187/2/1191 1186/2/1189 1201/2/1196 1202/2/1198
f 1180/2/1192 1285/2/30 1195/2/1199
f 1301/2/32 1194/2/1190 1209/2/1197
f 1188/2/1178 1187/2/1191 1202/2/1198 1203/2/1200
f 1181/2/1180 1180/2/1192 1195/2/1199 1196/2/1201
f 1189/2/1179 1188/2/1178 1203/2/1200 1204/2/1202
f 1182/2/1181 1181/2/1180 1196/2/1201 1197/2/1203
f 1190/2/1182 1189/2/1179 1204/2/1202 1205/2/1204
f 1183/2/1183 1182/2/1181 1197/2/1203 1198/2/1205
f 1191/2/1184 1190/2/1182 1205/2/1204 1206/2/1206
f 1184/2/1185 1183/2/1183 1198/2/1205 1199/2/1207
f 1192/2/1186 1191/2/1184 1206/2/1206 1207/2/1193
f 1185/2/1187 1184/2/1185 1199/2/1207 1200/2/1195
f 1205/2/1204 1204/2/1202 1219/2/1208 1220/2/1209
f 1198/2/1205 1197/2/1203 1212/2/1210 1213/2/1211
f 1206/2/1206 1205/2/1204 1220/2/1209 1221/2/1212
f 1199/2/1207 1198/2/1205 1213/2/1211 1214/2/1213
f 1207/2/1193 1206/2/1206 1221/2/1212 1222/2/1214
f 1200/2/1195 1199/2/1207 1214/2/1213 1215/2/1215
f 1208/2/1194 1207/2/1193 1222/2/1214 1223/2/1216
f 1201/2/1196 1200/2/1195 1215/2/1215 1216/2/1217
f 1209/2/1197 1208/2/1194 1223/2/1216 1224/2/1218
f 1202/2/1198 1201/2/1196 1216/2/1217 1217/2/1219
f 1195/2/1199 1285/2/30 1210/2/1220
f 1301/2/32 1209/2/1197 1224/2/1218
f 1203/2/1200 1202/2/1198 1217/2/1219 1218/2/1221
f 1196/2/1201 1195/2/1199 1210/2/1220 1211/2/1222
f 1204/2/1202 1203/2/1200 1218/2/1221 1219/2/1208
f 1197/2/1203 1196/2/1201 1211/2/1222 1212/2/1210
f 1224/2/1218 1223/2/1216 1238/2/1223 1239/2/1224
f 1217/2/1219 1216/2/1217 1231/2/1225 1232/2/1226
f 1210/2/1220 1285/2/30 1225/2/1227
f 1301/2/32 1224/2/1218 1239/2/1224
f 1218/2/1221 1217/2/1219 1232/2/1226 1233/2/1228
f 1211/2/1222 1210/2/1220 1225/2/1227 1226/2/1229
f 1219/2/1208 1218/2/1221 1233/2/1228 1234/2/1230
f 1212/2/1210 1211/2/1222 1226/2/1229 1227/2/1231
f 1220/2/1209 1219/2/1208 1234/2/1230 1235/2/1232
f 1213/2/1211 1212/2/1210 1227/2/1231 1228/2/1233
f 1221/2/1212 1220/2/1209 1235/2/1232 1236/2/1234
f 1214/2/1213 1213/2/1211 1228/2/1233 1229/2/1235
f 1222/2/1214 1221/2/1212 1236/2/1234 1237/2/1236
f 1215/2/1215 1214/2/1213 1229/2/1235 1230/2/1237
f 1223/2/1216 1222/2/1214 1237/2/1236 1238/2/1223
f 1216/2/1217 1215/2/1215 1230/2/1237 1231/2/1225
f 1228/2/1233 1227/2/1231 1242/2/1238 1243/2/1239
f 1236/2/1234 1235/2/1232 1250/2/1240 1251/2/1241
f 1229/2/1235 1228/2/1233 1243/2/1239 1244/2/1242
f 1237/2/1236 1236/2/1234 1251/2/1241 1252/2/1243
f 1230/2/1237 1229/2/1235 1244/2/1242 1245/2/1244
f 1238/2/1223 1237/2/1236 1252/2/1243 1253/2/1245
f 1231/2/1225 1230/2/1237 1245/2/1244 1246/2/1246
f 1239/2/1224 1238/2/1223 1253/2/1245 1254/2/1247
f 1232/2/1226 1231/2/1225 1246/2/1246 1247/2/1248
f 1225/2/1227 1285/2/30 1240/2/1249
f 1301/2/32 1239/2/1224 1254/2/1247
f 1233/2/1228 1232/2/1226 1247/2/1248 1248/2/1250
f 1226/2/1229 1225/2/1227 1240/2/1249 1241/2/1251
f 1234/2/1230 1233/2/1228 1248/2/1250 1249/2/1252
f 1227/2/1231 1226/2/1229 1241/2/1251 1242/2/1238
f 1235/2/1232 1234/2/1230 1249/2/1252 1250/2/1240
f 1247/2/1248 1246/2/1246 1261/2/1253 1262/2/192
f 1240/2/1249 1285/2/30 1255/2/1254
f 1301/2/32 1254/2/1247 1269/2/1255
f 1248/2/1250 1247/2/1248 1262/2/192 1263/2/1256
f 1241/2/1251 1240/2/1249 1255/2/1254 1256/2/1257
f 1249/2/1252 1248/2/1250 1263/2/1256 1264/2/1258
f 1242/2/1238 1241/2/1251 1256/2/1257 1257/2/1259
f 1250/2/1240 1249/2/1252 1264/2/1258 1265/2/1260
f 1243/2/1239 1242/2/1238 1257/2/1259 1258/2/1261
f 1251/2/1241 1250/2/1240 1265/2/1260 1266/2/1262
f 1244/2/1242 1243/2/1239 1258/2/1261 1259/2/1263
f 1252/2/1243 1251/2/1241 1266/2/1262 1267/2/1264
f 1245/2/1244 1244/2/1242 1259/2/1263 1260/2/1265
f 1253/2/1245 1252/2/1243 1267/2/1264 1268/2/1266
f 1246/2/1246 1245/2/1244 1260/2/1265 1261/2/1253
f 1254/2/1247 1253/2/1245 1268/2/1266 1269/2/1255
f 1266/2/1262 1265/2/1260 1280/2/1267 1281/2/1268
f 1259/2/1263 1258/2/1261 1273/2/1269 1274/2/1270
f 1267/2/1264 1266/2/1262 1281/2/1268 1282/2/1271
f 1260/2/1265 1259/2/1263 1274/2/1270 1275/2/1272
f 1268/2/1266 1267/2/1264 1282/2/1271 1283/2/1273
f 1261/2/1253 1260/2/1265 1275/2/1272 1276/2/1274
f 1269/2/1255 1268/2/1266 1283/2/1273 1284/2/1275
f 1262/2/192 1261/2/1253 1276/2/1274 1277/2/1276
f 1255/2/1254 1285/2/30 1270/2/1277
f 1301/2/32 1269/2/1255 1284/2/1275
f 1263/2/1256 1262/2/192 1277/2/1276 1278/2/1278
f 1256/2/1257 1255/2/1254 1270/2/1277 1271/2/1279
f 1264/2/1258 1263/2/1256 1278/2/1278 1279/2/1280
f 1257/2/1259 1256/2/1257 1271/2/1279 1272/2/1281
f 1265/2/1260 1264/2/1258 1279/2/1280 1280/2/1267
f 1258/2/1261 1257/2/1259 1272/2/1281 1273/2/1269
f 1270/2/1277 1285/2/30 1286/2/1282
f 1301/2/32 1284/2/1275 1300/2/1283
f 1278/2/1278 1277/2/1276 1293/2/1284 1294/2/1285
f 1271/2/1279 1270/2/1277 1286/2/1282 1287/2/1286
f 1279/2/1280 1278/2/1278 1294/2/1285 1295/2/1287
f 1272/2/1281 1271/2/1279 1287/2/1286 1288/2/1288
f 1280/2/1267 1279/2/1280 1295/2/1287 1296/2/1289
f 1273/2/1269 1272/2/1281 1288/2/1288 1289/2/1290
f 1281/2/1268 1280/2/1267 1296/2/1289 1297/2/1291
f 1274/2/1270 1273/2/1269 1289/2/1290 1290/2/1292
f 1282/2/1271 1281/2/1268 1297/2/1291 1298/2/1293
f 1275/2/1272 1274/2/1270 1290/2/1292 1291/2/1294
f 1283/2/1273 1282/2/1271 1298/2/1293 1299/2/1295
f 1276/2/1274 1275/2/1272 1291/2/1294 1292/2/1296
f 1284/2/1275 1283/2/1273 1299/2/1295 1300/2/1283
f 1277/2/1276 1276/2/1274 1292/2/1296 1293/2/1284
f 1290/2/1292 1289/2/1290 1305/2/1297 1306/2/1298
f 1298/2/1293 1297/2/1291 1313/2/1299 1314/2/1300
f 1291/2/1294 1290/2/1292 1306/2/1298 1307/2/1301
f 1299/2/1295 1298/2/1293 1314/2/1300 1315/2/1302
f 1292/2/1296 1291/2/1294 1307/2/1301 1308/2/1303
f 1300/2/1283 1299/2/1295 1315/2/1302 1316/2/1304
f 1293/2/1284 1292/2/1296 1308/2/1303 1309/2/1305
f 1286/2/1282 1285/2/30 1302/2/1306
f 1301/2/32 1300/2/1283 1316/2/1304
f 1294/2/1285 1293/2/1284 1309/2/1305 1310/2/1307
f 1287/2/1286 1286/2/1282 1302/2/1306 1303/2/1308
f 1295/2/1287 1294/2/1285 1310/2/1307 1311/2/1309
f 1288/2/1288 1287/2/1286 1303/2/1308 1304/2/1310
f 1296/2/1289 1295/2/1287 1311/2/1309 1312/2/1311
f 1289/2/1290 1288/2/1288 1304/2/1310 1305/2/1297
f 1297/2/1291 1296/2/1289 1312/2/1311 1313/2/1299
f 1310/2/1307 1309/2/1305 1324/2/1312 1325/2/1313
f 1303/2/1308 1302/2/1306 1317/2/1314 1318/2/1315
f 1311/2/1309 1310/2/1307 1325/2/1313 1326/2/1316
f 1304/2/1310 1303/2/1308 1318/2/1315 1319/2/1317
f 1312/2/1311 1311/2/1309 1326/2/1316 1327/2/1318
f 1305/2/1297 1304/2/1310 1319/2/1317 1320/2/1319
f 1313/2/1299 1312/2/1311 1327/2/1318 1328/2/1320
f 1306/2/1298 1305/2/1297 1320/2/1319 1321/2/1321
f 1314/2/1300 1313/2/1299 1328/2/1320 1329/2/1322
f 1307/2/1301 1306/2/1298 1321/2/1321 1322/2/1323
f 1315/2/1302 1314/2/1300 1329/2/1322 1330/2/1324
f 1308/2/1303 1307/2/1301 1322/2/1323 1323/2/1325
f 1316/2/1304 1315/2/1302 1330/2/1324 1331/2/1326
f 1309/2/1305 1308/2/1303 1323/2/1325 1324/2/1312
f 1302/2/1306 1285/2/30 1317/2/1314
f 1301/2/32 1316/2/1304 1331/2/1326
f 1329/2/1322 1328/2/1320 1343/2/1327 1344/2/1328
f 1322/2/1323 1321/2/1321 1336/2/1329 1337/2/1330
f 1330/2/1324 1329/2/1322 1344/2/1328 1345/2/1331
f 1323/2/1325 1322/2/1323 1337/2/1330 1338/2/1332
f 1331/2/1326 1330/2/1324 1345/2/1331 1346/2/1333
f 1324/2/1312 1323/2/1325 1338/2/1332 1339/2/1334
f 1317/2/1314 1285/2/30 1332/2/1335
f 1301/2/32 1331/2/1326 1346/2/1333
f 1325/2/1313 1324/2/1312 1339/2/1334 1340/2/1336
f 1318/2/1315 1317/2/1314 1332/2/1335 1333/2/1337
f 1326/2/1316 1325/2/1313 1340/2/1336 1341/2/1338
f 1319/2/1317 1318/2/1315 1333/2/1337 1334/2/1339
f 1327/2/1318 1326/2/1316 1341/2/1338 1342/2/1340
f 1320/2/1319 1319/2/1317 1334/2/1339 1335/2/1341
f 1328/2/1320 1327/2/1318 1342/2/1340 1343/2/1327
f 1321/2/1321 1320/2/1319 1335/2/1341 1336/2/1329
f 1341/2/1338 1340/2/1336 1355/2/1342 1356/2/1343
f 1334/2/1339 1333/2/1337 1348/2/1344 1349/2/1345
f 1342/2/1340 1341/2/1338 1356/2/1343 1357/2/1346
f 1335/2/1341 1334/2/1339 1349/2/1345 1350/2/1347
f 1343/2/1327 1342/2/1340 1357/2/1346 1358/2/1348
f 1336/2/1329 1335/2/1341 1350/2/1347 1351/2/1349
f 1344/2/1328 1343/2/1327 1358/2/1348 1359/2/1350
f 1337/2/1330 1336/2/1329 1351/2/1349 1352/2/1351
f 1345/2/1331 1344/2/1328 1359/2/1350 1360/2/1352
f 1338/2/1332 1337/2/1330 1352/2/1351 1353/2/1353
f 1346/2/1333 1345/2/1331 1360/2/1352 1361/2/1354
f 1339/2/1334 1338/2/1332 1353/2/1353 1354/2/278
f 1332/2/1335 1285/2/30 1347/2/1355
f 1301/2/32 1346/2/1333 1361/2/1354
f 1340/2/1336 1339/2/1334 1354/2/278 1355/2/1342
f 1333/2/1337 1332/2/1335 1347/2/1355 1348/2/1344
f 1360/2/1352 1359/2/1350 1374/2/1356 1375/2/1357
f 1353/2/1353 1352/2/1351 1367/2/1358 1368/2/1359
f 1361/2/1354 1360/2/1352 1375/2/1357 1376/2/1360
f 1354/2/278 1353/2/1353 1368/2/1359 1369/2/1361
f 1347/2/1355 1285/2/30 1362/2/1362
f 1301/2/32 1361/2/1354 1376/2/1360
f 1355/2/1342 1354/2/278 1369/2/1361 1370/2/1363
f 1348/2/1344 1347/2/1355 1362/2/1362 1363/2/1364
f 1356/2/1343 1355/2/1342 1370/2/1363 1371/2/1365
f 1349/2/1345 1348/2/1344 1363/2/1364 1364/2/1366
f 1357/2/1346 1356/2/1343 1371/2/1365 1372/2/1367
f 1350/2/1347 1349/2/1345 1364/2/1366 1365/2/1368
f 1358/2/1348 1357/2/1346 1372/2/1367 1373/2/1369
f 1351/2/1349 1350/2/1347 1365/2/1368 1366/2/1370
f 1359/2/1350 1358/2/1348 1373/2/1369 1374/2/1356
f 1352/2/1351 1351/2/1349 1366/2/1370 1367/2/1358
f 1364/2/1366 1363/2/1364 1378/2/1371 1379/2/1372
f 1372/2/1367 1371/2/1365 1386/2/1373 1387/2/1374
f 1365/2/1368 1364/2/1366 1379/2/1372 1380/2/1375
f 1373/2/1369 1372/2/1367 1387/2/1374 1388/2/1376
f 1366/2/1370 1365/2/1368 1380/2/1375 1381/2/1377
f 1374/2/1356 1373/2/1369 1388/2/1376 1389/2/1378
f 1367/2/1358 1366/2/1370 1381/2/1377 1382/2/1379
f 1375/2/1357 1374/2/1356 1389/2/1378 1390/2/1380
f 1368/2/1359 1367/2/1358 1382/2/1379 1383/2/1381
f 1376/2/1360 1375/2/1357 1390/2/1380 1391/2/1382
f 1369/2/1361 1368/2/1359 1383/2/1381 1384/2/1383
f 1362/2/1362 1285/2/30 1377/2/1384
f 1301/2/32 1376/2/1360 1391/2/1382
f 1370/2/1363 1369/2/1361 1384/2/1383 1385/2/1385
f 1363/2/1364 1362/2/1362 1377/2/1384 1378/2/1371
f 1371/2/1365 1370/2/1363 1385/2/1385 1386/2/1373
f 1383/2/1381 1382/2/1379 1397/2/1386 1398/2/1387
f 1391/2/1382 1390/2/1380 1405/2/1388 1406/2/1389
f 1384/2/1383 1383/2/1381 1398/2/1387 1399/2/1390
f 1377/2/1384 1285/2/30 1392/2/1391
f 1301/2/32 1391/2/1382 1406/2/1389
f 1385/2/1385 1384/2/1383 1399/2/1390 1400/2/1392
f 1378/2/1371 1377/2/1384 1392/2/1391 1393/2/1393
f 1386/2/1373 1385/2/1385 1400/2/1392 1401/2/1394
f 1379/2/1372 1378/2/1371 1393/2/1393 1394/2/1395
f 1387/2/1374 1386/2/1373 1401/2/1394 1402/2/1396
f 1380/2/1375 1379/2/1372 1394/2/1395 1395/2/1397
f 1388/2/1376 1387/2/1374 1402/2/1396 1403/2/1398
f 1381/2/1377 1380/2/1375 1395/2/1397 1396/2/1399
f 1389/2/1378 1388/2/1376 1403/2/1398 1404/2/1400
f 1382/2/1379 1381/2/1377 1396/2/1399 1397/2/1386
f 1390/2/1380 1389/2/1378 1404/2/1400 1405/2/1388
f 1402/2/1396 1401/2/1394 1416/2/1401 1417/2/1402
f 1395/2/1397 1394/2/1395 1409/2/1403 1410/2/1404
f 1403/2/1398 1402/2/1396 1417/2/1402 1418/2/1405
f 1396/2/1399 1395/2/1397 1410/2/1404 1411/2/1406
f 1404/2/1400 1403/2/1398 1418/2/1405 1419/2/1407
f 1397/2/1386 1396/2/1399 1411/2/1406 1412/2/1408
f 1405/2/1388 1404/2/1400 1419/2/1407 1420/2/1409
f 1398/2/1387 1397/2/1386 1412/2/1408 1413/2/1410
f 1406/2/1389 1405/2/1388 1420/2/1409 1421/2/1411
f 1399/2/1390 1398/2/1387 1413/2/1410 1414/2/1412
f 1392/2/1391 1285/2/30 1407/2/1413
f 1301/2/32 1406/2/1389 1421/2/1411
f 1400/2/1392 1399/2/1390 1414/2/1412 1415/2/1414
f 1393/2/1393 1392/2/1391 1407/2/1413 1408/2/1415
f 1401/2/1394 1400/2/1392 1415/2/1414 1416/2/1401
f 1394/2/1395 1393/2/1393 1408/2/1415 1409/2/1403
f 1421/2/1411 1420/2/1409 1435/2/1416 1436/2/1417
f 1414/2/1412 1413/2/1410 1428/2/1418 1429/2/1419
f 1407/2/1413 1285/2/30 1422/2/1420
f 1301/2/32 1421/2/1411 1436/2/1417
f 1415/2/1414 1414/2/1412 1429/2/1419 1430/2/1421
f 1408/2/1415 1407/2/1413 1422/2/1420 1423/2/1422
f 1416/2/1401 1415/2/1414 1430/2/1421 1431/2/1423
f 1409/2/1403 1408/2/1415 1423/2/1422 1424/2/1424
f 1417/2/1402 1416/2/1401 1431/2/1423 1432/2/1425
f 1410/2/1404 1409/2/1403 1424/2/1424 1425/2/1426
f 1418/2/1405 1417/2/1402 1432/2/1425 1433/2/1427
f 1411/2/1406 1410/2/1404 1425/2/1426 1426/2/1428
f 1419/2/1407 1418/2/1405 1433/2/1427 1434/2/1429
f 1412/2/1408 1411/2/1406 1426/2/1428 1427/2/1430
f 1420/2/1409 1419/2/1407 1434/2/1429 1435/2/1416
f 1413/2/1410 1412/2/1408 1427/2/1430 1428/2/1418
f 1425/2/1426 1424/2/1424 1439/2/1096 1440/2/1100
f 1433/2/1427 1432/2/1425 1089/2/1098 1445/2/1102
f 1426/2/1428 1425/2/1426 1440/2/1100 1087/2/1076
f 1434/2/1429 1433/2/1427 1445/2/1102 1446/2/1080
f 1427/2/1430 1426/2/1428 1087/2/1076 1088/2/1075
f 1435/2/1416 1434/2/1429 1446/2/1080 1447/2/1079
f 1428/2/1418 1427/2/1430 1088/2/1075 1441/2/1083
f 1436/2/1417 1435/2/1416 1447/2/1079 1448/2/1085
f 1429/2/1419 1428/2/1418 1441/2/1083 1442/2/27
f 1422/2/1420 1285/2/30 1437/2/1088
f 1301/2/32 1436/2/1417 1448/2/1085
f 1430/2/1421 1429/2/1419 1442/2/27 1443/2/1090
f 1423/2/1422 1422/2/1420 1437/2/1088 1438/2/1092
f 1431/2/1423 1430/2/1421 1443/2/1090 1444/2/1094
f 1424/2/1424 1423/2/1422 1438/2/1092 1439/2/1096
f 1432/2/1425 1431/2/1423 1444/2/1094 1089/2/1098
f 2951/2/2087 2896/2/2088 2814/2/2089
f 2954/2/2090 2812/2/2091 2820/2/2092 2821/2/2093
f 2810/2/27 2953/2/2094 2817/2/2095 2818/2/2096
f 2952/2/2097 2951/2/2087 2814/2/2089 2815/2/2098
f 2813/2/2099 2954/2/2090 2821/2/2093 2822/2/2100
f 2811/2/2101 2810/2/27 2818/2/2096 2819/2/2102
f 2809/2/2103 2952/2/2097 2815/2/2098 2816/2/2104
f 2886/2/2105 2813/2/2099 2822/2/2100
f 2812/2/2091 2811/2/2101 2819/2/2102 2820/2/2092
f 2953/2/2094 2809/2/2103 2816/2/2104 2817/2/2095
f 2814/2/2089 2896/2/2088 2823/2/2106
f 2821/2/2093 2820/2/2092 2829/2/2107 2830/2/2108
f 2818/2/2096 2817/2/2095 2826/2/2109 2827/2/2110
f 2815/2/2098 2814/2/2089 2823/2/2106 2824/2/2111
f 2822/2/2100 2821/2/2093 2830/2/2108 2831/2/2112
f 2819/2/2102 2818/2/2096 2827/2/2110 2828/2/2113
f 2816/2/2104 2815/2/2098 2824/2/2111 2825/2/2114
f 2886/2/2105 2822/2/2100 2831/2/2112
f 2820/2/2092 2819/2/2102 2828/2/2113 2829/2/2107
f 2817/2/2095 2816/2/2104 2825/2/2114 2826/2/2109
f 2826/2/2109 2825/2/2114 2834/2/2115 2835/2/2116
f 2823/2/2106 2896/2/2088 2832/2/2117
f 2830/2/2108 2829/2/2107 2838/2/2118 2839/2/2119
f 2827/2/2110 2826/2/2109 2835/2/2116 2836/2/2120
f 2824/2/2111 2823/2/2106 2832/2/2117 2833/2/2121
f 2831/2/2112 2830/2/2108 2839/2/2119 2840/2/2122
f 2828/2/2113 2827/2/2110 2836/2/2120 2837/2/2123
f 2825/2/2114 2824/2/2111 2833/2/2121 2834/2/2115
f 2886/2/2105 2831/2/2112 2840/2/2122
f 2829/2/2107 2828/2/2113 2837/2/2123 2838/2/2118
f 2886/2/2105 2840/2/2122 2849/2/2124
f 2838/2/2118 2837/2/2123 2846/2/2125 2847/2/2126
f 2835/2/2116 2834/2/2115 2843/2/2127 2844/2/2128
f 2832/2/2117 2896/2/2088 2841/2/2129
f 2839/2/2119 2838/2/2118 2847/2/2126 2848/2/2130
f 2836/2/2120 2835/2/2116 2844/2/2128 2845/2/2131
f 2833/2/2121 2832/2/2117 2841/2/2129 2842/2/2132
f 2840/2/2122 2839/2/2119 2848/2/2130 2849/2/2124
f 2837/2/2123 2836/2/2120 2845/2/2131 2846/2/2125
f 2834/2/2115 2833/2/2121 2842/2/2132 2843/2/2127
f 2846/2/2125 2845/2/2131 2854/2/2133 2855/2/2134
f 2843/2/2127 2842/2/2132 2851/2/2135 2852/2/2136
f 2886/2/2105 2849/2/2124 2858/2/2137
f 2847/2/2126 2846/2/2125 2855/2/2134 2856/2/2138
f 2844/2/2128 2843/2/2127 2852/2/2136 2853/2/2139
f 2841/2/2129 2896/2/2088 2850/2/2140
f 2848/2/2130 2847/2/2126 2856/2/2138 2857/2/2141
f 2845/2/2131 2844/2/2128 2853/2/2139 2854/2/2133
f 2842/2/2132 2841/2/2129 2850/2/2140 2851/2/2135
f 2849/2/2124 2848/2/2130 2857/2/2141 2858/2/2137
f 2851/2/2135 2850/2/2140 2859/2/2142 2860/2/2143
f 2858/2/2137 2857/2/2141 2866/2/2144 2867/2/2145
f 2855/2/2134 2854/2/2133 2863/2/2146 2864/2/2147
f 2852/2/2136 2851/2/2135 2860/2/2143 2861/2/2148
f 2886/2/2105 2858/2/2137 2867/2/2145
f 2856/2/2138 2855/2/2134 2864/2/2147 2865/2/2149
f 2853/2/2139 2852/2/2136 2861/2/2148 2862/2/2150
f 2850/2/2140 2896/2/2088 2859/2/2142
f 2857/2/2141 2856/2/2138 2865/2/2149 2866/2/2144
f 2854/2/2133 2853/2/2139 2862/2/2150 2863/2/2146
f 2863/2/2146 2862/2/2150 2871/2/2151 2872/2/2152
f 2860/2/2143 2859/2/2142 2868/2/2153 2869/2/2154
f 2867/2/2145 2866/2/2144 2875/2/2155 2876/2/2156
f 2864/2/2147 2863/2/2146 2872/2/2152 2873/2/2157
f 2861/2/2148 2860/2/2143 2869/2/2154 2870/2/2158
f 2886/2/2105 2867/2/2145 2876/2/2156
f 2865/2/2149 2864/2/2147 2873/2/2157 2874/2/2159
f 2862/2/2150 2861/2/2148 2870/2/2158 2871/2/2151
f 2859/2/2142 2896/2/2088 2868/2/2153
f 2866/2/2144 2865/2/2149 2874/2/2159 2875/2/2155
f 2868/2/2153 2896/2/2088 2877/2/2160
f 2875/2/2155 2874/2/2159 2883/2/2161 2884/2/2162
f 2872/2/2152 2871/2/2151 2880/2/2163 2881/2/192
f 2869/2/2154 2868/2/2153 2877/2/2160 2878/2/2164
f 2876/2/2156 2875/2/2155 2884/2/2162 2885/2/2165
f 2873/2/2157 2872/2/2152 2881/2/192 2882/2/2166
f 2870/2/2158 2869/2/2154 2878/2/2164 2879/2/2167
f 2886/2/2105 2876/2/2156 2885/2/2165
f 2874/2/2159 2873/2/2157 2882/2/2166 2883/2/2161
f 2871/2/2151 2870/2/2158 2879/2/2167 2880/2/2163
f 2883/2/2161 2882/2/2166 2892/2/2168 2893/2/2169
f 2880/2/2163 2879/2/2167 2889/2/2170 2890/2/2171
f 2877/2/2160 2896/2/2088 2887/2/2172
f 2884/2/2162 2883/2/2161 2893/2/2169 2894/2/2173
f 2881/2/192 2880/2/2163 2890/2/2171 2891/2/2174
f 2878/2/2164 2877/2/2160 2887/2/2172 2888/2/2175
f 2885/2/2165 2884/2/2162 2894/2/2173 2895/2/2176
f 2882/2/2166 2881/2/192 2891/2/2174 2892/2/2168
f 2879/2/2167 2878/2/2164 2888/2/2175 2889/2/2170
f 2886/2/2105 2885/2/2165 2895/2/2176
f 2889/2/2170 2888/2/2175 2898/2/2177 2899/2/2178
f 2886/2/2105 2895/2/2176 2905/2/2179
f 2893/2/2169 2892/2/2168 2902/2/2180 2903/2/2181
f 2890/2/2171 2889/2/2170 2899/2/2178 2900/2/2182
f 2887/2/2172 2896/2/2088 2897/2/2183
f 2894/2/2173 2893/2/2169 2903/2/2181 2904/2/2184
f 2891/2/2174 2890/2/2171 2900/2/2182 2901/2/2185
f 2888/2/2175 2887/2/2172 2897/2/2183 2898/2/2177
f 2895/2/2176 2894/2/2173 2904/2/2184 2905/2/2179
f 2892/2/2168 2891/2/2174 2901/2/2185 2902/2/2180
f 2902/2/2180 2901/2/2185 2910/2/2186 2911/2/2187
f 2899/2/2178 2898/2/2177 2907/2/2188 2908/2/2189
f 2886/2/2105 2905/2/2179 2914/2/2190
f 2903/2/2181 2902/2/2180 2911/2/2187 2912/2/2191
f 2900/2/2182 2899/2/2178 2908/2/2189 2909/2/2192
f 2897/2/2183 2896/2/2088 2906/2/2193
f 2904/2/2184 2903/2/2181 2912/2/2191 2913/2/2194
f 2901/2/2185 2900/2/2182 2909/2/2192 2910/2/2186
f 2898/2/2177 2897/2/2183 2906/2/2193 2907/2/2188
f 2905/2/2179 2904/2/2184 2913/2/2194 2914/2/2190
f 2907/2/2188 2906/2/2193 2915/2/2195 2916/2/2196
f 2914/2/2190 2913/2/2194 2922/2/2197 2923/2/2198
f 2911/2/2187 2910/2/2186 2919/2/2199 2920/2/2200
f 2908/2/2189 2907/2/2188 2916/2/2196 2917/2/2201
f 2886/2/2105 2914/2/2190 2923/2/2198
f 2912/2/2191 2911/2/2187 2920/2/2200 2921/2/2202
f 2909/2/2192 2908/2/2189 2917/2/2201 2918/2/2203
f 2906/2/2193 2896/2/2088 2915/2/2195
f 2913/2/2194 2912/2/2191 2921/2/2202 2922/2/2197
f 2910/2/2186 2909/2/2192 2918/2/2203 2919/2/2199
f 2922/2/2197 2921/2/2202 2930/2/2204 2931/2/2205
f 2919/2/2199 2918/2/2203 2927/2/2206 2928/2/2207
f 2916/2/2196 2915/2/2195 2924/2/2208 2925/2/2209
f 2923/2/2198 2922/2/2197 2931/2/2205 2932/2/2210
f 2920/2/2200 2919/2/2199 2928/2/2207 2929/2/2211
f 2917/2/2201 2916/2/2196 2925/2/2209 2926/2/2212
f 2886/2/2105 2923/2/2198 2932/2/2210
f 2921/2/2202 2920/2/2200 2929/2/2211 2930/2/2204
f 2918/2/2203 2917/2/2201 2926/2/2212 2927/2/2206
f 2915/2/2195 2896/2/2088 2924/2/2208
f 2927/2/2206 2926/2/2212 2935/2/2213 2936/2/2214
f 2924/2/2208 2896/2/2088 2933/2/2215
f 2931/2/2205 2930/2/2204 2939/2/2216 2940/2/2217
f 2928/2/2207 2927/2/2206 2936/2/2214 2937/2/2218
f 2925/2/2209 2924/2/2208 2933/2/2215 2934/2/2219
f 2932/2/2210 2931/2/2205 2940/2/2217 2941/2/2220
f 2929/2/2211 2928/2/2207 2937/2/2218 2938/2/2221
f 2926/2/2212 2925/2/2209 2934/2/2219 2935/2/2213
f 2886/2/2105 2932/2/2210 2941/2/2220
f 2930/2/2204 2929/2/2211 2938/2/2221 2939/2/2216
f 2939/2/2216 2938/2/2221 2947/2/2222 2948/2/2223
f 2936/2/2214 2935/2/2213 2944/2/2224 2945/2/2225
f 2933/2/2215 2896/2/2088 2942/2/2226
f 2940/2/2217 2939/2/2216 2948/2/2223 2949/2/2227
f 2937/2/2218 2936/2/2214 2945/2/2225 2946/2/2228
f 2934/2/2219 2933/2/2215 2942/2/2226 2943/2/2229
f 2941/2/2220 2940/2/2217 2949/2/2227 2950/2/2230
f 2938/2/2221 2937/2/2218 2946/2/2228 2947/2/2222
f 2935/2/2213 2934/2/2219 2943/2/2229 2944/2/2224
f 2886/2/2105 2941/2/2220 2950/2/2230
f 2944/2/2224 2943/2/2229 2952/2/2097 2809/2/2103
f 2886/2/2105 2950/2/2230 2813/2/2099
f 2948/2/2223 2947/2/2222 2811/2/2101 2812/2/2091
f 2945/2/2225 2944/2/2224 2809/2/2103 2953/2/2094
f 2942/2/2226 2896/2/2088 2951/2/2087
f 2949/2/2227 2948/2/2223 2812/2/2091 2954/2/2090
f 2946/2/2228 2945/2/2225 2953/2/2094 2810/2/27
f 2943/2/2229 2942/2/2226 2951/2/2087 2952/2/2097
f 2950/2/2230 2949/2/2227 2954/2/2090 2813/2/2099
f 2947/2/2222 2946/2/2228 2810/2/27 2811/2/2101
f 3100/2/2231 2958/2/2232 2966/2/2233 2967/2/2234
f 2956/2/27 3099/2/2235 2963/2/2236 2964/2/2237
f 3098/2/2238 3097/2/2239 2960/2/2240 2961/2/2241
f 2959/2/2242 3100/2/2231 2967/2/2234 2968/2/2243
f 2957/2/2244 2956/2/27 2964/2/2237 2965/2/2245
f 2955/2/2246 3098/2/2238 2961/2/2241 2962/2/2247
f 3032/2/2248 2959/2/2242 2968/2/2243
f 2958/2/2232 2957/2/2244 2965/2/2245 2966/2/2233
f 3099/2/2235 2955/2/2246 2962/2/2247 2963/2/2236
f 3097/2/2239 3042/2/2249 2960/2/2240
f 2964/2/2237 2963/2/2236 2972/2/2250 2973/2/2251
f 2961/2/2241 2960/2/2240 2969/2/2252 2970/2/2253
f 2968/2/2243 2967/2/2234 2976/2/2254 2977/2/2255
f 2965/2/2245 2964/2/2237 2973/2/2251 2974/2/2256
f 2962/2/2247 2961/2/2241 2970/2/2253 2971/2/2257
f 3032/2/2248 2968/2/2243 2977/2/2255
f 2966/2/2233 2965/2/2245 2974/2/2256 2975/2/2258
f 2963/2/2236 2962/2/2247 2971/2/2257 2972/2/2250
f 2960/2/2240 3042/2/2249 2969/2/2252
f 2967/2/2234 2966/2/2233 2975/2/2258 2976/2/2254
f 2969/2/2252 3042/2/2249 2978/2/2259
f 2976/2/2254 2975/2/2258 2984/2/2260 2985/2/2261
f 2973/2/2251 2972/2/2250 2981/2/2262 2982/2/2263
f 2970/2/2253 2969/2/2252 2978/2/2259 2979/2/2264
f 2977/2/2255 2976/2/2254 2985/2/2261 2986/2/2265
f 2974/2/2256 2973/2/2251 2982/2/2263 2983/2/2266
f 2971/2/2257 2970/2/2253 2979/2/2264 2980/2/2267
f 3032/2/2248 2977/2/2255 2986/2/2265
f 2975/2/2258 2974/2/2256 2983/2/2266 2984/2/2260
f 2972/2/2250 2971/2/2257 2980/2/2267 2981/2/2262
f 2984/2/2260 2983/2/2266 2992/2/2268 2993/2/2269
f 2981/2/2262 2980/2/2267 2989/2/2270 2990/2/2271
f 2978/2/2259 3042/2/2249 2987/2/2272
f 2985/2/2261 2984/2/2260 2993/2/2269 2994/2/2273
f 2982/2/2263 2981/2/2262 2990/2/2271 2991/2/2274
f 2979/2/2264 2978/2/2259 2987/2/2272 2988/2/2275
f 2986/2/2265 2985/2/2261 2994/2/2273 2995/2/2276
f 2983/2/2266 2982/2/2263 2991/2/2274 2992/2/2268
f 2980/2/2267 2979/2/2264 2988/2/2275 2989/2/2270
f 3032/2/2248 2986/2/2265 2995/2/2276
f 2989/2/2270 2988/2/2275 2997/2/2277 2998/2/2278
f 3032/2/2248 2995/2/2276 3004/2/2279
f 2993/2/2269 2992/2/2268 3001/2/2280 3002/2/2281
f 2990/2/2271 2989/2/2270 2998/2/2278 2999/2/2282
f 2987/2/2272 3042/2/2249 2996/2/2283
f 2994/2/2273 2993/2/2269 3002/2/2281 3003/2/2284
f 2991/2/2274 2990/2/2271 2999/2/2282 3000/2/2285
f 2988/2/2275 2987/2/2272 2996/2/2283 2997/2/2277
f 2995/2/2276 2994/2/2273 3003/2/2284 3004/2/2279
f 2992/2/2268 2991/2/2274 3000/2/2285 3001/2/2280
f 3001/2/2280 3000/2/2285 3009/2/2286 3010/2/2287
f 2998/2/2278 2997/2/2277 3006/2/2288 3007/2/2289
f 3032/2/2248 3004/2/2279 3013/2/2290
f 3002/2/2281 3001/2/2280 3010/2/2287 3011/2/2291
f 2999/2/2282 2998/2/2278 3007/2/2289 3008/2/2292
f 2996/2/2283 3042/2/2249 3005/2/2293
f 3003/2/2284 3002/2/2281 3011/2/2291 3012/2/2294
f 3000/2/2285 2999/2/2282 3008/2/2292 3009/2/2286
f 2997/2/2277 2996/2/2283 3005/2/2293 3006/2/2288
f 3004/2/2279 3003/2/2284 3012/2/2294 3013/2/2290
f 3006/2/2288 3005/2/2293 3014/2/2295 3015/2/2296
f 3013/2/2290 3012/2/2294 3021/2/2297 3022/2/2298
f 3010/2/2287 3009/2/2286 3018/2/2299 3019/2/2300
f 3007/2/2289 3006/2/2288 3015/2/2296 3016/2/2301
f 3032/2/2248 3013/2/2290 3022/2/2298
f 3011/2/2291 3010/2/2287 3019/2/2300 3020/2/2302
f 3008/2/2292 3007/2/2289 3016/2/2301 3017/2/2303
f 3005/2/2293 3042/2/2249 3014/2/2295
f 3012/2/2294 3011/2/2291 3020/2/2302 3021/2/2297
f 3009/2/2286 3008/2/2292 3017/2/2303 3018/2/2299
f 3021/2/2297 3020/2/2302 3029/2/2304 3030/2/2305
f 3018/2/2299 3017/2/2303 3026/2/2306 3027/2/192
f 3015/2/2296 3014/2/2295 3023/2/2307 3024/2/2308
f 3022/2/2298 3021/2/2297 3030/2/2305 3031/2/2309
f 3019/2/2300 3018/2/2299 3027/2/192 3028/2/2310
f 3016/2/2301 3015/2/2296 3024/2/2308 3025/2/2311
f 3032/2/2248 3022/2/2298 3031/2/2309
f 3020/2/2302 3019/2/2300 3028/2/2310 3029/2/2304
f 3017/2/2303 3016/2/2301 3025/2/2311 3026/2/2306
f 3014/2/2295 3042/2/2249 3023/2/2307
f 3026/2/2306 3025/2/2311 3035/2/2312 3036/2/2313
f 3023/2/2307 3042/2/2249 3033/2/2314
f 3030/2/2305 3029/2/2304 3039/2/2315 3040/2/2316
f 3027/2/192 3026/2/2306 3036/2/2313 3037/2/2317
f 3024/2/2308 3023/2/2307 3033/2/2314 3034/2/2318
f 3031/2/2309 3030/2/2305 3040/2/2316 3041/2/2319
f 3028/2/2310 3027/2/192 3037/2/2317 3038/2/2320
f 3025/2/2311 3024/2/2308 3034/2/2318 3035/2/2312
f 3032/2/2248 3031/2/2309 3041/2/2319
f 3029/2/2304 3028/2/2310 3038/2/2320 3039/2/2315
f 3039/2/2315 3038/2/2320 3048/2/2321 3049/2/2322
f 3036/2/2313 3035/2/2312 3045/2/2323 3046/2/2324
f 3033/2/2314 3042/2/2249 3043/2/2325
f 3040/2/2316 3039/2/2315 3049/2/2322 3050/2/2326
f 3037/2/2317 3036/2/2313 3046/2/2324 3047/2/2327
f 3034/2/2318 3033/2/2314 3043/2/2325 3044/2/2328
f 3041/2/2319 3040/2/2316 3050/2/2326 3051/2/2329
f 3038/2/2320 3037/2/2317 3047/2/2327 3048/2/2321
f 3035/2/2312 3034/2/2318 3044/2/2328 3045/2/2323
f 3032/2/2248 3041/2/2319 3051/2/2329
f 3045/2/2323 3044/2/2328 3053/2/2330 3054/2/2331
f 3032/2/2248 3051/2/2329 3060/2/2332
f 3049/2/2322 3048/2/2321 3057/2/2333 3058/2/2334
f 3046/2/2324 3045/2/2323 3054/2/2331 3055/2/2335
f 3043/2/2325 3042/2/2249 3052/2/2336
f 3050/2/2326 3049/2/2322 3058/2/2334 3059/2/2337
f 3047/2/2327 3046/2/2324 3055/2/2335 3056/2/2338
f 3044/2/2328 3043/2/2325 3052/2/2336 3053/2/2330
f 3051/2/2329 3050/2/2326 3059/2/2337 3060/2/2332
f 3048/2/2321 3047/2/2327 3056/2/2338 3057/2/2333
f 3060/2/2332 3059/2/2337 3068/2/2339 3069/2/2340
f 3057/2/2333 3056/2/2338 3065/2/2341 3066/2/2342
f 3054/2/2331 3053/2/2330 3062/2/2343 3063/2/2344
f 3032/2/2248 3060/2/2332 3069/2/2340
f 3058/2/2334 3057/2/2333 3066/2/2342 3067/2/2345
f 3055/2/2335 3054/2/2331 3063/2/2344 3064/2/2346
f 3052/2/2336 3042/2/2249 3061/2/2347
f 3059/2/2337 3058/2/2334 3067/2/2345 3068/2/2339
f 3056/2/2338 3055/2/2335 3064/2/2346 3065/2/2341
f 3053/2/2330 3052/2/2336 3061/2/2347 3062/2/2343
f 3065/2/2341 3064/2/2346 3073/2/2348 3074/2/2349
f 3062/2/2343 3061/2/2347 3070/2/2350 3071/2/2351
f 3069/2/2340 3068/2/2339 3077/2/2352 3078/2/2353
f 3066/2/2342 3065/2/2341 3074/2/2349 3075/2/2354
f 3063/2/2344 3062/2/2343 3071/2/2351 3072/2/2355
f 3032/2/2248 3069/2/2340 3078/2/2353
f 3067/2/2345 3066/2/2342 3075/2/2354 3076/2/2356
f 3064/2/2346 3063/2/2344 3072/2/2355 3073/2/2348
f 3061/2/2347 3042/2/2249 3070/2/2350
f 3068/2/2339 3067/2/2345 3076/2/2356 3077/2/2352
f 3070/2/2350 3042/2/2249 3079/2/2357
f 3077/2/2352 3076/2/2356 3085/2/2358 3086/2/2359
f 3074/2/2349 3073/2/2348 3082/2/2360 3083/2/2361
f 3071/2/2351 3070/2/2350 3079/2/2357 3080/2/2362
f 3078/2/2353 3077/2/2352 3086/2/2359 3087/2/2363
f 3075/2/2354 3074/2/2349 3083/2/2361 3084/2/2364
f 3072/2/2355 3071/2/2351 3080/2/2362 3081/2/2365
f 3032/2/2248 3078/2/2353 3087/2/2363
f 3076/2/2356 3075/2/2354 3084/2/2364 3085/2/2358
f 3073/2/2348 3072/2/2355 3081/2/2365 3082/2/2360
f 3082/2/2360 3081/2/2365 3090/2/2366 3091/2/2367
f 3079/2/2357 3042/2/2249 3088/2/2368
f 3086/2/2359 3085/2/2358 3094/2/2369 3095/2/2370
f 3083/2/2361 3082/2/2360 3091/2/2367 3092/2/2371
f 3080/2/2362 3079/2/2357 3088/2/2368 3089/2/2372
f 3087/2/2363 3086/2/2359 3095/2/2370 3096/2/2373
f 3084/2/2364 3083/2/2361 3092/2/2371 3093/2/2374
f 3081/2/2365 3080/2/2362 3089/2/2372 3090/2/2366
f 3032/2/2248 3087/2/2363 3096/2/2373
f 3085/2/2358 3084/2/2364 3093/2/2374 3094/2/2369
f 3032/2/2248 3096/2/2373 2959/2/2242
f 3094/2/2369 3093/2/2374 2957/2/2244 2958/2/2232
f 3091/2/2367 3090/2/2366 2955/2/2246 3099/2/2235
f 3088/2/2368 3042/2/2249 3097/2/2239
f 3095/2/2370 3094/2/2369 2958/2/2232 3100/2/2231
f 3092/2/2371 3091/2/2367 3099/2/2235 2956/2/27
f 3089/2/2372 3088/2/2368 3097/2/2239 3098/2/2238
f 3096/2/2373 3095/2/2370 3100/2/2231 2959/2/2242
f 3093/2/2374 3092/2/2371 2956/2/27 2957/2/2244
f 3090/2/2366 3089/2/2372 3098/2/2238 2955/2/2246
f 3245/2/2375 3101/2/2376 3108/2/2377 3109/2/2378
f 3243/2/2379 3188/2/30 3106/2/2380
f 3246/2/2381 3104/2/2382 3112/2/2383 3113/2/2384
f 3102/2/27 3245/2/2375 3109/2/2378 3110/2/2385
f 3244/2/2386 3243/2/2379 3106/2/2380 3107/2/2387
f 3105/2/2388 3246/2/2381 3113/2/2384 3114/2/2389
f 3103/2/2390 3102/2/27 3110/2/2385 3111/2/2391
f 3101/2/2376 3244/2/2386 3107/2/2387 3108/2/2377
f 3178/2/32 3105/2/2388 3114/2/2389
f 3104/2/2382 3103/2/2390 3111/2/2391 3112/2/2383
f 3109/2/2378 3108/2/2377 3117/2/2392 3118/2/2393
f 3106/2/2380 3188/2/30 3115/2/2394
f 3113/2/2384 3112/2/2383 3121/2/2395 3122/2/2396
f 3110/2/2385 3109/2/2378 3118/2/2393 3119/2/2397
f 3107/2/2387 3106/2/2380 3115/2/2394 3116/2/2398
f 3114/2/2389 3113/2/2384 3122/2/2396 3123/2/2399
f 3111/2/2391 3110/2/2385 3119/2/2397 3120/2/2400
f 3108/2/2377 3107/2/2387 3116/2/2398 3117/2/2392
f 3178/2/32 3114/2/2389 3123/2/2399
f 3112/2/2383 3111/2/2391 3120/2/2400 3121/2/2395
f 3121/2/2395 3120/2/2400 3129/2/2401 3130/2/2402
f 3118/2/2393 3117/2/2392 3126/2/2403 3127/2/2404
f 3115/2/2394 3188/2/30 3124/2/2405
f 3122/2/2396 3121/2/2395 3130/2/2402 3131/2/2406
f 3119/2/2397 3118/2/2393 3127/2/2404 3128/2/2407
f 3116/2/2398 3115/2/2394 3124/2/2405 3125/2/2408
f 3123/2/2399 3122/2/2396 3131/2/2406 3132/2/2409
f 3120/2/2400 3119/2/2397 3128/2/2407 3129/2/2401
f 3117/2/2392 3116/2/2398 3125/2/2408 3126/2/2403
f 3178/2/32 3123/2/2399 3132/2/2409
f 3126/2/2403 3125/2/2408 3134/2/2410 3135/2/2411
f 3178/2/32 3132/2/2409 3141/2/2412
f 3130/2/2402 3129/2/2401 3138/2/2413 3139/2/2414
f 3127/2/2404 3126/2/2403 3135/2/2411 3136/2/2415
f 3124/2/2405 3188/2/30 3133/2/2416
f 3131/2/2406 3130/2/2402 3139/2/2414 3140/2/2417
f 3128/2/2407 3127/2/2404 3136/2/2415 3137/2/106
f 3125/2/2408 3124/2/2405 3133/2/2416 3134/2/2410
f 3132/2/2409 3131/2/2406 3140/2/2417 3141/2/2412
f 3129/2/2401 3128/2/2407 3137/2/106 3138/2/2413
f 3141/2/2412 3140/2/2417 3149/2/2418 3150/2/2419
f 3138/2/2413 3137/2/106 3146/2/2420 3147/2/2421
f 3135/2/2411 3134/2/2410 3143/2/2422 3144/2/2423
f 3178/2/32 3141/2/2412 3150/2/2419
f 3139/2/2414 3138/2/2413 3147/2/2421 3148/2/2424
f 3136/2/2415 3135/2/2411 3144/2/2423 3145/2/2425
f 3133/2/2416 3188/2/30 3142/2/2426
f 3140/2/2417 3139/2/2414 3148/2/2424 3149/2/2418
f 3137/2/106 3136/2/2415 3145/2/2425 3146/2/2420
f 3134/2/2410 3133/2/2416 3142/2/2426 3143/2/2422
f 3146/2/2420 3145/2/2425 3154/2/2427 3155/2/2428
f 3143/2/2422 3142/2/2426 3151/2/2429 3152/2/2430
f 3150/2/2419 3149/2/2418 3158/2/2431 3159/2/2432
f 3147/2/2421 3146/2/2420 3155/2/2428 3156/2/2433
f 3144/2/2423 3143/2/2422 3152/2/2430 3153/2/2434
f 3178/2/32 3150/2/2419 3159/2/2432
f 3148/2/2424 3147/2/2421 3156/2/2433 3157/2/2435
f 3145/2/2425 3144/2/2423 3153/2/2434 3154/2/2427
f 3142/2/2426 3188/2/30 3151/2/2429
f 3149/2/2418 3148/2/2424 3157/2/2435 3158/2/2431
f 3151/2/2429 3188/2/30 3160/2/2436
f 3158/2/2431 3157/2/2435 3166/2/2437 3167/2/2438
f 3155/2/2428 3154/2/2427 3163/2/2439 3164/2/2440
f 3152/2/2430 3151/2/2429 3160/2/2436 3161/2/2441
f 3159/2/2432 3158/2/2431 3167/2/2438 3168/2/2442
f 3156/2/2433 3155/2/2428 3164/2/2440 3165/2/2443
f 3153/2/2434 3152/2/2430 3161/2/2441 3162/2/2444
f 3178/2/32 3159/2/2432 3168/2/2442
f 3157/2/2435 3156/2/2433 3165/2/2443 3166/2/2437
f 3154/2/2427 3153/2/2434 3162/2/2444 3163/2/2439
f 3163/2/2439 3162/2/2444 3171/2/2445 3172/2/2446
f 3160/2/2436 3188/2/30 3169/2/2447
f 3167/2/2438 3166/2/2437 3175/2/2448 3176/2/2449
f 3164/2/2440 3163/2/2439 3172/2/2446 3173/2/192
f 3161/2/2441 3160/2/2436 3169/2/2447 3170/2/2450
f 3168/2/2442 3167/2/2438 3176/2/2449 3177/2/2451
f 3165/2/2443 3164/2/2440 3173/2/192 3174/2/2452
f 3162/2/2444 3161/2/2441 3170/2/2450 3171/2/2445
f 3178/2/32 3168/2/2442 3177/2/2451
f 3166/2/2437 3165/2/2443 3174/2/2452 3175/2/2448
f 3178/2/32 3177/2/2451 3187/2/2453
f 3175/2/2448 3174/2/2452 3184/2/2454 3185/2/2455
f 3172/2/2446 3171/2/2445 3181/2/2456 3182/2/2457
f 3169/2/2447 3188/2/30 3179/2/2458
f 3176/2/2449 3175/2/2448 3185/2/2455 3186/2/2459
f 3173/2/192 3172/2/2446 3182/2/2457 3183/2/2460
f 3170/2/2450 3169/2/2447 3179/2/2458 3180/2/2461
f 3177/2/2451 3176/2/2449 3186/2/2459 3187/2/2453
f 3174/2/2452 3173/2/192 3183/2/2460 3184/2/2454
f 3171/2/2445 3170/2/2450 3180/2/2461 3181/2/2456
f 3184/2/2454 3183/2/2460 3193/2/2462 3194/2/2463
f 3181/2/2456 3180/2/2461 3190/2/2464 3191/2/2465
f 3178/2/32 3187/2/2453 3197/2/2466
f 3185/2/2455 3184/2/2454 3194/2/2463 3195/2/2467
f 3182/2/2457 3181/2/2456 3191/2/2465 3192/2/2468
f 3179/2/2458 3188/2/30 3189/2/2469
f 3186/2/2459 3185/2/2455 3195/2/2467 3196/2/2470
f 3183/2/2460 3182/2/2457 3192/2/2468 3193/2/2462
f 3180/2/2461 3179/2/2458 3189/2/2469 3190/2/2464
f 3187/2/2453 3186/2/2459 3196/2/2470 3197/2/2466
f 3190/2/2464 3189/2/2469 3198/2/2471 3199/2/2472
f 3197/2/2466 3196/2/2470 3205/2/2473 3206/2/2474
f 3194/2/2463 3193/2/2462 3202/2/2475 3203/2/2476
f 3191/2/2465 3190/2/2464 3199/2/2472 3200/2/2477
f 3178/2/32 3197/2/2466 3206/2/2474
f 3195/2/2467 3194/2/2463 3203/2/2476 3204/2/2478
f 3192/2/2468 3191/2/2465 3200/2/2477 3201/2/2479
f 3189/2/2469 3188/2/30 3198/2/2471
f 3196/2/2470 3195/2/2467 3204/2/2478 3205/2/2473
f 3193/2/2462 3192/2/2468 3201/2/2479 3202/2/2475
f 3202/2/2475 3201/2/2479 3210/2/2480 3211/2/278
f 3199/2/2472 3198/2/2471 3207/2/2481 3208/2/2482
f 3206/2/2474 3205/2/2473 3214/2/2483 3215/2/2484
f 3203/2/2476 3202/2/2475 3211/2/278 3212/2/2485
f 3200/2/2477 3199/2/2472 3208/2/2482 3209/2/2486
f 3178/2/32 3206/2/2474 3215/2/2484
f 3204/2/2478 3203/2/2476 3212/2/2485 3213/2/2487
f 3201/2/2479 3200/2/2477 3209/2/2486 3210/2/2480
f 3198/2/2471 3188/2/30 3207/2/2481
f 3205/2/2473 3204/2/2478 3213/2/2487 3214/2/2483
f 3207/2/2481 3188/2/30 3216/2/2488
f 3214/2/2483 3213/2/2487 3222/2/2489 3223/2/2490
f 3211/2/278 3210/2/2480 3219/2/2491 3220/2/2492
f 3208/2/2482 3207/2/2481 3216/2/2488 3217/2/2493
f 3215/2/2484 3214/2/2483 3223/2/2490 3224/2/2494
f 3212/2/2485 3211/2/278 3220/2/2492 3221/2/2495
f 3209/2/2486 3208/2/2482 3217/2/2493 3218/2/2496
f 3178/2/32 3215/2/2484 3224/2/2494
f 3213/2/2487 3212/2/2485 3221/2/2495 3222/2/2489
f 3210/2/2480 3209/2/2486 3218/2/2496 3219/2/2491
f 3222/2/2489 3221/2/2495 3230/2/2497 3231/2/2498
f 3219/2/2491 3218/2/2496 3227/2/2499 3228/2/2500
f 3216/2/2488 3188/2/30 3225/2/2501
f 3223/2/2490 3222/2/2489 3231/2/2498 3232/2/2502
f 3220/2/2492 3219/2/2491 3228/2/2500 3229/2/2503
f 3217/2/2493 3216/2/2488 3225/2/2501 3226/2/2504
f 3224/2/2494 3223/2/2490 3232/2/2502 3233/2/2505
f 3221/2/2495 3220/2/2492 3229/2/2503 3230/2/2497
f 3218/2/2496 3217/2/2493 3226/2/2504 3227/2/2499
f 3178/2/32 3224/2/2494 3233/2/2505
f 3227/2/2499 3226/2/2504 3235/2/2506 3236/2/2507
f 3178/2/32 3233/2/2505 3242/2/2508
f 3231/2/2498 3230/2/2497 3239/2/2509 3240/2/2510
f 3228/2/2500 3227/2/2499 3236/2/2507 3237/2/2511
f 3225/2/2501 3188/2/30 3234/2/2512
f 3232/2/2502 3231/2/2498 3240/2/2510 3241/2/2513
f 3229/2/2503 3228/2/2500 3237/2/2511 3238/2/2514
f 3226/2/2504 3225/2/2501 3234/2/2512 3235/2/2506
f 3233/2/2505 3232/2/2502 3241/2/2513 3242/2/2508
f 3230/2/2497 3229/2/2503 3238/2/2514 3239/2/2509
f 3239/2/2509 3238/2/2514 3102/2/27 3103/2/2390
f 3236/2/2507 3235/2/2506 3244/2/2386 3101/2/2376
f 3178/2/32 3242/2/2508 3105/2/2388
f 3240/2/2510 3239/2/2509 3103/2/2390 3104/2/2382
f 3237/2/2511 3236/2/2507 3101/2/2376 3245/2/2375
f 3234/2/2512 3188/2/30 3243/2/2379
f 3241/2/2513 3240/2/2510 3104/2/2382 3246/2/2381
f 3238/2/2514 3237/2/2511 3245/2/2375 3102/2/27
f 3235/2/2506 3234/2/2512 3243/2/2379 3244/2/2386
f 3242/2/2508 3241/2/2513 3246/2/2381 3105/2/2388
f 3396/2/2382 3395/2/2390 3403/2/2391 3404/2/2383
f 3537/2/2375 3393/2/2376 3400/2/2377 3401/2/2378
f 3535/2/2379 3480/2/30 3398/2/2380
f 3538/2/2381 3396/2/2382 3404/2/2383 3405/2/2384
f 3394/2/27 3537/2/2375 3401/2/2378 3402/2/2385
f 3536/2/2386 3535/2/2379 3398/2/2380 3399/2/2387
f 3397/2/2388 3538/2/2381 3405/2/2384 3406/2/2389
f 3395/2/2390 3394/2/27 3402/2/2385 3403/2/2391
f 3393/2/2376 3536/2/2386 3399/2/2387 3400/2/2377
f 3470/2/32 3397/2/2388 3406/2/2389
f 3404/2/2383 3403/2/2391 3412/2/2400 3413/2/2395
f 3401/2/2378 3400/2/2377 3409/2/2392 3410/2/2393
f 3398/2/2380 3480/2/30 3407/2/2394
f 3405/2/2384 3404/2/2383 3413/2/2395 3414/2/2396
f 3402/2/2385 3401/2/2378 3410/2/2393 3411/2/2397
f 3399/2/2387 3398/2/2380 3407/2/2394 3408/2/2398
f 3406/2/2389 3405/2/2384 3414/2/2396 3415/2/2399
f 3403/2/2391 3402/2/2385 3411/2/2397 3412/2/2400
f 3400/2/2377 3399/2/2387 3408/2/2398 3409/2/2392
f 3470/2/32 3406/2/2389 3415/2/2399
f 3409/2/2392 3408/2/2398 3417/2/2408 3418/2/2403
f 3470/2/32 3415/2/2399 3424/2/2409
f 3413/2/2395 3412/2/2400 3421/2/2401 3422/2/2402
f 3410/2/2393 3409/2/2392 3418/2/2403 3419/2/2404
f 3407/2/2394 3480/2/30 3416/2/2405
f 3414/2/2396 3413/2/2395 3422/2/2402 3423/2/2406
f 3411/2/2397 3410/2/2393 3419/2/2404 3420/2/2407
f 3408/2/2398 3407/2/2394 3416/2/2405 3417/2/2408
f 3415/2/2399 3414/2/2396 3423/2/2406 3424/2/2409
f 3412/2/2400 3411/2/2397 3420/2/2407 3421/2/2401
f 3421/2/2401 3420/2/2407 3429/2/106 3430/2/2413
f 3418/2/2403 3417/2/2408 3426/2/2410 3427/2/2411
f 3470/2/32 3424/2/2409 3433/2/2412
f 3422/2/2402 3421/2/2401 3430/2/2413 3431/2/2414
f 3419/2/2404 3418/2/2403 3427/2/2411 3428/2/2415
f 3416/2/2405 3480/2/30 3425/2/2416
f 3423/2/2406 3422/2/2402 3431/2/2414 3432/2/2417
f 3420/2/2407 3419/2/2404 3428/2/2415 3429/2/106
f 3417/2/2408 3416/2/2405 3425/2/2416 3426/2/2410
f 3424/2/2409 3423/2/2406 3432/2/2417 3433/2/2412
f 3426/2/2410 3425/2/2416 3434/2/2426 3435/2/2422
f 3433/2/2412 3432/2/2417 3441/2/2418 3442/2/2419
f 3430/2/2413 3429/2/106 3438/2/2420 3439/2/2421
f 3427/2/2411 3426/2/2410 3435/2/2422 3436/2/2423
f 3470/2/32 3433/2/2412 3442/2/2419
f 3431/2/2414 3430/2/2413 3439/2/2421 3440/2/2424
f 3428/2/2415 3427/2/2411 3436/2/2423 3437/2/2425
f 3425/2/2416 3480/2/30 3434/2/2426
f 3432/2/2417 3431/2/2414 3440/2/2424 3441/2/2418
f 3429/2/106 3428/2/2415 3437/2/2425 3438/2/2420
f 3441/2/2418 3440/2/2424 3449/2/2435 3450/2/2431
f 3438/2/2420 3437/2/2425 3446/2/2427 3447/2/2428
f 3435/2/2422 3434/2/2426 3443/2/2429 3444/2/2430
f 3442/2/2419 3441/2/2418 3450/2/2431 3451/2/2432
f 3439/2/2421 3438/2/2420 3447/2/2428 3448/2/2433
f 3436/2/2423 3435/2/2422 3444/2/2430 3445/2/2434
f 3470/2/32 3442/2/2419 3451/2/2432
f 3440/2/2424 3439/2/2421 3448/2/2433 3449/2/2435
f 3437/2/2425 3436/2/2423 3445/2/2434 3446/2/2427
f 3434/2/2426 3480/2/30 3443/2/2429
f 3446/2/2427 3445/2/2434 3454/2/2444 3455/2/2439
f 3443/2/2429 3480/2/30 3452/2/2436
f 3450/2/2431 3449/2/2435 3458/2/2437 3459/2/2438
f 3447/2/2428 3446/2/2427 3455/2/2439 3456/2/2440
f 3444/2/2430 3443/2/2429 3452/2/2436 3453/2/2441
f 3451/2/2432 3450/2/2431 3459/2/2438 3460/2/2442
f 3448/2/2433 3447/2/2428 3456/2/2440 3457/2/2443
f 3445/2/2434 3444/2/2430 3453/2/2441 3454/2/2444
f 3470/2/32 3451/2/2432 3460/2/2442
f 3449/2/2435 3448/2/2433 3457/2/2443 3458/2/2437
f 3458/2/2437 3457/2/2443 3466/2/2452 3467/2/2448
f 3455/2/2439 3454/2/2444 3463/2/2445 3464/2/2446
f 3452/2/2436 3480/2/30 3461/2/2447
f 3459/2/2438 3458/2/2437 3467/2/2448 3468/2/2449
f 3456/2/2440 3455/2/2439 3464/2/2446 3465/2/192
f 3453/2/2441 3452/2/2436 3461/2/2447 3462/2/2450
f 3460/2/2442 3459/2/2438 3468/2/2449 3469/2/2451
f 3457/2/2443 3456/2/2440 3465/2/192 3466/2/2452
f 3454/2/2444 3453/2/2441 3462/2/2450 3463/2/2445
f 3470/2/32 3460/2/2442 3469/2/2451
f 3463/2/2445 3462/2/2450 3472/2/2461 3473/2/2456
f 3470/2/32 3469/2/2451 3479/2/2453
f 3467/2/2448 3466/2/2452 3476/2/2454 3477/2/2455
f 3464/2/2446 3463/2/2445 3473/2/2456 3474/2/2457
f 3461/2/2447 3480/2/30 3471/2/2458
f 3468/2/2449 3467/2/2448 3477/2/2455 3478/2/2459
f 3465/2/192 3464/2/2446 3474/2/2457 3475/2/2460
f 3462/2/2450 3461/2/2447 3471/2/2458 3472/2/2461
f 3469/2/2451 3468/2/2449 3478/2/2459 3479/2/2453
f 3466/2/2452 3465/2/192 3475/2/2460 3476/2/2454
f 3479/2/2453 3478/2/2459 3488/2/2470 3489/2/2466
f 3476/2/2454 3475/2/2460 3485/2/2462 3486/2/2463
f 3473/2/2456 3472/2/2461 3482/2/2464 3483/2/2465
f 3470/2/32 3479/2/2453 3489/2/2466
f 3477/2/2455 3476/2/2454 3486/2/2463 3487/2/2467
f 3474/2/2457 3473/2/2456 3483/2/2465 3484/2/2468
f 3471/2/2458 3480/2/30 3481/2/2469
f 3478/2/2459 3477/2/2455 3487/2/2467 3488/2/2470
f 3475/2/2460 3474/2/2457 3484/2/2468 3485/2/2462
f 3472/2/2461 3471/2/2458 3481/2/2469 3482/2/2464
f 3485/2/2462 3484/2/2468 3493/2/2479 3494/2/2475
f 3482/2/2464 3481/2/2469 3490/2/2471 3491/2/2472
f 3489/2/2466 3488/2/2470 3497/2/2473 3498/2/2474
f 3486/2/2463 3485/2/2462 3494/2/2475 3495/2/2476
f 3483/2/2465 3482/2/2464 3491/2/2472 3492/2/2477
f 3470/2/32 3489/2/2466 3498/2/2474
f 3487/2/2467 3486/2/2463 3495/2/2476 3496/2/2478
f 3484/2/2468 3483/2/2465 3492/2/2477 3493/2/2479
f 3481/2/2469 3480/2/30 3490/2/2471
f 3488/2/2470 3487/2/2467 3496/2/2478 3497/2/2473
f 3490/2/2471 3480/2/30 3499/2/2481
f 3497/2/2473 3496/2/2478 3505/2/2487 3506/2/2483
f 3494/2/2475 3493/2/2479 3502/2/2480 3503/2/278
f 3491/2/2472 3490/2/2471 3499/2/2481 3500/2/2482
f 3498/2/2474 3497/2/2473 3506/2/2483 3507/2/2484
f 3495/2/2476 3494/2/2475 3503/2/278 3504/2/2485
f 3492/2/2477 3491/2/2472 3500/2/2482 3501/2/2486
f 3470/2/32 3498/2/2474 3507/2/2484
f 3496/2/2478 3495/2/2476 3504/2/2485 3505/2/2487
f 3493/2/2479 3492/2/2477 3501/2/2486 3502/2/2480
f 3502/2/2480 3501/2/2486 3510/2/2496 3511/2/2491
f 3499/2/2481 3480/2/30 3508/2/2488
f 3506/2/2483 3505/2/2487 3514/2/2489 3515/2/2490
f 3503/2/278 3502/2/2480 3511/2/2491 3512/2/2492
f 3500/2/2482 3499/2/2481 3508/2/2488 3509/2/2493
f 3507/2/2484 3506/2/2483 3515/2/2490 3516/2/2494
f 3504/2/2485 3503/2/278 3512/2/2492 3513/2/2495
f 3501/2/2486 3500/2/2482 3509/2/2493 3510/2/2496
f 3470/2/32 3507/2/2484 3516/2/2494
f 3505/2/2487 3504/2/2485 3513/2/2495 3514/2/2489
f 3470/2/32 3516/2/2494 3525/2/2505
f 3514/2/2489 3513/2/2495 3522/2/2497 3523/2/2498
f 3511/2/2491 3510/2/2496 3519/2/2499 3520/2/2500
f 3508/2/2488 3480/2/30 3517/2/2501
f 3515/2/2490 3514/2/2489 3523/2/2498 3524/2/2502
f 3512/2/2492 3511/2/2491 3520/2/2500 3521/2/2503
f 3509/2/2493 3508/2/2488 3517/2/2501 3518/2/2504
f 3516/2/2494 3515/2/2490 3524/2/2502 3525/2/2505
f 3513/2/2495 3512/2/2492 3521/2/2503 3522/2/2497
f 3510/2/2496 3509/2/2493 3518/2/2504 3519/2/2499
f 3522/2/2497 3521/2/2503 3530/2/2514 3531/2/2509
f 3519/2/2499 3518/2/2504 3527/2/2506 3528/2/2507
f 3470/2/32 3525/2/2505 3534/2/2508
f 3523/2/2498 3522/2/2497 3531/2/2509 3532/2/2510
f 3520/2/2500 3519/2/2499 3528/2/2507 3529/2/2511
f 3517/2/2501 3480/2/30 3526/2/2512
f 3524/2/2502 3523/2/2498 3532/2/2510 3533/2/2513
f 3521/2/2503 3520/2/2500 3529/2/2511 3530/2/2514
f 3518/2/2504 3517/2/2501 3526/2/2512 3527/2/2506
f 3525/2/2505 3524/2/2502 3533/2/2513 3534/2/2508
f 3527/2/2506 3526/2/2512 3535/2/2379 3536/2/2386
f 3534/2/2508 3533/2/2513 3538/2/2381 3397/2/2388
f 3531/2/2509 3530/2/2514 3394/2/27 3395/2/2390
f 3528/2/2507 3527/2/2506 3536/2/2386 3393/2/2376
f 3470/2/32 3534/2/2508 3397/2/2388
f 3532/2/2510 3531/2/2509 3395/2/2390 3396/2/2382
f 3529/2/2511 3528/2/2507 3393/2/2376 3537/2/2375
f 3526/2/2512 3480/2/30 3535/2/2379
f 3533/2/2513 3532/2/2510 3396/2/2382 3538/2/2381
f 3530/2/2514 3529/2/2511 3537/2/2375 3394/2/27
f 3829/2/2655 3685/2/2656 3692/2/2657 3693/2/2658
f 3827/2/2659 3772/2/2660 3690/2/2661
f 3830/2/2662 3688/2/2663 3696/2/2664 3697/2/2665
f 3686/2/2666 3829/2/2655 3693/2/2658 3694/2/2667
f 3828/2/2668 3827/2/2659 3690/2/2661 3691/2/2669
f 3689/2/2670 3830/2/2662 3697/2/2665 3698/2/2671
f 3687/2/2672 3686/2/2666 3694/2/2667 3695/2/2673
f 3685/2/2656 3828/2/2668 3691/2/2669 3692/2/2657
f 3762/2/2674 3689/2/2670 3698/2/2671
f 3688/2/2663 3687/2/2672 3695/2/2673 3696/2/2664
f 3693/2/2658 3692/2/2657 3701/2/2675 3702/2/2676
f 3690/2/2661 3772/2/2660 3699/2/2677
f 3697/2/2665 3696/2/2664 3705/2/2678 3706/2/2679
f 3694/2/2667 3693/2/2658 3702/2/2676 3703/2/2680
f 3691/2/2669 3690/2/2661 3699/2/2677 3700/2/2681
f 3698/2/2671 3697/2/2665 3706/2/2679 3707/2/2682
f 3695/2/2673 3694/2/2667 3703/2/2680 3704/2/2683
f 3692/2/2657 3691/2/2669 3700/2/2681 3701/2/2675
f 3762/2/2674 3698/2/2671 3707/2/2682
f 3696/2/2664 3695/2/2673 3704/2/2683 3705/2/2678
f 3705/2/2678 3704/2/2683 3713/2/2684 3714/2/2685
f 3702/2/2676 3701/2/2675 3710/2/2686 3711/2/2687
f 3699/2/2677 3772/2/2660 3708/2/2688
f 3706/2/2679 3705/2/2678 3714/2/2685 3715/2/2689
f 3703/2/2680 3702/2/2676 3711/2/2687 3712/2/2690
f 3700/2/2681 3699/2/2677 3708/2/2688 3709/2/2691
f 3707/2/2682 3706/2/2679 3715/2/2689 3716/2/2692
f 3704/2/2683 3703/2/2680 3712/2/2690 3713/2/2684
f 3701/2/2675 3700/2/2681 3709/2/2691 3710/2/2686
f 3762/2/2674 3707/2/2682 3716/2/2692
f 3710/2/2686 3709/2/2691 3718/2/2693 3719/2/2694
f 3762/2/2674 3716/2/2692 3725/2/2695
f 3714/2/2685 3713/2/2684 3722/2/2696 3723/2/2697
f 3711/2/2687 3710/2/2686 3719/2/2694 3720/2/2698
f 3708/2/2688 3772/2/2660 3717/2/2699
f 3715/2/2689 3714/2/2685 3723/2/2697 3724/2/2700
f 3712/2/2690 3711/2/2687 3720/2/2698 3721/2/106
f 3709/2/2691 3708/2/2688 3717/2/2699 3718/2/2693
f 3716/2/2692 3715/2/2689 3724/2/2700 3725/2/2695
f 3713/2/2684 3712/2/2690 3721/2/106 3722/2/2696
f 3725/2/2695 3724/2/2700 3733/2/2701 3734/2/2702
f 3722/2/2696 3721/2/106 3730/2/2703 3731/2/2704
f 3719/2/2694 3718/2/2693 3727/2/2705 3728/2/2706
f 3762/2/2674 3725/2/2695 3734/2/2702
f 3723/2/2697 3722/2/2696 3731/2/2704 3732/2/2707
f 3720/2/2698 3719/2/2694 3728/2/2706 3729/2/2708
f 3717/2/2699 3772/2/2660 3726/2/2709
f 3724/2/2700 3723/2/2697 3732/2/2707 3733/2/2701
f 3721/2/106 3720/2/2698 3729/2/2708 3730/2/2703
f 3718/2/2693 3717/2/2699 3726/2/2709 3727/2/2705
f 3730/2/2703 3729/2/2708 3738/2/2710 3739/2/2711
f 3727/2/2705 3726/2/2709 3735/2/2712 3736/2/2713
f 3734/2/2702 3733/2/2701 3742/2/2714 3743/2/2715
f 3731/2/2704 3730/2/2703 3739/2/2711 3740/2/2716
f 3728/2/2706 3727/2/2705 3736/2/2713 3737/2/2717
f 3762/2/2674 3734/2/2702 3743/2/2715
f 3732/2/2707 3731/2/2704 3740/2/2716 3741/2/2718
f 3729/2/2708 3728/2/2706 3737/2/2717 3738/2/2710
f 3726/2/2709 3772/2/2660 3735/2/2712
f 3733/2/2701 3732/2/2707 3741/2/2718 3742/2/2714
f 3735/2/2712 3772/2/2660 3744/2/2719
f 3742/2/2714 3741/2/2718 3750/2/2720 3751/2/2721
f 3739/2/2711 3738/2/2710 3747/2/2722 3748/2/2723
f 3736/2/2713 3735/2/2712 3744/2/2719 3745/2/2724
f 3743/2/2715 3742/2/2714 3751/2/2721 3752/2/2725
f 3740/2/2716 3739/2/2711 3748/2/2723 3749/2/2726
f 3737/2/2717 3736/2/2713 3745/2/2724 3746/2/2727
f 3762/2/2674 3743/2/2715 3752/2/2725
f 3741/2/2718 3740/2/2716 3749/2/2726 3750/2/2720
f 3738/2/2710 3737/2/2717 3746/2/2727 3747/2/2722
f 3747/2/2722 3746/2/2727 3755/2/2728 3756/2/2729
f 3744/2/2719 3772/2/2660 3753/2/2730
f 3751/2/2721 3750/2/2720 3759/2/2731 3760/2/2732
f 3748/2/2723 3747/2/2722 3756/2/2729 3757/2/2733
f 3745/2/2724 3744/2/2719 3753/2/2730 3754/2/2734
f 3752/2/2725 3751/2/2721 3760/2/2732 3761/2/2735
f 3749/2/2726 3748/2/2723 3757/2/2733 3758/2/2736
f 3746/2/2727 3745/2/2724 3754/2/2734 3755/2/2728
f 3762/2/2674 3752/2/2725 3761/2/2735
f 3750/2/2720 3749/2/2726 3758/2/2736 3759/2/2731
f 3762/2/2674 3761/2/2735 3771/2/2737
f 3759/2/2731 3758/2/2736 3768/2/2738 3769/2/2739
f 3756/2/2729 3755/2/2728 3765/2/2740 3766/2/2741
f 3753/2/2730 3772/2/2660 3763/2/2742
f 3760/2/2732 3759/2/2731 3769/2/2739 3770/2/2743
f 3757/2/2733 3756/2/2729 3766/2/2741 3767/2/2744
f 3754/2/2734 3753/2/2730 3763/2/2742 3764/2/2745
f 3761/2/2735 3760/2/2732 3770/2/2743 3771/2/2737
f 3758/2/2736 3757/2/2733 3767/2/2744 3768/2/2738
f 3755/2/2728 3754/2/2734 3764/2/2745 3765/2/2740
f 3768/2/2738 3767/2/2744 3777/2/2746 3778/2/2747
f 3765/2/2740 3764/2/2745 3774/2/2748 3775/2/2749
f 3762/2/2674 3771/2/2737 3781/2/2750
f 3769/2/2739 3768/2/2738 3778/2/2747 3779/2/2751
f 3766/2/2741 3765/2/2740 3775/2/2749 3776/2/2752
f 3763/2/2742 3772/2/2660 3773/2/2753
f 3770/2/2743 3769/2/2739 3779/2/2751 3780/2/2754
f 3767/2/2744 3766/2/2741 3776/2/2752 3777/2/2746
f 3764/2/2745 3763/2/2742 3773/2/2753 3774/2/2748
f 3771/2/2737 3770/2/2743 3780/2/2754 3781/2/2750
f 3774/2/2748 3773/2/2753 3782/2/2755 3783/2/2756
f 3781/2/2750 3780/2/2754 3789/2/2757 3790/2/2758
f 3778/2/2747 3777/2/2746 3786/2/2759 3787/2/2760
f 3775/2/2749 3774/2/2748 3783/2/2756 3784/2/2761
f 3762/2/2674 3781/2/2750 3790/2/2758
f 3779/2/2751 3778/2/2747 3787/2/2760 3788/2/2762
f 3776/2/2752 3775/2/2749 3784/2/2761 3785/2/2763
f 3773/2/2753 3772/2/2660 3782/2/2755
f 3780/2/2754 3779/2/2751 3788/2/2762 3789/2/2757
f 3777/2/2746 3776/2/2752 3785/2/2763 3786/2/2759
f 3786/2/2759 3785/2/2763 3794/2/2764 3795/2/278
f 3783/2/2756 3782/2/2755 3791/2/2765 3792/2/2766
f 3790/2/2758 3789/2/2757 3798/2/2767 3799/2/2768
f 3787/2/2760 3786/2/2759 3795/2/278 3796/2/2769
f 3784/2/2761 3783/2/2756 3792/2/2766 3793/2/2770
f 3762/2/2674 3790/2/2758 3799/2/2768
f 3788/2/2762 3787/2/2760 3796/2/2769 3797/2/2771
f 3785/2/2763 3784/2/2761 3793/2/2770 3794/2/2764
f 3782/2/2755 3772/2/2660 3791/2/2765
f 3789/2/2757 3788/2/2762 3797/2/2771 3798/2/2767
f 3791/2/2765 3772/2/2660 3800/2/2772
f 3798/2/2767 3797/2/2771 3806/2/2773 3807/2/2774
f 3795/2/278 3794/2/2764 3803/2/2775 3804/2/2776
f 3792/2/2766 3791/2/2765 3800/2/2772 3801/2/2777
f 3799/2/2768 3798/2/2767 3807/2/2774 3808/2/2778
f 3796/2/2769 3795/2/278 3804/2/2776 3805/2/2779
f 3793/2/2770 3792/2/2766 3801/2/2777 3802/2/2780
f 3762/2/2674 3799/2/2768 3808/2/2778
f 3797/2/2771 3796/2/2769 3805/2/2779 3806/2/2773
f 3794/2/2764 3793/2/2770 3802/2/2780 3803/2/2775
f 3806/2/2773 3805/2/2779 3814/2/2781 3815/2/2782
f 3803/2/2775 3802/2/2780 3811/2/2783 3812/2/2784
f 3800/2/2772 3772/2/2660 3809/2/2785
f 3807/2/2774 3806/2/2773 3815/2/2782 3816/2/2786
f 3804/2/2776 3803/2/2775 3812/2/2784 3813/2/2787
f 3801/2/2777 3800/2/2772 3809/2/2785 3810/2/2788
f 3808/2/2778 3807/2/2774 3816/2/2786 3817/2/2789
f 3805/2/2779 3804/2/2776 3813/2/2787 3814/2/2781
f 3802/2/2780 3801/2/2777 3810/2/2788 3811/2/2783
f 3762/2/2674 3808/2/2778 3817/2/2789
f 3811/2/2783 3810/2/2788 3819/2/2790 3820/2/2791
f 3762/2/2674 3817/2/2789 3826/2/2792
f 3815/2/2782 3814/2/2781 3823/2/2793 3824/2/2794
f 3812/2/2784 3811/2/2783 3820/2/2791 3821/2/2795
f 3809/2/2785 3772/2/2660 3818/2/2796
f 3816/2/2786 3815/2/2782 3824/2/2794 3825/2/2797
f 3813/2/2787 3812/2/2784 3821/2/2795 3822/2/2798
f 3810/2/2788 3809/2/2785 3818/2/2796 3819/2/2790
f 3817/2/2789 3816/2/2786 3825/2/2797 3826/2/2792
f 3814/2/2781 3813/2/2787 3822/2/2798 3823/2/2793
f 3823/2/2793 3822/2/2798 3686/2/2666 3687/2/2672
f 3820/2/2791 3819/2/2790 3828/2/2668 3685/2/2656
f 3762/2/2674 3826/2/2792 3689/2/2670
f 3824/2/2794 3823/2/2793 3687/2/2672 3688/2/2663
f 3821/2/2795 3820/2/2791 3685/2/2656 3829/2/2655
f 3818/2/2796 3772/2/2660 3827/2/2659
f 3825/2/2797 3824/2/2794 3688/2/2663 3830/2/2662
f 3822/2/2798 3821/2/2795 3829/2/2655 3686/2/2666
f 3819/2/2790 3818/2/2796 3827/2/2659 3828/2/2668
f 3826/2/2792 3825/2/2797 3830/2/2662 3689/2/2670
f 3831/2/2799 3837/2/2800 3838/2/2801
f 3835/2/2802 3958/2/2803 3844/2/2804 3845/2/2805
f 3834/2/2806 3833/2/2807 3841/2/2808 3842/2/2809
f 3956/2/2810 3831/2/2799 3838/2/2801 3839/2/2811
f 3836/2/2812 3835/2/2802 3845/2/2805 3846/2/2813
f 3957/2/2814 3834/2/2806 3842/2/2809 3843/2/2815
f 3832/2/2816 3956/2/2810 3839/2/2811 3840/2/2817
f 3919/2/2818 3836/2/2812 3846/2/2813
f 3958/2/2803 3957/2/2814 3843/2/2815 3844/2/2804
f 3833/2/2807 3832/2/2816 3840/2/2817 3841/2/2808
f 3838/2/2801 3837/2/2800 3847/2/2819
f 3845/2/2805 3844/2/2804 3853/2/2820 3854/2/2821
f 3842/2/2809 3841/2/2808 3850/2/2822 3851/2/2823
f 3839/2/2811 3838/2/2801 3847/2/2819 3848/2/2824
f 3846/2/2813 3845/2/2805 3854/2/2821 3855/2/2825
f 3843/2/2815 3842/2/2809 3851/2/2823 3852/2/2826
f 3840/2/2817 3839/2/2811 3848/2/2824 3849/2/2827
f 3919/2/2818 3846/2/2813 3855/2/2825
f 3844/2/2804 3843/2/2815 3852/2/2826 3853/2/2820
f 3841/2/2808 3840/2/2817 3849/2/2827 3850/2/2822
f 3850/2/2822 3849/2/2827 3858/2/2828 3859/2/2829
f 3847/2/2819 3837/2/2800 3856/2/2830
f 3854/2/2821 3853/2/2820 3862/2/2831 3863/2/2832
f 3851/2/2823 3850/2/2822 3859/2/2829 3860/2/2833
f 3848/2/2824 3847/2/2819 3856/2/2830 3857/2/2834
f 3855/2/2825 3854/2/2821 3863/2/2832 3864/2/2835
f 3852/2/2826 3851/2/2823 3860/2/2833 3861/2/2836
f 3849/2/2827 3848/2/2824 3857/2/2834 3858/2/2828
f 3919/2/2818 3855/2/2825 3864/2/2835
f 3853/2/2820 3852/2/2826 3861/2/2836 3862/2/2831
f 3919/2/2818 3864/2/2835 3873/2/2837
f 3862/2/2831 3861/2/2836 3870/2/2838 3871/2/2839
f 3859/2/2829 3858/2/2828 3867/2/2840 3868/2/2841
f 3856/2/2830 3837/2/2800 3865/2/2842
f 3863/2/2832 3862/2/2831 3871/2/2839 3872/2/2843
f 3860/2/2833 3859/2/2829 3868/2/2841 3869/2/2844
f 3857/2/2834 3856/2/2830 3865/2/2842 3866/2/2845
f 3864/2/2835 3863/2/2832 3872/2/2843 3873/2/2837
f 3861/2/2836 3860/2/2833 3869/2/2844 3870/2/2838
f 3858/2/2828 3857/2/2834 3866/2/2845 3867/2/2840
f 3870/2/2838 3869/2/2844 3878/2/2846 3879/2/2847
f 3867/2/2840 3866/2/2845 3875/2/2848 3876/2/2849
f 3919/2/2818 3873/2/2837 3882/2/2850
f 3871/2/2839 3870/2/2838 3879/2/2847 3880/2/2851
f 3868/2/2841 3867/2/2840 3876/2/2849 3877/2/2852
f 3865/2/2842 3837/2/2800 3874/2/2853
f 3872/2/2843 3871/2/2839 3880/2/2851 3881/2/2854
f 3869/2/2844 3868/2/2841 3877/2/2852 3878/2/2846
f 3866/2/2845 3865/2/2842 3874/2/2853 3875/2/2848
f 3873/2/2837 3872/2/2843 3881/2/2854 3882/2/2850
f 3875/2/2848 3874/2/2853 3883/2/2855 3884/2/2856
f 3882/2/2850 3881/2/2854 3890/2/2857 3891/2/2858
f 3879/2/2847 3878/2/2846 3887/2/2859 3888/2/2860
f 3876/2/2849 3875/2/2848 3884/2/2856 3885/2/2861
f 3919/2/2818 3882/2/2850 3891/2/2858
f 3880/2/2851 3879/2/2847 3888/2/2860 3889/2/2862
f 3877/2/2852 3876/2/2849 3885/2/2861 3886/2/2863
f 3874/2/2853 3837/2/2800 3883/2/2855
f 3881/2/2854 3880/2/2851 3889/2/2862 3890/2/2857
f 3878/2/2846 3877/2/2852 3886/2/2863 3887/2/2859
f 3887/2/2859 3886/2/2863 3895/2/2864 3896/2/2865
f 3884/2/2856 3883/2/2855 3892/2/2866 3893/2/2867
f 3891/2/2858 3890/2/2857 3899/2/2868 3900/2/2869
f 3888/2/2860 3887/2/2859 3896/2/2865 3897/2/2870
f 3885/2/2861 3884/2/2856 3893/2/2867 3894/2/2871
f 3919/2/2818 3891/2/2858 3900/2/2869
f 3889/2/2862 3888/2/2860 3897/2/2870 3898/2/2872
f 3886/2/2863 3885/2/2861 3894/2/2871 3895/2/2864
f 3883/2/2855 3837/2/2800 3892/2/2866
f 3890/2/2857 3889/2/2862 3898/2/2872 3899/2/2868
f 3892/2/2866 3837/2/2800 3901/2/2873
f 3899/2/2868 3898/2/2872 3907/2/2874 3908/2/2875
f 3896/2/2865 3895/2/2864 3904/2/2876 3905/2/2877
f 3893/2/2867 3892/2/2866 3901/2/2873 3902/2/2878
f 3900/2/2869 3899/2/2868 3908/2/2875 3909/2/2879
f 3897/2/2870 3896/2/2865 3905/2/2877 3906/2/2880
f 3894/2/2871 3893/2/2867 3902/2/2878 3903/2/2881
f 3919/2/2818 3900/2/2869 3909/2/2879
f 3898/2/2872 3897/2/2870 3906/2/2880 3907/2/2874
f 3895/2/2864 3894/2/2871 3903/2/2881 3904/2/2876
f 3907/2/2874 3906/2/2880 3915/2/2882 3916/2/2883
f 3904/2/2876 3903/2/2881 3912/2/2884 3913/2/2885
f 3901/2/2873 3837/2/2800 3910/2/2886
f 3908/2/2875 3907/2/2874 3916/2/2883 3917/2/2887
f 3905/2/2877 3904/2/2876 3913/2/2885 3914/2/2888
f 3902/2/2878 3901/2/2873 3910/2/2886 3911/2/2889
f 3909/2/2879 3908/2/2875 3917/2/2887 3918/2/2890
f 3906/2/2880 3905/2/2877 3914/2/2888 3915/2/2882
f 3903/2/2881 3902/2/2878 3911/2/2889 3912/2/2884
f 3919/2/2818 3909/2/2879 3918/2/2890
f 3912/2/2884 3911/2/2889 3921/2/2891 3922/2/2892
f 3919/2/2818 3918/2/2890 3928/2/2893
f 3916/2/2883 3915/2/2882 3925/2/2894 3926/2/2895
f 3913/2/2885 3912/2/2884 3922/2/2892 3923/2/2896
f 3910/2/2886 3837/2/2800 3920/2/2897
f 3917/2/2887 3916/2/2883 3926/2/2895 3927/2/2898
f 3914/2/2888 3913/2/2885 3923/2/2896 3924/2/2899
f 3911/2/2889 3910/2/2886 3920/2/2897 3921/2/2891
f 3918/2/2890 3917/2/2887 3927/2/2898 3928/2/2893
f 3915/2/2882 3914/2/2888 3924/2/2899 3925/2/2894
f 3925/2/2894 3924/2/2899 3933/2/2900 3934/2/2901
f 3922/2/2892 3921/2/2891 3930/2/2902 3931/2/2903
f 3919/2/2818 3928/2/2893 3937/2/2904
f 3926/2/2895 3925/2/2894 3934/2/2901 3935/2/2905
f 3923/2/2896 3922/2/2892 3931/2/2903 3932/2/2906
f 3920/2/2897 3837/2/2800 3929/2/2907
f 3927/2/2898 3926/2/2895 3935/2/2905 3936/2/2908
f 3924/2/2899 3923/2/2896 3932/2/2906 3933/2/2900
f 3921/2/2891 3920/2/2897 3929/2/2907 3930/2/2902
f 3928/2/2893 3927/2/2898 3936/2/2908 3937/2/2904
f 3930/2/2902 3929/2/2907 3938/2/2909 3939/2/2910
f 3937/2/2904 3936/2/2908 3945/2/2911 3946/2/2912
f 3934/2/2901 3933/2/2900 3942/2/2913 3943/2/2914
f 3931/2/2903 3930/2/2902 3939/2/2910 3940/2/2915
f 3919/2/2818 3937/2/2904 3946/2/2912
f 3935/2/2905 3934/2/2901 3943/2/2914 3944/2/2916
f 3932/2/2906 3931/2/2903 3940/2/2915 3941/2/2917
f 3929/2/2907 3837/2/2800 3938/2/2909
f 3936/2/2908 3935/2/2905 3944/2/2916 3945/2/2911
f 3933/2/2900 3932/2/2906 3941/2/2917 3942/2/2913
f 3945/2/2911 3944/2/2916 3953/2/2918 3954/2/2919
f 3942/2/2913 3941/2/2917 3950/2/2920 3951/2/2921
f 3939/2/2910 3938/2/2909 3947/2/2922 3948/2/2923
f 3946/2/2912 3945/2/2911 3954/2/2919 3955/2/2924
f 3943/2/2914 3942/2/2913 3951/2/2921 3952/2/2925
f 3940/2/2915 3939/2/2910 3948/2/2923 3949/2/2926
f 3919/2/2818 3946/2/2912 3955/2/2924
f 3944/2/2916 3943/2/2914 3952/2/2925 3953/2/2918
f 3941/2/2917 3940/2/2915 3949/2/2926 3950/2/2920
f 3938/2/2909 3837/2/2800 3947/2/2922
f 3950/2/2920 3949/2/2926 3832/2/2816 3833/2/2807
f 3947/2/2922 3837/2/2800 3831/2/2799
f 3954/2/2919 3953/2/2918 3958/2/2803 3835/2/2802
f 3951/2/2921 3950/2/2920 3833/2/2807 3834/2/2806
f 3948/2/2923 3947/2/2922 3831/2/2799 3956/2/2810
f 3955/2/2924 3954/2/2919 3835/2/2802 3836/2/2812
f 3952/2/2925 3951/2/2921 3834/2/2806 3957/2/2814
f 3949/2/2926 3948/2/2923 3956/2/2810 3832/2/2816
f 3919/2/2818 3955/2/2924 3836/2/2812
f 3953/2/2918 3952/2/2925 3957/2/2814 3958/2/2803
f 2695/3/32 2722/3/2007 2644/3/2008
f 2721/3/2009 2720/3/2010 2642/3/2011 2643/3/2012
f 2719/3/27 2718/3/2013 2640/3/2014 2641/3/2015
f 2637/3/2016 2717/3/2017 2638/3/2018 2639/3/2019
f 2722/3/2007 2721/3/2009 2643/3/2012 2644/3/2008
f 2720/3/2010 2719/3/27 2641/3/2015 2642/3/2011
f 2718/3/2013 2637/3/2016 2639/3/2019 2640/3/2014
f 2717/3/2017 2687/3/30 2638/3/2018
f 2644/3/2008 2643/3/2012 2650/3/2020 2651/3/2021
f 2642/3/2011 2641/3/2015 2648/3/2022 2649/3/2023
f 2640/3/2014 2639/3/2019 2646/3/2024 2647/3/2025
f 2638/3/2018 2687/3/30 2645/3/2026
f 2695/3/32 2644/3/2008 2651/3/2021
f 2643/3/2012 2642/3/2011 2649/3/2023 2650/3/2020
f 2641/3/2015 2640/3/2014 2647/3/2025 2648/3/2022
f 2639/3/2019 2638/3/2018 2645/3/2026 2646/3/2024
f 2649/3/2023 2648/3/2022 2655/3/106 2656/3/2027
f 2647/3/2025 2646/3/2024 2653/3/2028 2654/3/2029
f 2645/3/2026 2687/3/30 2652/3/2030
f 2695/3/32 2651/3/2021 2658/3/2031
f 2650/3/2020 2649/3/2023 2656/3/2027 2657/3/2032
f 2648/3/2022 2647/3/2025 2654/3/2029 2655/3/106
f 2646/3/2024 2645/3/2026 2652/3/2030 2653/3/2028
f 2651/3/2021 2650/3/2020 2657/3/2032 2658/3/2031
f 2695/3/32 2658/3/2031 2665/3/2033
f 2657/3/2032 2656/3/2027 2663/3/2034 2664/3/2035
f 2655/3/106 2654/3/2029 2661/3/2036 2662/3/2037
f 2653/3/2028 2652/3/2030 2659/3/2038 2660/3/2039
f 2658/3/2031 2657/3/2032 2664/3/2035 2665/3/2033
f 2656/3/2027 2655/3/106 2662/3/2037 2663/3/2034
f 2654/3/2029 2653/3/2028 2660/3/2039 2661/3/2036
f 2652/3/2030 2687/3/30 2659/3/2038
f 2662/3/2037 2661/3/2036 2668/3/2040 2669/3/2041
f 2660/3/2039 2659/3/2038 2666/3/2042 2667/3/2043
f 2665/3/2033 2664/3/2035 2671/3/2044 2672/3/2045
f 2663/3/2034 2662/3/2037 2669/3/2041 2670/3/2046
f 2661/3/2036 2660/3/2039 2667/3/2043 2668/3/2040
f 2659/3/2038 2687/3/30 2666/3/2042
f 2695/3/32 2665/3/2033 2672/3/2045
f 2664/3/2035 2663/3/2034 2670/3/2046 2671/3/2044
f 2672/3/2045 2671/3/2044 2678/3/2047 2679/3/2048
f 2670/3/2046 2669/3/2041 2676/3/192 2677/3/2049
f 2668/3/2040 2667/3/2043 2674/3/2050 2675/3/2051
f 2666/3/2042 2687/3/30 2673/3/2052
f 2695/3/32 2672/3/2045 2679/3/2048
f 2671/3/2044 2670/3/2046 2677/3/2049 2678/3/2047
f 2669/3/2041 2668/3/2040 2675/3/2051 2676/3/192
f 2667/3/2043 2666/3/2042 2673/3/2052 2674/3/2050
f 2675/3/2051 2674/3/2050 2681/3/2053 2682/3/2054
f 2673/3/2052 2687/3/30 2680/3/2055
f 2695/3/32 2679/3/2048 2686/3/2056
f 2678/3/2047 2677/3/2049 2684/3/2057 2685/3/2058
f 2676/3/192 2675/3/2051 2682/3/2054 2683/3/2059
f 2674/3/2050 2673/3/2052 2680/3/2055 2681/3/2053
f 2679/3/2048 2678/3/2047 2685/3/2058 2686/3/2056
f 2677/3/2049 2676/3/192 2683/3/2059 2684/3/2057
f 2695/3/32 2686/3/2056 2694/3/2060
f 2685/3/2058 2684/3/2057 2692/3/2061 2693/3/2062
f 2683/3/2059 2682/3/2054 2690/3/2063 2691/3/2064
f 2681/3/2053 2680/3/2055 2688/3/2065 2689/3/2066
f 2686/3/2056 2685/3/2058 2693/3/2062 2694/3/2060
f 2684/3/2057 2683/3/2059 2691/3/2064 2692/3/2061
f 2682/3/2054 2681/3/2053 2689/3/2066 2690/3/2063
f 2680/3/2055 2687/3/30 2688/3/2065
f 2689/3/2066 2688/3/2065 2696/3/2067 2697/3/2068
f 2694/3/2060 2693/3/2062 2701/3/2069 2702/3/2070
f 2692/3/2061 2691/3/2064 2699/3/278 2700/3/2071
f 2690/3/2063 2689/3/2066 2697/3/2068 2698/3/2072
f 2688/3/2065 2687/3/30 2696/3/2067
f 2695/3/32 2694/3/2060 2702/3/2070
f 2693/3/2062 2692/3/2061 2700/3/2071 2701/3/2069
f 2691/3/2064 2690/3/2063 2698/3/2072 2699/3/278
f 2702/3/2070 2701/3/2069 2708/3/2073 2709/3/2074
f 2700/3/2071 2699/3/278 2706/3/2075 2707/3/2076
f 2698/3/2072 2697/3/2068 2704/3/2077 2705/3/2078
f 2696/3/2067 2687/3/30 2703/3/2079
f 2695/3/32 2702/3/2070 2709/3/2074
f 2701/3/2069 2700/3/2071 2707/3/2076 2708/3/2073
f 2699/3/278 2698/3/2072 2705/3/2078 2706/3/2075
f 2697/3/2068 2696/3/2067 2703/3/2079 2704/3/2077
f 2703/3/2079 2687/3/30 2710/3/2080
f 2695/3/32 2709/3/2074 2716/3/2081
f 2708/3/2073 2707/3/2076 2714/3/2082 2715/3/2083
f 2706/3/2075 2705/3/2078 2712/3/2084 2713/3/2085
f 2704/3/2077 2703/3/2079 2710/3/2080 2711/3/2086
f 2709/3/2074 2708/3/2073 2715/3/2083 2716/3/2081
f 2707/3/2076 2706/3/2075 2713/3/2085 2714/3/2082
f 2705/3/2078 2704/3/2077 2711/3/2086 2712/3/2084
f 2715/3/2083 2714/3/2082 2720/3/2010 2721/3/2009
f 2713/3/2085 2712/3/2084 2718/3/2013 2719/3/27
f 2711/3/2086 2710/3/2080 2717/3/2017 2637/3/2016
f 2716/3/2081 2715/3/2083 2721/3/2009 2722/3/2007
f 2714/3/2082 2713/3/2085 2719/3/27 2720/3/2010
f 2712/3/2084 2711/3/2086 2637/3/2016 2718/3/2013
f 2710/3/2080 2687/3/30 2717/3/2017
f 2695/3/32 2716/3/2081 2722/3/2007
f 2805/3/27 2804/3/2013 2726/3/2014 2727/3/2015
f 2723/3/2016 2803/3/2017 2724/3/2018 2725/3/2019
f 2808/3/2007 2807/3/2009 2729/3/2012 2730/3/2008
f 2806/3/2010 2805/3/27 2727/3/2015 2728/3/2011
f 2804/3/2013 2723/3/2016 2725/3/2019 2726/3/2014
f 2803/3/2017 2773/3/30 2724/3/2018
f 2781/3/32 2808/3/2007 2730/3/2008
f 2807/3/2009 2806/3/2010 2728/3/2011 2729/3/2012
f 2730/3/2008 2729/3/2012 2736/3/2020 2737/3/2021
f 2728/3/2011 2727/3/2015 2734/3/2022 2735/3/2023
f 2726/3/2014 2725/3/2019 2732/3/2024 2733/3/2025
f 2724/3/2018 2773/3/30 2731/3/2026
f 2781/3/32 2730/3/2008 2737/3/2021
f 2729/3/2012 2728/3/2011 2735/3/2023 2736/3/2020
f 2727/3/2015 2726/3/2014 2733/3/2025 2734/3/2022
f 2725/3/2019 2724/3/2018 2731/3/2026 2732/3/2024
f 2731/3/2026 2773/3/30 2738/3/2030
f 2781/3/32 2737/3/2021 2744/3/2031
f 2736/3/2020 2735/3/2023 2742/3/2027 2743/3/2032
f 2734/3/2022 2733/3/2025 2740/3/2029 2741/3/106
f 2732/3/2024 2731/3/2026 2738/3/2030 2739/3/2028
f 2737/3/2021 2736/3/2020 2743/3/2032 2744/3/2031
f 2735/3/2023 2734/3/2022 2741/3/106 2742/3/2027
f 2733/3/2025 2732/3/2024 2739/3/2028 2740/3/2029
f 2743/3/2032 2742/3/2027 2749/3/2034 2750/3/2035
f 2741/3/106 2740/3/2029 2747/3/2036 2748/3/2037
f 2739/3/2028 2738/3/2030 2745/3/2038 2746/3/2039
f 2744/3/2031 2743/3/2032 2750/3/2035 2751/3/2033
f 2742/3/2027 2741/3/106 2748/3/2037 2749/3/2034
f 2740/3/2029 2739/3/2028 2746/3/2039 2747/3/2036
f 2738/3/2030 2773/3/30 2745/3/2038
f 2781/3/32 2744/3/2031 2751/3/2033
f 2751/3/2033 2750/3/2035 2757/3/2044 2758/3/2045
f 2749/3/2034 2748/3/2037 2755/3/2041 2756/3/2046
f 2747/3/2036 2746/3/2039 2753/3/2043 2754/3/2040
f 2745/3/2038 2773/3/30 2752/3/2042
f 2781/3/32 2751/3/2033 2758/3/2045
f 2750/3/2035 2749/3/2034 2756/3/2046 2757/3/2044
f 2748/3/2037 2747/3/2036 2754/3/2040 2755/3/2041
f 2746/3/2039 2745/3/2038 2752/3/2042 2753/3/2043
f 2756/3/2046 2755/3/2041 2762/3/192 2763/3/2049
f 2754/3/2040 2753/3/2043 2760/3/2050 2761/3/2051
f 2752/3/2042 2773/3/30 2759/3/2052
f 2781/3/32 2758/3/2045 2765/3/2048
f 2757/3/2044 2756/3/2046 2763/3/2049 2764/3/2047
f 2755/3/2041 2754/3/2040 2761/3/2051 2762/3/192
f 2753/3/2043 2752/3/2042 2759/3/2052 2760/3/2050
f 2758/3/2045 2757/3/2044 2764/3/2047 2765/3/2048
f 2781/3/32 2765/3/2048 2772/3/2056
f 2764/3/2047 2763/3/2049 2770/3/2057 2771/3/2058
f 2762/3/192 2761/3/2051 2768/3/2054 2769/3/2059
f 2760/3/2050 2759/3/2052 2766/3/2055 2767/3/2053
f 2765/3/2048 2764/3/2047 2771/3/2058 2772/3/2056
f 2763/3/2049 2762/3/192 2769/3/2059 2770/3/2057
f 2761/3/2051 2760/3/2050 2767/3/2053 2768/3/2054
f 2759/3/2052 2773/3/30 2766/3/2055
f 2769/3/2059 2768/3/2054 2776/3/2063 2777/3/2064
f 2767/3/2053 2766/3/2055 2774/3/2065 2775/3/2066
f 2772/3/2056 2771/3/2058 2779/3/2062 2780/3/2060
f 2770/3/2057 2769/3/2059 2777/3/2064 2778/3/2061
f 2768/3/2054 2767/3/2053 2775/3/2066 2776/3/2063
f 2766/3/2055 2773/3/30 2774/3/2065
f 2781/3/32 2772/3/2056 2780/3/2060
f 2771/3/2058 2770/3/2057 2778/3/2061 2779/3/2062
f 2780/3/2060 2779/3/2062 2787/3/2069 2788/3/2070
f 2778/3/2061 2777/3/2064 2785/3/278 2786/3/2071
f 2776/3/2063 2775/3/2066 2783/3/2068 2784/3/2072
f 2774/3/2065 2773/3/30 2782/3/2067
f 2781/3/32 2780/3/2060 2788/3/2070
f 2779/3/2062 2778/3/2061 2786/3/2071 2787/3/2069
f 2777/3/2064 2776/3/2063 2784/3/2072 2785/3/278
f 2775/3/2066 2774/3/2065 2782/3/2067 2783/3/2068
f 2784/3/2072 2783/3/2068 2790/3/2077 2791/3/2078
f 2782/3/2067 2773/3/30 2789/3/2079
f 2781/3/32 2788/3/2070 2795/3/2074
f 2787/3/2069 2786/3/2071 2793/3/2076 2794/3/2073
f 2785/3/278 2784/3/2072 2791/3/2078 2792/3/2075
f 2783/3/2068 2782/3/2067 2789/3/2079 2790/3/2077
f 2788/3/2070 2787/3/2069 2794/3/2073 2795/3/2074
f 2786/3/2071 2785/3/278 2792/3/2075 2793/3/2076
f 2781/3/32 2795/3/2074 2802/3/2081
f 2794/3/2073 2793/3/2076 2800/3/2082 2801/3/2083
f 2792/3/2075 2791/3/2078 2798/3/2084 2799/3/2085
f 2790/3/2077 2789/3/2079 2796/3/2080 2797/3/2086
f 2795/3/2074 2794/3/2073 2801/3/2083 2802/3/2081
f 2793/3/2076 2792/3/2075 2799/3/2085 2800/3/2082
f 2791/3/2078 2790/3/2077 2797/3/2086 2798/3/2084
f 2789/3/2079 2773/3/30 2796/3/2080
f 2797/3/2086 2796/3/2080 2803/3/2017 2723/3/2016
f 2802/3/2081 2801/3/2083 2807/3/2009 2808/3/2007
f 2800/3/2082 2799/3/2085 2805/3/27 2806/3/2010
f 2798/3/2084 2797/3/2086 2723/3/2016 2804/3/2013
f 2796/3/2080 2773/3/30 2803/3/2017
f 2781/3/32 2802/3/2081 2808/3/2007
f 2801/3/2083 2800/3/2082 2806/3/2010 2807/3/2009
f 2799/3/2085 2798/3/2084 2804/3/2013 2805/3/27
f 1529/4/1431 1499/4/30 1450/4/1432
f 1507/4/32 1534/4/1433 1456/4/1434
f 1533/4/1435 1532/4/1436 1454/4/1437 1455/4/1438
f 1531/4/27 1530/4/1439 1452/4/1440 1453/4/1441
f 1449/4/1442 1529/4/1431 1450/4/1432 1451/4/1443
f 1534/4/1433 1533/4/1435 1455/4/1438 1456/4/1434
f 1532/4/1436 1531/4/27 1453/4/1441 1454/4/1437
f 1530/4/1439 1449/4/1442 1451/4/1443 1452/4/1440
f 1453/4/1441 1452/4/1440 1459/4/1444 1460/4/1445
f 1451/4/1443 1450/4/1432 1457/4/1446 1458/4/1447
f 1456/4/1434 1455/4/1438 1462/4/1448 1463/4/1449
f 1454/4/1437 1453/4/1441 1460/4/1445 1461/4/1450
f 1452/4/1440 1451/4/1443 1458/4/1447 1459/4/1444
f 1450/4/1432 1499/4/30 1457/4/1446
f 1507/4/32 1456/4/1434 1463/4/1449
f 1455/4/1438 1454/4/1437 1461/4/1450 1462/4/1448
f 1463/4/1449 1462/4/1448 1469/4/1451 1470/4/1452
f 1461/4/1450 1460/4/1445 1467/4/106 1468/4/1453
f 1459/4/1444 1458/4/1447 1465/4/1454 1466/4/1455
f 1457/4/1446 1499/4/30 1464/4/1456
f 1507/4/32 1463/4/1449 1470/4/1452
f 1462/4/1448 1461/4/1450 1468/4/1453 1469/4/1451
f 1460/4/1445 1459/4/1444 1466/4/1455 1467/4/106
f 1458/4/1447 1457/4/1446 1464/4/1456 1465/4/1454
f 1466/4/1455 1465/4/1454 1472/4/1457 1473/4/1458
f 1464/4/1456 1499/4/30 1471/4/1459
f 1507/4/32 1470/4/1452 1477/4/1460
f 1469/4/1451 1468/4/1453 1475/4/1461 1476/4/1462
f 1467/4/106 1466/4/1455 1473/4/1458 1474/4/1463
f 1465/4/1454 1464/4/1456 1471/4/1459 1472/4/1457
f 1470/4/1452 1469/4/1451 1476/4/1462 1477/4/1460
f 1468/4/1453 1467/4/106 1474/4/1463 1475/4/1461
f 1507/4/32 1477/4/1460 1484/4/1464
f 1476/4/1462 1475/4/1461 1482/4/1465 1483/4/1466
f 1474/4/1463 1473/4/1458 1480/4/1467 1481/4/1468
f 1472/4/1457 1471/4/1459 1478/4/1469 1479/4/1470
f 1477/4/1460 1476/4/1462 1483/4/1466 1484/4/1464
f 1475/4/1461 1474/4/1463 1481/4/1468 1482/4/1465
f 1473/4/1458 1472/4/1457 1479/4/1470 1480/4/1467
f 1471/4/1459 1499/4/30 1478/4/1469
f 1479/4/1470 1478/4/1469 1485/4/1471 1486/4/1472
f 1484/4/1464 1483/4/1466 1490/4/1473 1491/4/1474
f 1482/4/1465 1481/4/1468 1488/4/192 1489/4/1475
f 1480/4/1467 1479/4/1470 1486/4/1472 1487/4/1476
f 1478/4/1469 1499/4/30 1485/4/1471
f 1507/4/32 1484/4/1464 1491/4/1474
f 1483/4/1466 1482/4/1465 1489/4/1475 1490/4/1473
f 1481/4/1468 1480/4/1467 1487/4/1476 1488/4/192
f 1491/4/1474 1490/4/1473 1497/4/1477 1498/4/1478
f 1489/4/1475 1488/4/192 1495/4/1479 1496/4/1480
f 1487/4/1476 1486/4/1472 1493/4/1481 1494/4/1482
f 1485/4/1471 1499/4/30 1492/4/1483
f 1507/4/32 1491/4/1474 1498/4/1478
f 1490/4/1473 1489/4/1475 1496/4/1480 1497/4/1477
f 1488/4/192 1487/4/1476 1494/4/1482 1495/4/1479
f 1486/4/1472 1485/4/1471 1492/4/1483 1493/4/1481
f 1492/4/1483 1499/4/30 1500/4/1484
f 1507/4/32 1498/4/1478 1506/4/1485
f 1497/4/1477 1496/4/1480 1504/4/1486 1505/4/1487
f 1495/4/1479 1494/4/1482 1502/4/1488 1503/4/1489
f 1493/4/1481 1492/4/1483 1500/4/1484 1501/4/1490
f 1498/4/1478 1497/4/1477 1505/4/1487 1506/4/1485
f 1496/4/1480 1495/4/1479 1503/4/1489 1504/4/1486
f 1494/4/1482 1493/4/1481 1501/4/1490 1502/4/1488
f 1505/4/1487 1504/4/1486 1512/4/1491 1513/4/1492
f 1503/4/1489 1502/4/1488 1510/4/1493 1511/4/278
f 1501/4/1490 1500/4/1484 1508/4/1494 1509/4/1495
f 1506/4/1485 1505/4/1487 1513/4/1492 1514/4/1496
f 1504/4/1486 1503/4/1489 1511/4/278 1512/4/1491
f 1502/4/1488 1501/4/1490 1509/4/1495 1510/4/1493
f 1500/4/1484 1499/4/30 1508/4/1494
f 1507/4/32 1506/4/1485 1514/4/1496
f 1514/4/1496 1513/4/1492 1520/4/1497 1521/4/1498
f 1512/4/1491 1511/4/278 1518/4/1499 1519/4/1500
f 1510/4/1493 1509/4/1495 1516/4/1501 1517/4/1502
f 1508/4/1494 1499/4/30 1515/4/1503
f 1507/4/32 1514/4/1496 1521/4/1498
f 1513/4/1492 1512/4/1491 1519/4/1500 1520/4/1497
f 1511/4/278 1510/4/1493 1517/4/1502 1518/4/1499
f 1509/4/1495 1508/4/1494 1515/4/1503 1516/4/1501
f 1519/4/1500 1518/4/1499 1525/4/1504 1526/4/1505
f 1517/4/1502 1516/4/1501 1523/4/1506 1524/4/1507
f 1515/4/1503 1499/4/30 1522/4/1508
f 1507/4/32 1521/4/1498 1528/4/1509
f 1520/4/1497 1519/4/1500 1526/4/1505 1527/4/1510
f 1518/4/1499 1517/4/1502 1524/4/1507 1525/4/1504
f 1516/4/1501 1515/4/1503 1522/4/1508 1523/4/1506
f 1521/4/1498 1520/4/1497 1527/4/1510 1528/4/1509
f 1507/4/32 1528/4/1509 1534/4/1433
f 1527/4/1510 1526/4/1505 1532/4/1436 1533/4/1435
f 1525/4/1504 1524/4/1507 1530/4/1439 1531/4/27
f 1523/4/1506 1522/4/1508 1529/4/1431 1449/4/1442
f 1528/4/1509 1527/4/1510 1533/4/1435 1534/4/1433
f 1526/4/1505 1525/4/1504 1531/4/27 1532/4/1436
f 1524/4/1507 1523/4/1506 1449/4/1442 1530/4/1439
f 1522/4/1508 1499/4/30 1529/4/1431
f 1535/4/1442 1615/4/1431 1536/4/1432 1537/4/1443
f 1620/4/1433 1619/4/1435 1541/4/1438 1542/4/1434
f 1618/4/1436 1617/4/27 1539/4/1441 1540/4/1437
f 1616/4/1439 1535/4/1442 1537/4/1443 1538/4/1440
f 1615/4/1431 1585/4/30 1536/4/1432
f 1593/4/32 1620/4/1433 1542/4/1434
f 1619/4/1435 1618/4/1436 1540/4/1437 1541/4/1438
f 1617/4/27 1616/4/1439 1538/4/1440 1539/4/1441
f 1540/4/1437 1539/4/1441 1546/4/1445 1547/4/1450
f 1538/4/1440 1537/4/1443 1544/4/1447 1545/4/1444
f 1536/4/1432 1585/4/30 1543/4/1446
f 1593/4/32 1542/4/1434 1549/4/1449
f 1541/4/1438 1540/4/1437 1547/4/1450 1548/4/1448
f 1539/4/1441 1538/4/1440 1545/4/1444 1546/4/1445
f 1537/4/1443 1536/4/1432 1543/4/1446 1544/4/1447
f 1542/4/1434 1541/4/1438 1548/4/1448 1549/4/1449
f 1593/4/32 1549/4/1449 1556/4/1452
f 1548/4/1448 1547/4/1450 1554/4/1453 1555/4/1451
f 1546/4/1445 1545/4/1444 1552/4/1455 1553/4/106
f 1544/4/1447 1543/4/1446 1550/4/1456 1551/4/1454
f 1549/4/1449 1548/4/1448 1555/4/1451 1556/4/1452
f 1547/4/1450 1546/4/1445 1553/4/106 1554/4/1453
f 1545/4/1444 1544/4/1447 1551/4/1454 1552/4/1455
f 1543/4/1446 1585/4/30 1550/4/1456
f 1553/4/106 1552/4/1455 1559/4/1458 1560/4/1463
f 1551/4/1454 1550/4/1456 1557/4/1459 1558/4/1457
f 1556/4/1452 1555/4/1451 1562/4/1462 1563/4/1460
f 1554/4/1453 1553/4/106 1560/4/1463 1561/4/1461
f 1552/4/1455 1551/4/1454 1558/4/1457 1559/4/1458
f 1550/4/1456 1585/4/30 1557/4/1459
f 1593/4/32 1556/4/1452 1563/4/1460
f 1555/4/1451 1554/4/1453 1561/4/1461 1562/4/1462
f 1563/4/1460 1562/4/1462 1569/4/1466 1570/4/1464
f 1561/4/1461 1560/4/1463 1567/4/1468 1568/4/1465
f 1559/4/1458 1558/4/1457 1565/4/1470 1566/4/1467
f 1557/4/1459 1585/4/30 1564/4/1469
f 1593/4/32 1563/4/1460 1570/4/1464
f 1562/4/1462 1561/4/1461 1568/4/1465 1569/4/1466
f 1560/4/1463 1559/4/1458 1566/4/1467 1567/4/1468
f 1558/4/1457 1557/4/1459 1564/4/1469 1565/4/1470
f 1566/4/1467 1565/4/1470 1572/4/1472 1573/4/1476
f 1564/4/1469 1585/4/30 1571/4/1471
f 1593/4/32 1570/4/1464 1577/4/1474
f 1569/4/1466 1568/4/1465 1575/4/1475 1576/4/1473
f 1567/4/1468 1566/4/1467 1573/4/1476 1574/4/192
f 1565/4/1470 1564/4/1469 1571/4/1471 1572/4/1472
f 1570/4/1464 1569/4/1466 1576/4/1473 1577/4/1474
f 1568/4/1465 1567/4/1468 1574/4/192 1575/4/1475
f 1593/4/32 1577/4/1474 1584/4/1478
f 1576/4/1473 1575/4/1475 1582/4/1480 1583/4/1477
f 1574/4/192 1573/4/1476 1580/4/1482 1581/4/1479
f 1572/4/1472 1571/4/1471 1578/4/1483 1579/4/1481
f 1577/4/1474 1576/4/1473 1583/4/1477 1584/4/1478
f 1575/4/1475 1574/4/192 1581/4/1479 1582/4/1480
f 1573/4/1476 1572/4/1472 1579/4/1481 1580/4/1482
f 1571/4/1471 1585/4/30 1578/4/1483
f 1579/4/1481 1578/4/1483 1586/4/1484 1587/4/1490
f 1584/4/1478 1583/4/1477 1591/4/1487 1592/4/1485
f 1582/4/1480 1581/4/1479 1589/4/1489 1590/4/1486
f 1580/4/1482 1579/4/1481 1587/4/1490 1588/4/1488
f 1578/4/1483 1585/4/30 1586/4/1484
f 1593/4/32 1584/4/1478 1592/4/1485
f 1583/4/1477 1582/4/1480 1590/4/1486 1591/4/1487
f 1581/4/1479 1580/4/1482 1588/4/1488 1589/4/1489
f 1592/4/1485 1591/4/1487 1599/4/1492 1600/4/1496
f 1590/4/1486 1589/4/1489 1597/4/278 1598/4/1491
f 1588/4/1488 1587/4/1490 1595/4/1495 1596/4/1493
f 1586/4/1484 1585/4/30 1594/4/1494
f 1593/4/32 1592/4/1485 1600/4/1496
f 1591/4/1487 1590/4/1486 1598/4/1491 1599/4/1492
f 1589/4/1489 1588/4/1488 1596/4/1493 1597/4/278
f 1587/4/1490 1586/4/1484 1594/4/1494 1595/4/1495
f 1594/4/1494 1585/4/30 1601/4/1503
f 1593/4/32 1600/4/1496 1607/4/1498
f 1599/4/1492 1598/4/1491 1605/4/1500 1606/4/1497
f 1597/4/278 1596/4/1493 1603/4/1502 1604/4/1499
f 1595/4/1495 1594/4/1494 1601/4/1503 1602/4/1501
f 1600/4/1496 1599/4/1492 1606/4/1497 1607/4/1498
f 1598/4/1491 1597/4/278 1604/4/1499 1605/4/1500
f 1596/4/1493 1595/4/1495 1602/4/1501 1603/4/1502
f 1606/4/1497 1605/4/1500 1612/4/1505 1613/4/1510
f 1604/4/1499 1603/4/1502 1610/4/1507 1611/4/1504
f 1602/4/1501 1601/4/1503 1608/4/1508 1609/4/1506
f 1607/4/1498 1606/4/1497 1613/4/1510 1614/4/1509
f 1605/4/1500 1604/4/1499 1611/4/1504 1612/4/1505
f 1603/4/1502 1602/4/1501 1609/4/1506 1610/4/1507
f 1601/4/1503 1585/4/30 1608/4/1508
f 1593/4/32 1607/4/1498 1614/4/1509
f 1614/4/1509 1613/4/1510 1619/4/1435 1620/4/1433
f 1612/4/1505 1611/4/1504 1617/4/27 1618/4/1436
f 1610/4/1507 1609/4/1506 1535/4/1442 1616/4/1439
f 1608/4/1508 1585/4/30 1615/4/1431
f 1593/4/32 1614/4/1509 1620/4/1433
f 1613/4/1510 1612/4/1505 1618/4/1436 1619/4/1435
f 1611/4/1504 1610/4/1507 1616/4/1439 1617/4/27
f 1609/4/1506 1608/4/1508 1615/4/1431 1535/4/1442
f 3249/4/2515 3248/4/27 3256/4/2516 3257/4/2517
f 3247/4/2518 3390/4/2519 3253/4/2520 3254/4/2521
f 3324/4/32 3251/4/2522 3260/4/2523
f 3250/4/2524 3249/4/2515 3257/4/2517 3258/4/2525
f 3391/4/2526 3247/4/2518 3254/4/2521 3255/4/2527
f 3389/4/2528 3334/4/30 3252/4/2529
f 3392/4/2530 3250/4/2524 3258/4/2525 3259/4/2531
f 3248/4/27 3391/4/2526 3255/4/2527 3256/4/2516
f 3390/4/2519 3389/4/2528 3252/4/2529 3253/4/2520
f 3251/4/2522 3392/4/2530 3259/4/2531 3260/4/2523
f 3254/4/2521 3253/4/2520 3262/4/2532 3263/4/2533
f 3324/4/32 3260/4/2523 3269/4/2534
f 3258/4/2525 3257/4/2517 3266/4/2535 3267/4/2536
f 3255/4/2527 3254/4/2521 3263/4/2533 3264/4/2537
f 3252/4/2529 3334/4/30 3261/4/2538
f 3259/4/2531 3258/4/2525 3267/4/2536 3268/4/2539
f 3256/4/2516 3255/4/2527 3264/4/2537 3265/4/2540
f 3253/4/2520 3252/4/2529 3261/4/2538 3262/4/2532
f 3260/4/2523 3259/4/2531 3268/4/2539 3269/4/2534
f 3257/4/2517 3256/4/2516 3265/4/2540 3266/4/2535
f 3269/4/2534 3268/4/2539 3277/4/2541 3278/4/2542
f 3266/4/2535 3265/4/2540 3274/4/2543 3275/4/2544
f 3263/4/2533 3262/4/2532 3271/4/2545 3272/4/2546
f 3324/4/32 3269/4/2534 3278/4/2542
f 3267/4/2536 3266/4/2535 3275/4/2544 3276/4/2547
f 3264/4/2537 3263/4/2533 3272/4/2546 3273/4/2548
f 3261/4/2538 3334/4/30 3270/4/2549
f 3268/4/2539 3267/4/2536 3276/4/2547 3277/4/2541
f 3265/4/2540 3264/4/2537 3273/4/2548 3274/4/2543
f 3262/4/2532 3261/4/2538 3270/4/2549 3271/4/2545
f 3274/4/2543 3273/4/2548 3282/4/2550 3283/4/106
f 3271/4/2545 3270/4/2549 3279/4/2551 3280/4/2552
f 3278/4/2542 3277/4/2541 3286/4/2553 3287/4/2554
f 3275/4/2544 3274/4/2543 3283/4/106 3284/4/2555
f 3272/4/2546 3271/4/2545 3280/4/2552 3281/4/2556
f 3324/4/32 3278/4/2542 3287/4/2554
f 3276/4/2547 3275/4/2544 3284/4/2555 3285/4/2557
f 3273/4/2548 3272/4/2546 3281/4/2556 3282/4/2550
f 3270/4/2549 3334/4/30 3279/4/2551
f 3277/4/2541 3276/4/2547 3285/4/2557 3286/4/2553
f 3279/4/2551 3334/4/30 3288/4/2558
f 3286/4/2553 3285/4/2557 3294/4/2559 3295/4/2560
f 3283/4/106 3282/4/2550 3291/4/2561 3292/4/2562
f 3280/4/2552 3279/4/2551 3288/4/2558 3289/4/2563
f 3287/4/2554 3286/4/2553 3295/4/2560 3296/4/2564
f 3284/4/2555 3283/4/106 3292/4/2562 3293/4/2565
f 3281/4/2556 3280/4/2552 3289/4/2563 3290/4/2566
f 3324/4/32 3287/4/2554 3296/4/2564
f 3285/4/2557 3284/4/2555 3293/4/2565 3294/4/2559
f 3282/4/2550 3281/4/2556 3290/4/2566 3291/4/2561
f 3291/4/2561 3290/4/2566 3299/4/2567 3300/4/2568
f 3288/4/2558 3334/4/30 3297/4/2569
f 3295/4/2560 3294/4/2559 3303/4/2570 3304/4/2571
f 3292/4/2562 3291/4/2561 3300/4/2568 3301/4/2572
f 3289/4/2563 3288/4/2558 3297/4/2569 3298/4/2573
f 3296/4/2564 3295/4/2560 3304/4/2571 3305/4/2574
f 3293/4/2565 3292/4/2562 3301/4/2572 3302/4/2575
f 3290/4/2566 3289/4/2563 3298/4/2573 3299/4/2567
f 3324/4/32 3296/4/2564 3305/4/2574
f 3294/4/2559 3293/4/2565 3302/4/2575 3303/4/2570
f 3324/4/32 3305/4/2574 3314/4/2576
f 3303/4/2570 3302/4/2575 3311/4/2577 3312/4/2578
f 3300/4/2568 3299/4/2567 3308/4/2579 3309/4/2580
f 3297/4/2569 3334/4/30 3306/4/2581
f 3304/4/2571 3303/4/2570 3312/4/2578 3313/4/2582
f 3301/4/2572 3300/4/2568 3309/4/2580 3310/4/2583
f 3298/4/2573 3297/4/2569 3306/4/2581 3307/4/2584
f 3305/4/2574 3304/4/2571 3313/4/2582 3314/4/2576
f 3302/4/2575 3301/4/2572 3310/4/2583 3311/4/2577
f 3299/4/2567 3298/4/2573 3307/4/2584 3308/4/2579
f 3311/4/2577 3310/4/2583 3319/4/192 3320/4/2585
f 3308/4/2579 3307/4/2584 3316/4/2586 3317/4/2587
f 3324/4/32 3314/4/2576 3323/4/2588
f 3312/4/2578 3311/4/2577 3320/4/2585 3321/4/2589
f 3309/4/2580 3308/4/2579 3317/4/2587 3318/4/2590
f 3306/4/2581 3334/4/30 3315/4/2591
f 3313/4/2582 3312/4/2578 3321/4/2589 3322/4/2592
f 3310/4/2583 3309/4/2580 3318/4/2590 3319/4/192
f 3307/4/2584 3306/4/2581 3315/4/2591 3316/4/2586
f 3314/4/2576 3313/4/2582 3322/4/2592 3323/4/2588
f 3316/4/2586 3315/4/2591 3325/4/2593 3326/4/2594
f 3323/4/2588 3322/4/2592 3332/4/2595 3333/4/2596
f 3320/4/2585 3319/4/192 3329/4/2597 3330/4/2598
f 3317/4/2587 3316/4/2586 3326/4/2594 3327/4/2599
f 3324/4/32 3323/4/2588 3333/4/2596
f 3321/4/2589 3320/4/2585 3330/4/2598 3331/4/2600
f 3318/4/2590 3317/4/2587 3327/4/2599 3328/4/2601
f 3315/4/2591 3334/4/30 3325/4/2593
f 3322/4/2592 3321/4/2589 3331/4/2600 3332/4/2595
f 3319/4/192 3318/4/2590 3328/4/2601 3329/4/2597
f 3329/4/2597 3328/4/2601 3338/4/2602 3339/4/2603
f 3326/4/2594 3325/4/2593 3335/4/2604 3336/4/2605
f 3333/4/2596 3332/4/2595 3342/4/2606 3343/4/2607
f 3330/4/2598 3329/4/2597 3339/4/2603 3340/4/2608
f 3327/4/2599 3326/4/2594 3336/4/2605 3337/4/2609
f 3324/4/32 3333/4/2596 3343/4/2607
f 3331/4/2600 3330/4/2598 3340/4/2608 3341/4/2610
f 3328/4/2601 3327/4/2599 3337/4/2609 3338/4/2602
f 3325/4/2593 3334/4/30 3335/4/2604
f 3332/4/2595 3331/4/2600 3341/4/2610 3342/4/2606
f 3335/4/2604 3334/4/30 3344/4/2611
f 3342/4/2606 3341/4/2610 3350/4/2612 3351/4/2613
f 3339/4/2603 3338/4/2602 3347/4/2614 3348/4/2615
f 3336/4/2605 3335/4/2604 3344/4/2611 3345/4/2616
f 3343/4/2607 3342/4/2606 3351/4/2613 3352/4/2617
f 3340/4/2608 3339/4/2603 3348/4/2615 3349/4/2618
f 3337/4/2609 3336/4/2605 3345/4/2616 3346/4/2619
f 3324/4/32 3343/4/2607 3352/4/2617
f 3341/4/2610 3340/4/2608 3349/4/2618 3350/4/2612
f 3338/4/2602 3337/4/2609 3346/4/2619 3347/4/2614
f 3350/4/2612 3349/4/2618 3358/4/2620 3359/4/2621
f 3347/4/2614 3346/4/2619 3355/4/2622 3356/4/2623
f 3344/4/2611 3334/4/30 3353/4/2624
f 3351/4/2613 3350/4/2612 3359/4/2621 3360/4/2625
f 3348/4/2615 3347/4/2614 3356/4/2623 3357/4/278
f 3345/4/2616 3344/4/2611 3353/4/2624 3354/4/2626
f 3352/4/2617 3351/4/2613 3360/4/2625 3361/4/2627
f 3349/4/2618 3348/4/2615 3357/4/278 3358/4/2620
f 3346/4/2619 3345/4/2616 3354/4/2626 3355/4/2622
f 3324/4/32 3352/4/2617 3361/4/2627
f 3355/4/2622 3354/4/2626 3363/4/2628 3364/4/2629
f 3324/4/32 3361/4/2627 3370/4/2630
f 3359/4/2621 3358/4/2620 3367/4/2631 3368/4/2632
f 3356/4/2623 3355/4/2622 3364/4/2629 3365/4/2633
f 3353/4/2624 3334/4/30 3362/4/2634
f 3360/4/2625 3359/4/2621 3368/4/2632 3369/4/2635
f 3357/4/278 3356/4/2623 3365/4/2633 3366/4/2636
f 3354/4/2626 3353/4/2624 3362/4/2634 3363/4/2628
f 3361/4/2627 3360/4/2625 3369/4/2635 3370/4/2630
f 3358/4/2620 3357/4/278 3366/4/2636 3367/4/2631
f 3367/4/2631 3366/4/2636 3375/4/2637 3376/4/2638
f 3364/4/2629 3363/4/2628 3372/4/2639 3373/4/2640
f 3324/4/32 3370/4/2630 3379/4/2641
f 3368/4/2632 3367/4/2631 3376/4/2638 3377/4/2642
f 3365/4/2633 3364/4/2629 3373/4/2640 3374/4/2643
f 3362/4/2634 3334/4/30 3371/4/2644
f 3369/4/2635 3368/4/2632 3377/4/2642 3378/4/2645
f 3366/4/2636 3365/4/2633 3374/4/2643 3375/4/2637
f 3363/4/2628 3362/4/2634 3371/4/2644 3372/4/2639
f 3370/4/2630 3369/4/2635 3378/4/2645 3379/4/2641
f 3372/4/2639 3371/4/2644 3380/4/2646 3381/4/2647
f 3379/4/2641 3378/4/2645 3387/4/2648 3388/4/2649
f 3376/4/2638 3375/4/2637 3384/4/2650 3385/4/2651
f 3373/4/2640 3372/4/2639 3381/4/2647 3382/4/2652
f 3324/4/32 3379/4/2641 3388/4/2649
f 3377/4/2642 3376/4/2638 3385/4/2651 3386/4/2653
f 3374/4/2643 3373/4/2640 3382/4/2652 3383/4/2654
f 3371/4/2644 3334/4/30 3380/4/2646
f 3378/4/2645 3377/4/2642 3386/4/2653 3387/4/2648
f 3375/4/2637 3374/4/2643 3383/4/2654 3384/4/2650
f 3387/4/2648 3386/4/2653 3250/4/2524 3392/4/2530
f 3384/4/2650 3383/4/2654 3391/4/2526 3248/4/27
f 3381/4/2647 3380/4/2646 3389/4/2528 3390/4/2519
f 3388/4/2649 3387/4/2648 3392/4/2530 3251/4/2522
f 3385/4/2651 3384/4/2650 3248/4/27 3249/4/2515
f 3382/4/2652 3381/4/2647 3390/4/2519 3247/4/2518
f 3324/4/32 3388/4/2649 3251/4/2522
f 3386/4/2653 3385/4/2651 3249/4/2515 3250/4/2524
f 3383/4/2654 3382/4/2652 3247/4/2518 3391/4/2526
f 3380/4/2646 3334/4/30 3389/4/2528
f 3682/4/2519 3681/4/2528 3544/4/2529 3545/4/2520
f 3543/4/2522 3684/4/2530 3551/4/2531 3552/4/2523
f 3541/4/2515 3540/4/27 3548/4/2516 3549/4/2517
f 3539/4/2518 3682/4/2519 3545/4/2520 3546/4/2521
f 3616/4/32 3543/4/2522 3552/4/2523
f 3542/4/2524 3541/4/2515 3549/4/2517 3550/4/2525
f 3683/4/2526 3539/4/2518 3546/4/2521 3547/4/2527
f 3681/4/2528 3626/4/30 3544/4/2529
f 3684/4/2530 3542/4/2524 3550/4/2525 3551/4/2531
f 3540/4/27 3683/4/2526 3547/4/2527 3548/4/2516
f 3545/4/2520 3544/4/2529 3553/4/2538 3554/4/2532
f 3552/4/2523 3551/4/2531 3560/4/2539 3561/4/2534
f 3549/4/2517 3548/4/2516 3557/4/2540 3558/4/2535
f 3546/4/2521 3545/4/2520 3554/4/2532 3555/4/2533
f 3616/4/32 3552/4/2523 3561/4/2534
f 3550/4/2525 3549/4/2517 3558/4/2535 3559/4/2536
f 3547/4/2527 3546/4/2521 3555/4/2533 3556/4/2537
f 3544/4/2529 3626/4/30 3553/4/2538
f 3551/4/2531 3550/4/2525 3559/4/2536 3560/4/2539
f 3548/4/2516 3547/4/2527 3556/4/2537 3557/4/2540
f 3557/4/2540 3556/4/2537 3565/4/2548 3566/4/2543
f 3554/4/2532 3553/4/2538 3562/4/2549 3563/4/2545
f 3561/4/2534 3560/4/2539 3569/4/2541 3570/4/2542
f 3558/4/2535 3557/4/2540 3566/4/2543 3567/4/2544
f 3555/4/2533 3554/4/2532 3563/4/2545 3564/4/2546
f 3616/4/32 3561/4/2534 3570/4/2542
f 3559/4/2536 3558/4/2535 3567/4/2544 3568/4/2547
f 3556/4/2537 3555/4/2533 3564/4/2546 3565/4/2548
f 3553/4/2538 3626/4/30 3562/4/2549
f 3560/4/2539 3559/4/2536 3568/4/2547 3569/4/2541
f 3562/4/2549 3626/4/30 3571/4/2551
f 3569/4/2541 3568/4/2547 3577/4/2557 3578/4/2553
f 3566/4/2543 3565/4/2548 3574/4/2550 3575/4/106
f 3563/4/2545 3562/4/2549 3571/4/2551 3572/4/2552
f 3570/4/2542 3569/4/2541 3578/4/2553 3579/4/2554
f 3567/4/2544 3566/4/2543 3575/4/106 3576/4/2555
f 3564/4/2546 3563/4/2545 3572/4/2552 3573/4/2556
f 3616/4/32 3570/4/2542 3579/4/2554
f 3568/4/2547 3567/4/2544 3576/4/2555 3577/4/2557
f 3565/4/2548 3564/4/2546 3573/4/2556 3574/4/2550
f 3577/4/2557 3576/4/2555 3585/4/2565 3586/4/2559
f 3574/4/2550 3573/4/2556 3582/4/2566 3583/4/2561
f 3571/4/2551 3626/4/30 3580/4/2558
f 3578/4/2553 3577/4/2557 3586/4/2559 3587/4/2560
f 3575/4/106 3574/4/2550 3583/4/2561 3584/4/2562
f 3572/4/2552 3571/4/2551 3580/4/2558 3581/4/2563
f 3579/4/2554 3578/4/2553 3587/4/2560 3588/4/2564
f 3576/4/2555 3575/4/106 3584/4/2562 3585/4/2565
f 3573/4/2556 3572/4/2552 3581/4/2563 3582/4/2566
f 3616/4/32 3579/4/2554 3588/4/2564
f 3582/4/2566 3581/4/2563 3590/4/2573 3591/4/2567
f 3616/4/32 3588/4/2564 3597/4/2574
f 3586/4/2559 3585/4/2565 3594/4/2575 3595/4/2570
f 3583/4/2561 3582/4/2566 3591/4/2567 3592/4/2568
f 3580/4/2558 3626/4/30 3589/4/2569
f 3587/4/2560 3586/4/2559 3595/4/2570 3596/4/2571
f 3584/4/2562 3583/4/2561 3592/4/2568 3593/4/2572
f 3581/4/2563 3580/4/2558 3589/4/2569 3590/4/2573
f 3588/4/2564 3587/4/2560 3596/4/2571 3597/4/2574
f 3585/4/2565 3584/4/2562 3593/4/2572 3594/4/2575
f 3594/4/2575 3593/4/2572 3602/4/2583 3603/4/2577
f 3591/4/2567 3590/4/2573 3599/4/2584 3600/4/2579
f 3616/4/32 3597/4/2574 3606/4/2576
f 3595/4/2570 3594/4/2575 3603/4/2577 3604/4/2578
f 3592/4/2568 3591/4/2567 3600/4/2579 3601/4/2580
f 3589/4/2569 3626/4/30 3598/4/2581
f 3596/4/2571 3595/4/2570 3604/4/2578 3605/4/2582
f 3593/4/2572 3592/4/2568 3601/4/2580 3602/4/2583
f 3590/4/2573 3589/4/2569 3598/4/2581 3599/4/2584
f 3597/4/2574 3596/4/2571 3605/4/2582 3606/4/2576
f 3599/4/2584 3598/4/2581 3607/4/2591 3608/4/2586
f 3606/4/2576 3605/4/2582 3614/4/2592 3615/4/2588
f 3603/4/2577 3602/4/2583 3611/4/192 3612/4/2585
f 3600/4/2579 3599/4/2584 3608/4/2586 3609/4/2587
f 3616/4/32 3606/4/2576 3615/4/2588
f 3604/4/2578 3603/4/2577 3612/4/2585 3613/4/2589
f 3601/4/2580 3600/4/2579 3609/4/2587 3610/4/2590
f 3598/4/2581 3626/4/30 3607/4/2591
f 3605/4/2582 3604/4/2578 3613/4/2589 3614/4/2592
f 3602/4/2583 3601/4/2580 3610/4/2590 3611/4/192
f 3614/4/2592 3613/4/2589 3623/4/2600 3624/4/2595
f 3611/4/192 3610/4/2590 3620/4/2601 3621/4/2597
f 3608/4/2586 3607/4/2591 3617/4/2593 3618/4/2594
f 3615/4/2588 3614/4/2592 3624/4/2595 3625/4/2596
f 3612/4/2585 3611/4/192 3621/4/2597 3622/4/2598
f 3609/4/2587 3608/4/2586 3618/4/2594 3619/4/2599
f 3616/4/32 3615/4/2588 3625/4/2596
f 3613/4/2589 3612/4/2585 3622/4/2598 3623/4/2600
f 3610/4/2590 3609/4/2587 3619/4/2599 3620/4/2601
f 3607/4/2591 3626/4/30 3617/4/2593
f 3620/4/2601 3619/4/2599 3629/4/2609 3630/4/2602
f 3617/4/2593 3626/4/30 3627/4/2604
f 3624/4/2595 3623/4/2600 3633/4/2610 3634/4/2606
f 3621/4/2597 3620/4/2601 3630/4/2602 3631/4/2603
f 3618/4/2594 3617/4/2593 3627/4/2604 3628/4/2605
f 3625/4/2596 3624/4/2595 3634/4/2606 3635/4/2607
f 3622/4/2598 3621/4/2597 3631/4/2603 3632/4/2608
f 3619/4/2599 3618/4/2594 3628/4/2605 3629/4/2609
f 3616/4/32 3625/4/2596 3635/4/2607
f 3623/4/2600 3622/4/2598 3632/4/2608 3633/4/2610
f 3633/4/2610 3632/4/2608 3641/4/2618 3642/4/2612
f 3630/4/2602 3629/4/2609 3638/4/2619 3639/4/2614
f 3627/4/2604 3626/4/30 3636/4/2611
f 3634/4/2606 3633/4/2610 3642/4/2612 3643/4/2613
f 3631/4/2603 3630/4/2602 3639/4/2614 3640/4/2615
f 3628/4/2605 3627/4/2604 3636/4/2611 3637/4/2616
f 3635/4/2607 3634/4/2606 3643/4/2613 3644/4/2617
f 3632/4/2608 3631/4/2603 3640/4/2615 3641/4/2618
f 3629/4/2609 3628/4/2605 3637/4/2616 3638/4/2619
f 3616/4/32 3635/4/2607 3644/4/2617
f 3638/4/2619 3637/4/2616 3646/4/2626 3647/4/2622
f 3616/4/32 3644/4/2617 3653/4/2627
f 3642/4/2612 3641/4/2618 3650/4/2620 3651/4/2621
f 3639/4/2614 3638/4/2619 3647/4/2622 3648/4/2623
f 3636/4/2611 3626/4/30 3645/4/2624
f 3643/4/2613 3642/4/2612 3651/4/2621 3652/4/2625
f 3640/4/2615 3639/4/2614 3648/4/2623 3649/4/278
f 3637/4/2616 3636/4/2611 3645/4/2624 3646/4/2626
f 3644/4/2617 3643/4/2613 3652/4/2625 3653/4/2627
f 3641/4/2618 3640/4/2615 3649/4/278 3650/4/2620
f 3653/4/2627 3652/4/2625 3661/4/2635 3662/4/2630
f 3650/4/2620 3649/4/278 3658/4/2636 3659/4/2631
f 3647/4/2622 3646/4/2626 3655/4/2628 3656/4/2629
f 3616/4/32 3653/4/2627 3662/4/2630
f 3651/4/2621 3650/4/2620 3659/4/2631 3660/4/2632
f 3648/4/2623 3647/4/2622 3656/4/2629 3657/4/2633
f 3645/4/2624 3626/4/30 3654/4/2634
f 3652/4/2625 3651/4/2621 3660/4/2632 3661/4/2635
f 3649/4/278 3648/4/2623 3657/4/2633 3658/4/2636
f 3646/4/2626 3645/4/2624 3654/4/2634 3655/4/2628
f 3658/4/2636 3657/4/2633 3666/4/2643 3667/4/2637
f 3655/4/2628 3654/4/2634 3663/4/2644 3664/4/2639
f 3662/4/2630 3661/4/2635 3670/4/2645 3671/4/2641
f 3659/4/2631 3658/4/2636 3667/4/2637 3668/4/2638
f 3656/4/2629 3655/4/2628 3664/4/2639 3665/4/2640
f 3616/4/32 3662/4/2630 3671/4/2641
f 3660/4/2632 3659/4/2631 3668/4/2638 3669/4/2642
f 3657/4/2633 3656/4/2629 3665/4/2640 3666/4/2643
f 3654/4/2634 3626/4/30 3663/4/2644
f 3661/4/2635 3660/4/2632 3669/4/2642 3670/4/2645
f 3663/4/2644 3626/4/30 3672/4/2646
f 3670/4/2645 3669/4/2642 3678/4/2653 3679/4/2648
f 3667/4/2637 3666/4/2643 3675/4/2654 3676/4/2650
f 3664/4/2639 3663/4/2644 3672/4/2646 3673/4/2647
f 3671/4/2641 3670/4/2645 3679/4/2648 3680/4/2649
f 3668/4/2638 3667/4/2637 3676/4/2650 3677/4/2651
f 3665/4/2640 3664/4/2639 3673/4/2647 3674/4/2652
f 3616/4/32 3671/4/2641 3680/4/2649
f 3669/4/2642 3668/4/2638 3677/4/2651 3678/4/2653
f 3666/4/2643 3665/4/2640 3674/4/2652 3675/4/2654
f 3675/4/2654 3674/4/2652 3539/4/2518 3683/4/2526
f 3672/4/2646 3626/4/30 3681/4/2528
f 3679/4/2648 3678/4/2653 3542/4/2524 3684/4/2530
f 3676/4/2650 3675/4/2654 3683/4/2526 3540/4/27
f 3673/4/2647 3672/4/2646 3681/4/2528 3682/4/2519
f 3680/4/2649 3679/4/2648 3684/4/2530 3543/4/2522
f 3677/4/2651 3676/4/2650 3540/4/27 3541/4/2515
f 3674/4/2652 3673/4/2647 3682/4/2519 3539/4/2518
f 3616/4/32 3680/4/2649 3543/4/2522
f 3678/4/2653 3677/4/2651 3541/4/2515 3542/4/2524
f 4039/4/2927 4009/4/2928 3960/4/2929
f 4017/4/2930 4044/4/2931 3966/4/2932
f 4043/4/2933 4042/4/2934 3964/4/2935 3965/4/2936
f 4041/4/2937 4040/4/2938 3962/4/2939 3963/4/2940
f 3959/4/2941 4039/4/2927 3960/4/2929 3961/4/2942
f 4044/4/2931 4043/4/2933 3965/4/2936 3966/4/2932
f 4042/4/2934 4041/4/2937 3963/4/2940 3964/4/2935
f 4040/4/2938 3959/4/2941 3961/4/2942 3962/4/2939
f 3963/4/2940 3962/4/2939 3969/4/2943 3970/4/2944
f 3961/4/2942 3960/4/2929 3967/4/2945 3968/4/2946
f 3966/4/2932 3965/4/2936 3972/4/2947 3973/4/2948
f 3964/4/2935 3963/4/2940 3970/4/2944 3971/4/2949
f 3962/4/2939 3961/4/2942 3968/4/2946 3969/4/2943
f 3960/4/2929 4009/4/2928 3967/4/2945
f 4017/4/2930 3966/4/2932 3973/4/2948
f 3965/4/2936 3964/4/2935 3971/4/2949 3972/4/2947
f 3973/4/2948 3972/4/2947 3979/4/2950 3980/4/2951
f 3971/4/2949 3970/4/2944 3977/4/106 3978/4/2952
f 3969/4/2943 3968/4/2946 3975/4/2953 3976/4/2954
f 3967/4/2945 4009/4/2928 3974/4/2955
f 4017/4/2930 3973/4/2948 3980/4/2951
f 3972/4/2947 3971/4/2949 3978/4/2952 3979/4/2950
f 3970/4/2944 3969/4/2943 3976/4/2954 3977/4/106
f 3968/4/2946 3967/4/2945 3974/4/2955 3975/4/2953
f 3976/4/2954 3975/4/2953 3982/4/2956 3983/4/2957
f 3974/4/2955 4009/4/2928 3981/4/2958
f 4017/4/2930 3980/4/2951 3987/4/2959
f 3979/4/2950 3978/4/2952 3985/4/2960 3986/4/2961
f 3977/4/106 3976/4/2954 3983/4/2957 3984/4/2962
f 3975/4/2953 3974/4/2955 3981/4/2958 3982/4/2956
f 3980/4/2951 3979/4/2950 3986/4/2961 3987/4/2959
f 3978/4/2952 3977/4/106 3984/4/2962 3985/4/2960
f 4017/4/2930 3987/4/2959 3994/4/2963
f 3986/4/2961 3985/4/2960 3992/4/2964 3993/4/2965
f 3984/4/2962 3983/4/2957 3990/4/2966 3991/4/2967
f 3982/4/2956 3981/4/2958 3988/4/2968 3989/4/2969
f 3987/4/2959 3986/4/2961 3993/4/2965 3994/4/2963
f 3985/4/2960 3984/4/2962 3991/4/2967 3992/4/2964
f 3983/4/2957 3982/4/2956 3989/4/2969 3990/4/2966
f 3981/4/2958 4009/4/2928 3988/4/2968
f 3989/4/2969 3988/4/2968 3995/4/2970 3996/4/2971
f 3994/4/2963 3993/4/2965 4000/4/2972 4001/4/2973
f 3992/4/2964 3991/4/2967 3998/4/2974 3999/4/2975
f 3990/4/2966 3989/4/2969 3996/4/2971 3997/4/2976
f 3988/4/2968 4009/4/2928 3995/4/2970
f 4017/4/2930 3994/4/2963 4001/4/2973
f 3993/4/2965 3992/4/2964 3999/4/2975 4000/4/2972
f 3991/4/2967 3990/4/2966 3997/4/2976 3998/4/2974
f 4001/4/2973 4000/4/2972 4007/4/2977 4008/4/2978
f 3999/4/2975 3998/4/2974 4005/4/2979 4006/4/2980
f 3997/4/2976 3996/4/2971 4003/4/2981 4004/4/2982
f 3995/4/2970 4009/4/2928 4002/4/2983
f 4017/4/2930 4001/4/2973 4008/4/2978
f 4000/4/2972 3999/4/2975 4006/4/2980 4007/4/2977
f 3998/4/2974 3997/4/2976 4004/4/2982 4005/4/2979
f 3996/4/2971 3995/4/2970 4002/4/2983 4003/4/2981
f 4002/4/2983 4009/4/2928 4010/4/2984
f 4017/4/2930 4008/4/2978 4016/4/2985
f 4007/4/2977 4006/4/2980 4014/4/2986 4015/4/2987
f 4005/4/2979 4004/4/2982 4012/4/2988 4013/4/2989
f 4003/4/2981 4002/4/2983 4010/4/2984 4011/4/2990
f 4008/4/2978 4007/4/2977 4015/4/2987 4016/4/2985
f 4006/4/2980 4005/4/2979 4013/4/2989 4014/4/2986
f 4004/4/2982 4003/4/2981 4011/4/2990 4012/4/2988
f 4015/4/2987 4014/4/2986 4022/4/2991 4023/4/2992
f 4013/4/2989 4012/4/2988 4020/4/2993 4021/4/278
f 4011/4/2990 4010/4/2984 4018/4/2994 4019/4/2995
f 4016/4/2985 4015/4/2987 4023/4/2992 4024/4/2996
f 4014/4/2986 4013/4/2989 4021/4/278 4022/4/2991
f 4012/4/2988 4011/4/2990 4019/4/2995 4020/4/2993
f 4010/4/2984 4009/4/2928 4018/4/2994
f 4017/4/2930 4016/4/2985 4024/4/2996
f 4024/4/2996 4023/4/2992 4030/4/2997 4031/4/2998
f 4022/4/2991 4021/4/278 4028/4/2999 4029/4/3000
f 4020/4/2993 4019/4/2995 4026/4/3001 4027/4/3002
f 4018/4/2994 4009/4/2928 4025/4/3003
f 4017/4/2930 4024/4/2996 4031/4/2998
f 4023/4/2992 4022/4/2991 4029/4/3000 4030/4/2997
f 4021/4/278 4020/4/2993 4027/4/3002 4028/4/2999
f 4019/4/2995 4018/4/2994 4025/4/3003 4026/4/3001
f 4029/4/3000 4028/4/2999 4035/4/3004 4036/4/3005
f 4027/4/3002 4026/4/3001 4033/4/3006 4034/4/3007
f 4025/4/3003 4009/4/2928 4032/4/3008
f 4017/4/2930 4031/4/2998 4038/4/3009
f 4030/4/2997 4029/4/3000 4036/4/3005 4037/4/3010
f 4028/4/2999 4027/4/3002 4034/4/3007 4035/4/3004
f 4026/4/3001 4025/4/3003 4032/4/3008 4033/4/3006
f 4031/4/2998 4030/4/2997 4037/4/3010 4038/4/3009
f 4017/4/2930 4038/4/3009 4044/4/2931
f 4037/4/3010 4036/4/3005 4042/4/2934 4043/4/2933
f 4035/4/3004 4034/4/3007 4040/4/2938 4041/4/2937
f 4033/4/3006 4032/4/3008 4039/4/2927 3959/4/2941
f 4038/4/3009 4037/4/3010 4043/4/2933 4044/4/2931
f 4036/4/3005 4035/4/3004 4041/4/2937 4042/4/2934
f 4034/4/3007 4033/4/3006 3959/4/2941 4040/4/2938
f 4032/4/3008 4009/4/2928 4039/4/2927
f 4103/4/2930 4130/4/3011 4052/4/3012
f 4129/4/3013 4128/4/3014 4050/4/3015 4051/4/3016
f 4127/4/2937 4126/4/3017 4048/4/3018 4049/4/3019
f 4045/4/3020 4125/4/3021 4046/4/3022 4047/4/3023
f 4130/4/3011 4129/4/3013 4051/4/3016 4052/4/3012
f 4128/4/3014 4127/4/2937 4049/4/3019 4050/4/3015
f 4126/4/3017 4045/4/3020 4047/4/3023 4048/4/3018
f 4125/4/3021 4095/4/2928 4046/4/3022
f 4047/4/3023 4046/4/3022 4053/4/3024 4054/4/3025
f 4052/4/3012 4051/4/3016 4058/4/3026 4059/4/3027
f 4050/4/3015 4049/4/3019 4056/4/3028 4057/4/3029
f 4048/4/3018 4047/4/3023 4054/4/3025 4055/4/3030
f 4046/4/3022 4095/4/2928 4053/4/3024
f 4103/4/2930 4052/4/3012 4059/4/3027
f 4051/4/3016 4050/4/3015 4057/4/3029 4058/4/3026
f 4049/4/3019 4048/4/3018 4055/4/3030 4056/4/3028
f 4059/4/3027 4058/4/3026 4065/4/3031 4066/4/3032
f 4057/4/3029 4056/4/3028 4063/4/106 4064/4/3033
f 4055/4/3030 4054/4/3025 4061/4/3034 4062/4/3035
f 4053/4/3024 4095/4/2928 4060/4/3036
f 4103/4/2930 4059/4/3027 4066/4/3032
f 4058/4/3026 4057/4/3029 4064/4/3033 4065/4/3031
f 4056/4/3028 4055/4/3030 4062/4/3035 4063/4/106
f 4054/4/3025 4053/4/3024 4060/4/3036 4061/4/3034
f 4060/4/3036 4095/4/2928 4067/4/3037
f 4103/4/2930 4066/4/3032 4073/4/3038
f 4065/4/3031 4064/4/3033 4071/4/3039 4072/4/3040
f 4063/4/106 4062/4/3035 4069/4/3041 4070/4/3042
f 4061/4/3034 4060/4/3036 4067/4/3037 4068/4/3043
f 4066/4/3032 4065/4/3031 4072/4/3040 4073/4/3038
f 4064/4/3033 4063/4/106 4070/4/3042 4071/4/3039
f 4062/4/3035 4061/4/3034 4068/4/3043 4069/4/3041
f 4072/4/3040 4071/4/3039 4078/4/3044 4079/4/3045
f 4070/4/3042 4069/4/3041 4076/4/3046 4077/4/3047
f 4068/4/3043 4067/4/3037 4074/4/3048 4075/4/3049
f 4073/4/3038 4072/4/3040 4079/4/3045 4080/4/3050
f 4071/4/3039 4070/4/3042 4077/4/3047 4078/4/3044
f 4069/4/3041 4068/4/3043 4075/4/3049 4076/4/3046
f 4067/4/3037 4095/4/2928 4074/4/3048
f 4103/4/2930 4073/4/3038 4080/4/3050
f 4080/4/3050 4079/4/3045 4086/4/3051 4087/4/3052
f 4078/4/3044 4077/4/3047 4084/4/2974 4085/4/3053
f 4076/4/3046 4075/4/3049 4082/4/3054 4083/4/3055
f 4074/4/3048 4095/4/2928 4081/4/3056
f 4103/4/2930 4080/4/3050 4087/4/3052
f 4079/4/3045 4078/4/3044 4085/4/3053 4086/4/3051
f 4077/4/3047 4076/4/3046 4083/4/3055 4084/4/2974
f 4075/4/3049 4074/4/3048 4081/4/3056 4082/4/3054
f 4085/4/3053 4084/4/2974 4091/4/3057 4092/4/3058
f 4083/4/3055 4082/4/3054 4089/4/3059 4090/4/3060
f 4081/4/3056 4095/4/2928 4088/4/3061
f 4103/4/2930 4087/4/3052 4094/4/3062
f 4086/4/3051 4085/4/3053 4092/4/3058 4093/4/3063
f 4084/4/2974 4083/4/3055 4090/4/3060 4091/4/3057
f 4082/4/3054 4081/4/3056 4088/4/3061 4089/4/3059
f 4087/4/3052 4086/4/3051 4093/4/3063 4094/4/3062
f 4103/4/2930 4094/4/3062 4102/4/3064
f 4093/4/3063 4092/4/3058 4100/4/3065 4101/4/3066
f 4091/4/3057 4090/4/3060 4098/4/3067 4099/4/3068
f 4089/4/3059 4088/4/3061 4096/4/3069 4097/4/3070
f 4094/4/3062 4093/4/3063 4101/4/3066 4102/4/3064
f 4092/4/3058 4091/4/3057 4099/4/3068 4100/4/3065
f 4090/4/3060 4089/4/3059 4097/4/3070 4098/4/3067
f 4088/4/3061 4095/4/2928 4096/4/3069
f 4099/4/3068 4098/4/3067 4106/4/3071 4107/4/278
f 4097/4/3070 4096/4/3069 4104/4/3072 4105/4/3073
f 4102/4/3064 4101/4/3066 4109/4/3074 4110/4/3075
f 4100/4/3065 4099/4/3068 4107/4/278 4108/4/3076
f 4098/4/3067 4097/4/3070 4105/4/3073 4106/4/3071
f 4096/4/3069 4095/4/2928 4104/4/3072
f 4103/4/2930 4102/4/3064 4110/4/3075
f 4101/4/3066 4100/4/3065 4108/4/3076 4109/4/3074
f 4110/4/3075 4109/4/3074 4116/4/3077 4117/4/3078
f 4108/4/3076 4107/4/278 4114/4/3079 4115/4/3080
f 4106/4/3071 4105/4/3073 4112/4/3081 4113/4/3082
f 4104/4/3072 4095/4/2928 4111/4/3083
f 4103/4/2930 4110/4/3075 4117/4/3078
f 4109/4/3074 4108/4/3076 4115/4/3080 4116/4/3077
f 4107/4/278 4106/4/3071 4113/4/3082 4114/4/3079
f 4105/4/3073 4104/4/3072 4111/4/3083 4112/4/3081
f 4113/4/3082 4112/4/3081 4119/4/3084 4120/4/3085
f 4111/4/3083 4095/4/2928 4118/4/3086
f 4103/4/2930 4117/4/3078 4124/4/3087
f 4116/4/3077 4115/4/3080 4122/4/3088 4123/4/3089
f 4114/4/3079 4113/4/3082 4120/4/3085 4121/4/3090
f 4112/4/3081 4111/4/3083 4118/4/3086 4119/4/3084
f 4117/4/3078 4116/4/3077 4123/4/3089 4124/4/3087
f 4115/4/3080 4114/4/3079 4121/4/3090 4122/4/3088
f 4103/4/2930 4124/4/3087 4130/4/3011
f 4123/4/3089 4122/4/3088 4128/4/3014 4129/4/3013
f 4121/4/3090 4120/4/3085 4126/4/3017 4127/4/2937
f 4119/4/3084 4118/4/3086 4125/4/3021 4045/4/3020
f 4124/4/3087 4123/4/3089 4129/4/3013 4130/4/3011
f 4122/4/3088 4121/4/3090 4127/4/2937 4128/4/3014
f 4120/4/3085 4119/4/3084 4045/4/3020 4126/4/3017
f 4118/4/3086 4095/4/2928 4125/4/3021
f 4212/4/2938 4131/4/2941 4133/4/2942 4134/4/2939
f 4211/4/2927 4181/4/2928 4132/4/2929
f 4189/4/2930 4216/4/2931 4138/4/2932
f 4215/4/2933 4214/4/2934 4136/4/2935 4137/4/2936
f 4213/4/2937 4212/4/2938 4134/4/2939 4135/4/2940
f 4131/4/2941 4211/4/2927 4132/4/2929 4133/4/2942
f 4216/4/2931 4215/4/2933 4137/4/2936 4138/4/2932
f 4214/4/2934 4213/4/2937 4135/4/2940 4136/4/2935
f 4137/4/2936 4136/4/2935 4143/4/2949 4144/4/2947
f 4135/4/2940 4134/4/2939 4141/4/2943 4142/4/2944
f 4133/4/2942 4132/4/2929 4139/4/2945 4140/4/2946
f 4138/4/2932 4137/4/2936 4144/4/2947 4145/4/2948
f 4136/4/2935 4135/4/2940 4142/4/2944 4143/4/2949
f 4134/4/2939 4133/4/2942 4140/4/2946 4141/4/2943
f 4132/4/2929 4181/4/2928 4139/4/2945
f 4189/4/2930 4138/4/2932 4145/4/2948
f 4145/4/2948 4144/4/2947 4151/4/2950 4152/4/2951
f 4143/4/2949 4142/4/2944 4149/4/106 4150/4/2952
f 4141/4/2943 4140/4/2946 4147/4/2953 4148/4/2954
f 4139/4/2945 4181/4/2928 4146/4/2955
f 4189/4/2930 4145/4/2948 4152/4/2951
f 4144/4/2947 4143/4/2949 4150/4/2952 4151/4/2950
f 4142/4/2944 4141/4/2943 4148/4/2954 4149/4/106
f 4140/4/2946 4139/4/2945 4146/4/2955 4147/4/2953
f 4150/4/2952 4149/4/106 4156/4/2962 4157/4/2960
f 4148/4/2954 4147/4/2953 4154/4/2956 4155/4/2957
f 4146/4/2955 4181/4/2928 4153/4/2958
f 4189/4/2930 4152/4/2951 4159/4/2959
f 4151/4/2950 4150/4/2952 4157/4/2960 4158/4/2961
f 4149/4/106 4148/4/2954 4155/4/2957 4156/4/2962
f 4147/4/2953 4146/4/2955 4153/4/2958 4154/4/2956
f 4152/4/2951 4151/4/2950 4158/4/2961 4159/4/2959
f 4189/4/2930 4159/4/2959 4166/4/2963
f 4158/4/2961 4157/4/2960 4164/4/2964 4165/4/2965
f 4156/4/2962 4155/4/2957 4162/4/2966 4163/4/2967
f 4154/4/2956 4153/4/2958 4160/4/2968 4161/4/2969
f 4159/4/2959 4158/4/2961 4165/4/2965 4166/4/2963
f 4157/4/2960 4156/4/2962 4163/4/2967 4164/4/2964
f 4155/4/2957 4154/4/2956 4161/4/2969 4162/4/2966
f 4153/4/2958 4181/4/2928 4160/4/2968
f 4163/4/2967 4162/4/2966 4169/4/2976 4170/4/2974
f 4161/4/2969 4160/4/2968 4167/4/2970 4168/4/2971
f 4166/4/2963 4165/4/2965 4172/4/2972 4173/4/2973
f 4164/4/2964 4163/4/2967 4170/4/2974 4171/4/2975
f 4162/4/2966 4161/4/2969 4168/4/2971 4169/4/2976
f 4160/4/2968 4181/4/2928 4167/4/2970
f 4189/4/2930 4166/4/2963 4173/4/2973
f 4165/4/2965 4164/4/2964 4171/4/2975 4172/4/2972
f 4173/4/2973 4172/4/2972 4179/4/2977 4180/4/2978
f 4171/4/2975 4170/4/2974 4177/4/2979 4178/4/2980
f 4169/4/2976 4168/4/2971 4175/4/2981 4176/4/2982
f 4167/4/2970 4181/4/2928 4174/4/2983
f 4189/4/2930 4173/4/2973 4180/4/2978
f 4172/4/2972 4171/4/2975 4178/4/2980 4179/4/2977
f 4170/4/2974 4169/4/2976 4176/4/2982 4177/4/2979
f 4168/4/2971 4167/4/2970 4174/4/2983 4175/4/2981
f 4176/4/2982 4175/4/2981 4183/4/2990 4184/4/2988
f 4174/4/2983 4181/4/2928 4182/4/2984
f 4189/4/2930 4180/4/2978 4188/4/2985
f 4179/4/2977 4178/4/2980 4186/4/2986 4187/4/2987
f 4177/4/2979 4176/4/2982 4184/4/2988 4185/4/2989
f 4175/4/2981 4174/4/2983 4182/4/2984 4183/4/2990
f 4180/4/2978 4179/4/2977 4187/4/2987 4188/4/2985
f 4178/4/2980 4177/4/2979 4185/4/2989 4186/4/2986
f 4189/4/2930 4188/4/2985 4196/4/2996
f 4187/4/2987 4186/4/2986 4194/4/2991 4195/4/2992
f 4185/4/2989 4184/4/2988 4192/4/2993 4193/4/278
f 4183/4/2990 4182/4/2984 4190/4/2994 4191/4/2995
f 4188/4/2985 4187/4/2987 4195/4/2992 4196/4/2996
f 4186/4/2986 4185/4/2989 4193/4/278 4194/4/2991
f 4184/4/2988 4183/4/2990 4191/4/2995 4192/4/2993
f 4182/4/2984 4181/4/2928 4190/4/2994
f 4191/4/2995 4190/4/2994 4197/4/3003 4198/4/3001
f 4196/4/2996 4195/4/2992 4202/4/2997 4203/4/2998
f 4194/4/2991 4193/4/278 4200/4/2999 4201/4/3000
f 4192/4/2993 4191/4/2995 4198/4/3001 4199/4/3002
f 4190/4/2994 4181/4/2928 4197/4/3003
f 4189/4/2930 4196/4/2996 4203/4/2998
f 4195/4/2992 4194/4/2991 4201/4/3000 4202/4/2997
f 4193/4/278 4192/4/2993 4199/4/3002 4200/4/2999
f 4203/4/2998 4202/4/2997 4209/4/3010 4210/4/3009
f 4201/4/3000 4200/4/2999 4207/4/3004 4208/4/3005
f 4199/4/3002 4198/4/3001 4205/4/3006 4206/4/3007
f 4197/4/3003 4181/4/2928 4204/4/3008
f 4189/4/2930 4203/4/2998 4210/4/3009
f 4202/4/2997 4201/4/3000 4208/4/3005 4209/4/3010
f 4200/4/2999 4199/4/3002 4206/4/3007 4207/4/3004
f 4198/4/3001 4197/4/3003 4204/4/3008 4205/4/3006
f 4204/4/3008 4181/4/2928 4211/4/2927
f 4189/4/2930 4210/4/3009 4216/4/2931
f 4209/4/3010 4208/4/3005 4214/4/2934 4215/4/2933
f 4207/4/3004 4206/4/3007 4212/4/2938 4213/4/2937
f 4205/4/3006 4204/4/3008 4211/4/2927 4131/4/2941
f 4210/4/3009 4209/4/3010 4215/4/2933 4216/4/2931
f 4208/4/3005 4207/4/3004 4213/4/2937 4214/4/2934
f 4206/4/3007 4205/4/3006 4131/4/2941 4212/4/2938
f 1977/5/1511 1976/5/27 1631/5/1512 1632/5/1513
f 1972/5/1514 1971/5/1515 1624/5/1516 1625/5/1517
f 1978/5/1518 1977/5/1511 1632/5/1513 1633/5/1519
f 1973/5/1520 1972/5/1514 1625/5/1517 1626/5/1521
f 1623/5/1522 1978/5/1518 1633/5/1519 1634/5/1523
f 1974/5/1524 1973/5/1520 1626/5/1521 1627/5/1525
f 1979/5/1526 1623/5/1522 1634/5/1523 1635/5/1527
f 1621/5/1528 1974/5/1524 1627/5/1525 1628/5/1529
f 1980/5/1530 1979/5/1526 1635/5/1527 1636/5/1531
f 1622/5/1532 1621/5/1528 1628/5/1529 1629/5/1533
f 1981/5/1534 1980/5/1530 1636/5/1531 1637/5/1535
f 1975/5/1536 1622/5/1532 1629/5/1533 1630/5/1537
f 1982/5/1538 1981/5/1534 1637/5/1535 1638/5/1539
f 1976/5/27 1975/5/1536 1630/5/1537 1631/5/1512
f 1971/5/1515 1819/5/30 1624/5/1516
f 1835/5/32 1982/5/1538 1638/5/1539
f 1638/5/1539 1637/5/1535 1652/5/1540 1653/5/1541
f 1631/5/1512 1630/5/1537 1645/5/1542 1646/5/1543
f 1624/5/1516 1819/5/30 1639/5/1544
f 1835/5/32 1638/5/1539 1653/5/1541
f 1632/5/1513 1631/5/1512 1646/5/1543 1647/5/1545
f 1625/5/1517 1624/5/1516 1639/5/1544 1640/5/1546
f 1633/5/1519 1632/5/1513 1647/5/1545 1648/5/1547
f 1626/5/1521 1625/5/1517 1640/5/1546 1641/5/1548
f 1634/5/1523 1633/5/1519 1648/5/1547 1649/5/1549
f 1627/5/1525 1626/5/1521 1641/5/1548 1642/5/1550
f 1635/5/1527 1634/5/1523 1649/5/1549 1650/5/1551
f 1628/5/1529 1627/5/1525 1642/5/1550 1643/5/1552
f 1636/5/1531 1635/5/1527 1650/5/1551 1651/5/1553
f 1629/5/1533 1628/5/1529 1643/5/1552 1644/5/1554
f 1637/5/1535 1636/5/1531 1651/5/1553 1652/5/1540
f 1630/5/1537 1629/5/1533 1644/5/1554 1645/5/1542
f 1650/5/1551 1649/5/1549 1664/5/1555 1665/5/1556
f 1643/5/1552 1642/5/1550 1657/5/1557 1658/5/1558
f 1651/5/1553 1650/5/1551 1665/5/1556 1666/5/1559
f 1644/5/1554 1643/5/1552 1658/5/1558 1659/5/1560
f 1652/5/1540 1651/5/1553 1666/5/1559 1667/5/1561
f 1645/5/1542 1644/5/1554 1659/5/1560 1660/5/1562
f 1653/5/1541 1652/5/1540 1667/5/1561 1668/5/1563
f 1646/5/1543 1645/5/1542 1660/5/1562 1661/5/1564
f 1639/5/1544 1819/5/30 1654/5/1565
f 1835/5/32 1653/5/1541 1668/5/1563
f 1647/5/1545 1646/5/1543 1661/5/1564 1662/5/1566
f 1640/5/1546 1639/5/1544 1654/5/1565 1655/5/1567
f 1648/5/1547 1647/5/1545 1662/5/1566 1663/5/1568
f 1641/5/1548 1640/5/1546 1655/5/1567 1656/5/1569
f 1649/5/1549 1648/5/1547 1663/5/1568 1664/5/1555
f 1642/5/1550 1641/5/1548 1656/5/1569 1657/5/1557
f 1654/5/1565 1819/5/30 1669/5/1570
f 1835/5/32 1668/5/1563 1683/5/1571
f 1662/5/1566 1661/5/1564 1676/5/1572 1677/5/1573
f 1655/5/1567 1654/5/1565 1669/5/1570 1670/5/1574
f 1663/5/1568 1662/5/1566 1677/5/1573 1678/5/1575
f 1656/5/1569 1655/5/1567 1670/5/1574 1671/5/1576
f 1664/5/1555 1663/5/1568 1678/5/1575 1679/5/1577
f 1657/5/1557 1656/5/1569 1671/5/1576 1672/5/1578
f 1665/5/1556 1664/5/1555 1679/5/1577 1680/5/1579
f 1658/5/1558 1657/5/1557 1672/5/1578 1673/5/1580
f 1666/5/1559 1665/5/1556 1680/5/1579 1681/5/1581
f 1659/5/1560 1658/5/1558 1673/5/1580 1674/5/1582
f 1667/5/1561 1666/5/1559 1681/5/1581 1682/5/1583
f 1660/5/1562 1659/5/1560 1674/5/1582 1675/5/1584
f 1668/5/1563 1667/5/1561 1682/5/1583 1683/5/1571
f 1661/5/1564 1660/5/1562 1675/5/1584 1676/5/1572
f 1673/5/1580 1672/5/1578 1687/5/1585 1688/5/1586
f 1681/5/1581 1680/5/1579 1695/5/1587 1696/5/1588
f 1674/5/1582 1673/5/1580 1688/5/1586 1689/5/1589
f 1682/5/1583 1681/5/1581 1696/5/1588 1697/5/1590
f 1675/5/1584 1674/5/1582 1689/5/1589 1690/5/1591
f 1683/5/1571 1682/5/1583 1697/5/1590 1698/5/1592
f 1676/5/1572 1675/5/1584 1690/5/1591 1691/5/1593
f 1669/5/1570 1819/5/30 1684/5/1594
f 1835/5/32 1683/5/1571 1698/5/1592
f 1677/5/1573 1676/5/1572 1691/5/1593 1692/5/1595
f 1670/5/1574 1669/5/1570 1684/5/1594 1685/5/1596
f 1678/5/1575 1677/5/1573 1692/5/1595 1693/5/1597
f 1671/5/1576 1670/5/1574 1685/5/1596 1686/5/1598
f 1679/5/1577 1678/5/1575 1693/5/1597 1694/5/1599
f 1672/5/1578 1671/5/1576 1686/5/1598 1687/5/1585
f 1680/5/1579 1679/5/1577 1694/5/1599 1695/5/1587
f 1692/5/1595 1691/5/1593 1706/5/106 1707/5/1600
f 1685/5/1596 1684/5/1594 1699/5/1601 1700/5/1602
f 1693/5/1597 1692/5/1595 1707/5/1600 1708/5/1603
f 1686/5/1598 1685/5/1596 1700/5/1602 1701/5/1604
f 1694/5/1599 1693/5/1597 1708/5/1603 1709/5/1605
f 1687/5/1585 1686/5/1598 1701/5/1604 1702/5/1606
f 1695/5/1587 1694/5/1599 1709/5/1605 1710/5/1607
f 1688/5/1586 1687/5/1585 1702/5/1606 1703/5/1608
f 1696/5/1588 1695/5/1587 1710/5/1607 1711/5/1609
f 1689/5/1589 1688/5/1586 1703/5/1608 1704/5/1610
f 1697/5/1590 1696/5/1588 1711/5/1609 1712/5/1611
f 1690/5/1591 1689/5/1589 1704/5/1610 1705/5/1612
f 1698/5/1592 1697/5/1590 1712/5/1611 1713/5/1613
f 1691/5/1593 1690/5/1591 1705/5/1612 1706/5/106
f 1684/5/1594 1819/5/30 1699/5/1601
f 1835/5/32 1698/5/1592 1713/5/1613
f 1711/5/1609 1710/5/1607 1725/5/1614 1726/5/1615
f 1704/5/1610 1703/5/1608 1718/5/1616 1719/5/1617
f 1712/5/1611 1711/5/1609 1726/5/1615 1727/5/1618
f 1705/5/1612 1704/5/1610 1719/5/1617 1720/5/1619
f 1713/5/1613 1712/5/1611 1727/5/1618 1728/5/1620
f 1706/5/106 1705/5/1612 1720/5/1619 1721/5/1621
f 1699/5/1601 1819/5/30 1714/5/1622
f 1835/5/32 1713/5/1613 1728/5/1620
f 1707/5/1600 1706/5/106 1721/5/1621 1722/5/1623
f 1700/5/1602 1699/5/1601 1714/5/1622 1715/5/1624
f 1708/5/1603 1707/5/1600 1722/5/1623 1723/5/1625
f 1701/5/1604 1700/5/1602 1715/5/1624 1716/5/1626
f 1709/5/1605 1708/5/1603 1723/5/1625 1724/5/1627
f 1702/5/1606 1701/5/1604 1716/5/1626 1717/5/1628
f 1710/5/1607 1709/5/1605 1724/5/1627 1725/5/1614
f 1703/5/1608 1702/5/1606 1717/5/1628 1718/5/1616
f 1715/5/1624 1714/5/1622 1729/5/1629 1730/5/1630
f 1723/5/1625 1722/5/1623 1737/5/1631 1738/5/1632
f 1716/5/1626 1715/5/1624 1730/5/1630 1731/5/1633
f 1724/5/1627 1723/5/1625 1738/5/1632 1739/5/1634
f 1717/5/1628 1716/5/1626 1731/5/1633 1732/5/1635
f 1725/5/1614 1724/5/1627 1739/5/1634 1740/5/1636
f 1718/5/1616 1717/5/1628 1732/5/1635 1733/5/1637
f 1726/5/1615 1725/5/1614 1740/5/1636 1741/5/1638
f 1719/5/1617 1718/5/1616 1733/5/1637 1734/5/1639
f 1727/5/1618 1726/5/1615 1741/5/1638 1742/5/1640
f 1720/5/1619 1719/5/1617 1734/5/1639 1735/5/1641
f 1728/5/1620 1727/5/1618 1742/5/1640 1743/5/1642
f 1721/5/1621 1720/5/1619 1735/5/1641 1736/5/1643
f 1714/5/1622 1819/5/30 1729/5/1629
f 1835/5/32 1728/5/1620 1743/5/1642
f 1722/5/1623 1721/5/1621 1736/5/1643 1737/5/1631
f 1734/5/1639 1733/5/1637 1748/5/1644 1749/5/1645
f 1742/5/1640 1741/5/1638 1756/5/1646 1757/5/1647
f 1735/5/1641 1734/5/1639 1749/5/1645 1750/5/1648
f 1743/5/1642 1742/5/1640 1757/5/1647 1758/5/1649
f 1736/5/1643 1735/5/1641 1750/5/1648 1751/5/1650
f 1729/5/1629 1819/5/30 1744/5/1651
f 1835/5/32 1743/5/1642 1758/5/1649
f 1737/5/1631 1736/5/1643 1751/5/1650 1752/5/1652
f 1730/5/1630 1729/5/1629 1744/5/1651 1745/5/1653
f 1738/5/1632 1737/5/1631 1752/5/1652 1753/5/1654
f 1731/5/1633 1730/5/1630 1745/5/1653 1746/5/1655
f 1739/5/1634 1738/5/1632 1753/5/1654 1754/5/1656
f 1732/5/1635 1731/5/1633 1746/5/1655 1747/5/1657
f 1740/5/1636 1739/5/1634 1754/5/1656 1755/5/1658
f 1733/5/1637 1732/5/1635 1747/5/1657 1748/5/1644
f 1741/5/1638 1740/5/1636 1755/5/1658 1756/5/1646
f 1753/5/1654 1752/5/1652 1767/5/1659 1768/5/1660
f 1746/5/1655 1745/5/1653 1760/5/1661 1761/5/1662
f 1754/5/1656 1753/5/1654 1768/5/1660 1769/5/1663
f 1747/5/1657 1746/5/1655 1761/5/1662 1762/5/1664
f 1755/5/1658 1754/5/1656 1769/5/1663 1770/5/1665
f 1748/5/1644 1747/5/1657 1762/5/1664 1763/5/1666
f 1756/5/1646 1755/5/1658 1770/5/1665 1771/5/1667
f 1749/5/1645 1748/5/1644 1763/5/1666 1764/5/1668
f 1757/5/1647 1756/5/1646 1771/5/1667 1772/5/1669
f 1750/5/1648 1749/5/1645 1764/5/1668 1765/5/1670
f 1758/5/1649 1757/5/1647 1772/5/1669 1773/5/1671
f 1751/5/1650 1750/5/1648 1765/5/1670 1766/5/1672
f 1744/5/1651 1819/5/30 1759/5/1673
f 1835/5/32 1758/5/1649 1773/5/1671
f 1752/5/1652 1751/5/1650 1766/5/1672 1767/5/1659
f 1745/5/1653 1744/5/1651 1759/5/1673 1760/5/1661
f 1772/5/1669 1771/5/1667 1786/5/1674 1787/5/1675
f 1765/5/1670 1764/5/1668 1779/5/1676 1780/5/1677
f 1773/5/1671 1772/5/1669 1787/5/1675 1788/5/1678
f 1766/5/1672 1765/5/1670 1780/5/1677 1781/5/1679
f 1759/5/1673 1819/5/30 1774/5/1680
f 1835/5/32 1773/5/1671 1788/5/1678
f 1767/5/1659 1766/5/1672 1781/5/1679 1782/5/1681
f 1760/5/1661 1759/5/1673 1774/5/1680 1775/5/1682
f 1768/5/1660 1767/5/1659 1782/5/1681 1783/5/1683
f 1761/5/1662 1760/5/1661 1775/5/1682 1776/5/1684
f 1769/5/1663 1768/5/1660 1783/5/1683 1784/5/1685
f 1762/5/1664 1761/5/1662 1776/5/1684 1777/5/1686
f 1770/5/1665 1769/5/1663 1784/5/1685 1785/5/1687
f 1763/5/1666 1762/5/1664 1777/5/1686 1778/5/1688
f 1771/5/1667 1770/5/1665 1785/5/1687 1786/5/1674
f 1764/5/1668 1763/5/1666 1778/5/1688 1779/5/1676
f 1784/5/1685 1783/5/1683 1798/5/1689 1799/5/1690
f 1777/5/1686 1776/5/1684 1791/5/1691 1792/5/1692
f 1785/5/1687 1784/5/1685 1799/5/1690 1800/5/1693
f 1778/5/1688 1777/5/1686 1792/5/1692 1793/5/1694
f 1786/5/1674 1785/5/1687 1800/5/1693 1801/5/1695
f 1779/5/1676 1778/5/1688 1793/5/1694 1794/5/1696
f 1787/5/1675 1786/5/1674 1801/5/1695 1802/5/1697
f 1780/5/1677 1779/5/1676 1794/5/1696 1795/5/1698
f 1788/5/1678 1787/5/1675 1802/5/1697 1803/5/1699
f 1781/5/1679 1780/5/1677 1795/5/1698 1796/5/192
f 1774/5/1680 1819/5/30 1789/5/1700
f 1835/5/32 1788/5/1678 1803/5/1699
f 1782/5/1681 1781/5/1679 1796/5/192 1797/5/1701
f 1775/5/1682 1774/5/1680 1789/5/1700 1790/5/1702
f 1783/5/1683 1782/5/1681 1797/5/1701 1798/5/1689
f 1776/5/1684 1775/5/1682 1790/5/1702 1791/5/1691
f 1803/5/1699 1802/5/1697 1817/5/1703 1818/5/1704
f 1796/5/192 1795/5/1698 1810/5/1705 1811/5/1706
f 1789/5/1700 1819/5/30 1804/5/1707
f 1835/5/32 1803/5/1699 1818/5/1704
f 1797/5/1701 1796/5/192 1811/5/1706 1812/5/1708
f 1790/5/1702 1789/5/1700 1804/5/1707 1805/5/1709
f 1798/5/1689 1797/5/1701 1812/5/1708 1813/5/1710
f 1791/5/1691 1790/5/1702 1805/5/1709 1806/5/1711
f 1799/5/1690 1798/5/1689 1813/5/1710 1814/5/1712
f 1792/5/1692 1791/5/1691 1806/5/1711 1807/5/1713
f 1800/5/1693 1799/5/1690 1814/5/1712 1815/5/1714
f 1793/5/1694 1792/5/1692 1807/5/1713 1808/5/1715
f 1801/5/1695 1800/5/1693 1815/5/1714 1816/5/1716
f 1794/5/1696 1793/5/1694 1808/5/1715 1809/5/1717
f 1802/5/1697 1801/5/1695 1816/5/1716 1817/5/1703
f 1795/5/1698 1794/5/1696 1809/5/1717 1810/5/1705
f 1807/5/1713 1806/5/1711 1822/5/1718 1823/5/1719
f 1815/5/1714 1814/5/1712 1830/5/1720 1831/5/1721
f 1808/5/1715 1807/5/1713 1823/5/1719 1824/5/1722
f 1816/5/1716 1815/5/1714 1831/5/1721 1832/5/1723
f 1809/5/1717 1808/5/1715 1824/5/1722 1825/5/1724
f 1817/5/1703 1816/5/1716 1832/5/1723 1833/5/1725
f 1810/5/1705 1809/5/1717 1825/5/1724 1826/5/1726
f 1818/5/1704 1817/5/1703 1833/5/1725 1834/5/1727
f 1811/5/1706 1810/5/1705 1826/5/1726 1827/5/1728
f 1804/5/1707 1819/5/30 1820/5/1729
f 1835/5/32 1818/5/1704 1834/5/1727
f 1812/5/1708 1811/5/1706 1827/5/1728 1828/5/1730
f 1805/5/1709 1804/5/1707 1820/5/1729 1821/5/1731
f 1813/5/1710 1812/5/1708 1828/5/1730 1829/5/1732
f 1806/5/1711 1805/5/1709 1821/5/1731 1822/5/1718
f 1814/5/1712 1813/5/1710 1829/5/1732 1830/5/1720
f 1827/5/1728 1826/5/1726 1842/5/1733 1843/5/1734
f 1820/5/1729 1819/5/30 1836/5/1735
f 1835/5/32 1834/5/1727 1850/5/1736
f 1828/5/1730 1827/5/1728 1843/5/1734 1844/5/1737
f 1821/5/1731 1820/5/1729 1836/5/1735 1837/5/1738
f 1829/5/1732 1828/5/1730 1844/5/1737 1845/5/1739
f 1822/5/1718 1821/5/1731 1837/5/1738 1838/5/1740
f 1830/5/1720 1829/5/1732 1845/5/1739 1846/5/1741
f 1823/5/1719 1822/5/1718 1838/5/1740 1839/5/1742
f 1831/5/1721 1830/5/1720 1846/5/1741 1847/5/1743
f 1824/5/1722 1823/5/1719 1839/5/1742 1840/5/1744
f 1832/5/1723 1831/5/1721 1847/5/1743 1848/5/1745
f 1825/5/1724 1824/5/1722 1840/5/1744 1841/5/1746
f 1833/5/1725 1832/5/1723 1848/5/1745 1849/5/1747
f 1826/5/1726 1825/5/1724 1841/5/1746 1842/5/1733
f 1834/5/1727 1833/5/1725 1849/5/1747 1850/5/1736
f 1847/5/1743 1846/5/1741 1861/5/1748 1862/5/1749
f 1840/5/1744 1839/5/1742 1854/5/1750 1855/5/1751
f 1848/5/1745 1847/5/1743 1862/5/1749 1863/5/1752
f 1841/5/1746 1840/5/1744 1855/5/1751 1856/5/1753
f 1849/5/1747 1848/5/1745 1863/5/1752 1864/5/1754
f 1842/5/1733 1841/5/1746 1856/5/1753 1857/5/1755
f 1850/5/1736 1849/5/1747 1864/5/1754 1865/5/1756
f 1843/5/1734 1842/5/1733 1857/5/1755 1858/5/1757
f 1836/5/1735 1819/5/30 1851/5/1758
f 1835/5/32 1850/5/1736 1865/5/1756
f 1844/5/1737 1843/5/1734 1858/5/1757 1859/5/1759
f 1837/5/1738 1836/5/1735 1851/5/1758 1852/5/1760
f 1845/5/1739 1844/5/1737 1859/5/1759 1860/5/1761
f 1838/5/1740 1837/5/1738 1852/5/1760 1853/5/1762
f 1846/5/1741 1845/5/1739 1860/5/1761 1861/5/1748
f 1839/5/1742 1838/5/1740 1853/5/1762 1854/5/1750
f 1851/5/1758 1819/5/30 1866/5/1763
f 1835/5/32 1865/5/1756 1880/5/1764
f 1859/5/1759 1858/5/1757 1873/5/1765 1874/5/1766
f 1852/5/1760 1851/5/1758 1866/5/1763 1867/5/1767
f 1860/5/1761 1859/5/1759 1874/5/1766 1875/5/1768
f 1853/5/1762 1852/5/1760 1867/5/1767 1868/5/1769
f 1861/5/1748 1860/5/1761 1875/5/1768 1876/5/1770
f 1854/5/1750 1853/5/1762 1868/5/1769 1869/5/1771
f 1862/5/1749 1861/5/1748 1876/5/1770 1877/5/1772
f 1855/5/1751 1854/5/1750 1869/5/1771 1870/5/1773
f 1863/5/1752 1862/5/1749 1877/5/1772 1878/5/1774
f 1856/5/1753 1855/5/1751 1870/5/1773 1871/5/1775
f 1864/5/1754 1863/5/1752 1878/5/1774 1879/5/1776
f 1857/5/1755 1856/5/1753 1871/5/1775 1872/5/1777
f 1865/5/1756 1864/5/1754 1879/5/1776 1880/5/1764
f 1858/5/1757 1857/5/1755 1872/5/1777 1873/5/1765
f 1870/5/1773 1869/5/1771 1884/5/1778 1885/5/1779
f 1878/5/1774 1877/5/1772 1892/5/1780 1893/5/1781
f 1871/5/1775 1870/5/1773 1885/5/1779 1886/5/1782
f 1879/5/1776 1878/5/1774 1893/5/1781 1894/5/1783
f 1872/5/1777 1871/5/1775 1886/5/1782 1887/5/1784
f 1880/5/1764 1879/5/1776 1894/5/1783 1895/5/1785
f 1873/5/1765 1872/5/1777 1887/5/1784 1888/5/278
f 1866/5/1763 1819/5/30 1881/5/1786
f 1835/5/32 1880/5/1764 1895/5/1785
f 1874/5/1766 1873/5/1765 1888/5/278 1889/5/1787
f 1867/5/1767 1866/5/1763 1881/5/1786 1882/5/1788
f 1875/5/1768 1874/5/1766 1889/5/1787 1890/5/1789
f 1868/5/1769 1867/5/1767 1882/5/1788 1883/5/1790
f 1876/5/1770 1875/5/1768 1890/5/1789 1891/5/1791
f 1869/5/1771 1868/5/1769 1883/5/1790 1884/5/1778
f 1877/5/1772 1876/5/1770 1891/5/1791 1892/5/1780
f 1889/5/1787 1888/5/278 1903/5/1792 1904/5/1793
f 1882/5/1788 1881/5/1786 1896/5/1794 1897/5/1795
f 1890/5/1789 1889/5/1787 1904/5/1793 1905/5/1796
f 1883/5/1790 1882/5/1788 1897/5/1795 1898/5/1797
f 1891/5/1791 1890/5/1789 1905/5/1796 1906/5/1798
f 1884/5/1778 1883/5/1790 1898/5/1797 1899/5/1799
f 1892/5/1780 1891/5/1791 1906/5/1798 1907/5/1800
f 1885/5/1779 1884/5/1778 1899/5/1799 1900/5/1801
f 1893/5/1781 1892/5/1780 1907/5/1800 1908/5/1802
f 1886/5/1782 1885/5/1779 1900/5/1801 1901/5/1803
f 1894/5/1783 1893/5/1781 1908/5/1802 1909/5/1804
f 1887/5/1784 1886/5/1782 1901/5/1803 1902/5/1805
f 1895/5/1785 1894/5/1783 1909/5/1804 1910/5/1806
f 1888/5/278 1887/5/1784 1902/5/1805 1903/5/1792
f 1881/5/1786 1819/5/30 1896/5/1794
f 1835/5/32 1895/5/1785 1910/5/1806
f 1908/5/1802 1907/5/1800 1922/5/1807 1923/5/1808
f 1901/5/1803 1900/5/1801 1915/5/1809 1916/5/1810
f 1909/5/1804 1908/5/1802 1923/5/1808 1924/5/1811
f 1902/5/1805 1901/5/1803 1916/5/1810 1917/5/1812
f 1910/5/1806 1909/5/1804 1924/5/1811 1925/5/1813
f 1903/5/1792 1902/5/1805 1917/5/1812 1918/5/1814
f 1896/5/1794 1819/5/30 1911/5/1815
f 1835/5/32 1910/5/1806 1925/5/1813
f 1904/5/1793 1903/5/1792 1918/5/1814 1919/5/1816
f 1897/5/1795 1896/5/1794 1911/5/1815 1912/5/1817
f 1905/5/1796 1904/5/1793 1919/5/1816 1920/5/1818
f 1898/5/1797 1897/5/1795 1912/5/1817 1913/5/1819
f 1906/5/1798 1905/5/1796 1920/5/1818 1921/5/1820
f 1899/5/1799 1898/5/1797 1913/5/1819 1914/5/1821
f 1907/5/1800 1906/5/1798 1921/5/1820 1922/5/1807
f 1900/5/1801 1899/5/1799 1914/5/1821 1915/5/1809
f 1920/5/1818 1919/5/1816 1934/5/1822 1935/5/1823
f 1913/5/1819 1912/5/1817 1927/5/1824 1928/5/1825
f 1921/5/1820 1920/5/1818 1935/5/1823 1936/5/1826
f 1914/5/1821 1913/5/1819 1928/5/1825 1929/5/1827
f 1922/5/1807 1921/5/1820 1936/5/1826 1937/5/1828
f 1915/5/1809 1914/5/1821 1929/5/1827 1930/5/1829
f 1923/5/1808 1922/5/1807 1937/5/1828 1938/5/1830
f 1916/5/1810 1915/5/1809 1930/5/1829 1931/5/1831
f 1924/5/1811 1923/5/1808 1938/5/1830 1939/5/1832
f 1917/5/1812 1916/5/1810 1931/5/1831 1932/5/1833
f 1925/5/1813 1924/5/1811 1939/5/1832 1940/5/1834
f 1918/5/1814 1917/5/1812 1932/5/1833 1933/5/1835
f 1911/5/1815 1819/5/30 1926/5/1836
f 1835/5/32 1925/5/1813 1940/5/1834
f 1919/5/1816 1918/5/1814 1933/5/1835 1934/5/1822
f 1912/5/1817 1911/5/1815 1926/5/1836 1927/5/1824
f 1939/5/1832 1938/5/1830 1953/5/1837 1954/5/1838
f 1932/5/1833 1931/5/1831 1946/5/1839 1947/5/1840
f 1940/5/1834 1939/5/1832 1954/5/1838 1955/5/1841
f 1933/5/1835 1932/5/1833 1947/5/1840 1948/5/1842
f 1926/5/1836 1819/5/30 1941/5/1843
f 1835/5/32 1940/5/1834 1955/5/1841
f 1934/5/1822 1933/5/1835 1948/5/1842 1949/5/1844
f 1927/5/1824 1926/5/1836 1941/5/1843 1942/5/1845
f 1935/5/1823 1934/5/1822 1949/5/1844 1950/5/1846
f 1928/5/1825 1927/5/1824 1942/5/1845 1943/5/1847
f 1936/5/1826 1935/5/1823 1950/5/1846 1951/5/1848
f 1929/5/1827 1928/5/1825 1943/5/1847 1944/5/1849
f 1937/5/1828 1936/5/1826 1951/5/1848 1952/5/1850
f 1930/5/1829 1929/5/1827 1944/5/1849 1945/5/1851
f 1938/5/1830 1937/5/1828 1952/5/1850 1953/5/1837
f 1931/5/1831 1930/5/1829 1945/5/1851 1946/5/1839
f 1943/5/1847 1942/5/1845 1957/5/1852 1958/5/1853
f 1951/5/1848 1950/5/1846 1965/5/1854 1966/5/1855
f 1944/5/1849 1943/5/1847 1958/5/1853 1959/5/1856
f 1952/5/1850 1951/5/1848 1966/5/1855 1967/5/1857
f 1945/5/1851 1944/5/1849 1959/5/1856 1960/5/1858
f 1953/5/1837 1952/5/1850 1967/5/1857 1968/5/1859
f 1946/5/1839 1945/5/1851 1960/5/1858 1961/5/1860
f 1954/5/1838 1953/5/1837 1968/5/1859 1969/5/1861
f 1947/5/1840 1946/5/1839 1961/5/1860 1962/5/1862
f 1955/5/1841 1954/5/1838 1969/5/1861 1970/5/1863
f 1948/5/1842 1947/5/1840 1962/5/1862 1963/5/1864
f 1941/5/1843 1819/5/30 1956/5/1865
f 1835/5/32 1955/5/1841 1970/5/1863
f 1949/5/1844 1948/5/1842 1963/5/1864 1964/5/1866
f 1942/5/1845 1941/5/1843 1956/5/1865 1957/5/1852
f 1950/5/1846 1949/5/1844 1964/5/1866 1965/5/1854
f 1962/5/1862 1961/5/1860 1622/5/1532 1975/5/1536
f 1970/5/1863 1969/5/1861 1981/5/1534 1982/5/1538
f 1963/5/1864 1962/5/1862 1975/5/1536 1976/5/27
f 1956/5/1865 1819/5/30 1971/5/1515
f 1835/5/32 1970/5/1863 1982/5/1538
f 1964/5/1866 1963/5/1864 1976/5/27 1977/5/1511
f 1957/5/1852 1956/5/1865 1971/5/1515 1972/5/1514
f 1965/5/1854 1964/5/1866 1977/5/1511 1978/5/1518
f 1958/5/1853 1957/5/1852 1972/5/1514 1973/5/1520
f 1966/5/1855 1965/5/1854 1978/5/1518 1623/5/1522
f 1959/5/1856 1958/5/1853 1973/5/1520 1974/5/1524
f 1967/5/1857 1966/5/1855 1623/5/1522 1979/5/1526
f 1960/5/1858 1959/5/1856 1974/5/1524 1621/5/1528
f 1968/5/1859 1967/5/1857 1979/5/1526 1980/5/1530
f 1961/5/1860 1960/5/1858 1621/5/1528 1622/5/1532
f 1969/5/1861 1968/5/1859 1980/5/1530 1981/5/1534
f 2487/5/1526 2131/5/1522 2142/5/1523 2143/5/1527
f 2129/5/1528 2482/5/1524 2135/5/1525 2136/5/1529
f 2488/5/1530 2487/5/1526 2143/5/1527 2144/5/1531
f 2130/5/1532 2129/5/1528 2136/5/1529 2137/5/1533
f 2489/5/1534 2488/5/1530 2144/5/1531 2145/5/1535
f 2483/5/1536 2130/5/1532 2137/5/1533 2138/5/1537
f 2490/5/1538 2489/5/1534 2145/5/1535 2146/5/1539
f 2484/5/27 2483/5/1536 2138/5/1537 2139/5/1512
f 2479/5/1515 2327/5/30 2132/5/1516
f 2343/5/32 2490/5/1538 2146/5/1539
f 2485/5/1511 2484/5/27 2139/5/1512 2140/5/1513
f 2480/5/1514 2479/5/1515 2132/5/1516 2133/5/1517
f 2486/5/1518 2485/5/1511 2140/5/1513 2141/5/1519
f 2481/5/1520 2480/5/1514 2133/5/1517 2134/5/1521
f 2131/5/1522 2486/5/1518 2141/5/1519 2142/5/1523
f 2482/5/1524 2481/5/1520 2134/5/1521 2135/5/1525
f 2134/5/1521 2133/5/1517 2148/5/1546 2149/5/1548
f 2142/5/1523 2141/5/1519 2156/5/1547 2157/5/1549
f 2135/5/1525 2134/5/1521 2149/5/1548 2150/5/1550
f 2143/5/1527 2142/5/1523 2157/5/1549 2158/5/1551
f 2136/5/1529 2135/5/1525 2150/5/1550 2151/5/1552
f 2144/5/1531 2143/5/1527 2158/5/1551 2159/5/1553
f 2137/5/1533 2136/5/1529 2151/5/1552 2152/5/1554
f 2145/5/1535 2144/5/1531 2159/5/1553 2160/5/1540
f 2138/5/1537 2137/5/1533 2152/5/1554 2153/5/1542
f 2146/5/1539 2145/5/1535 2160/5/1540 2161/5/1541
f 2139/5/1512 2138/5/1537 2153/5/1542 2154/5/1543
f 2132/5/1516 2327/5/30 2147/5/1544
f 2343/5/32 2146/5/1539 2161/5/1541
f 2140/5/1513 2139/5/1512 2154/5/1543 2155/5/1545
f 2133/5/1517 2132/5/1516 2147/5/1544 2148/5/1546
f 2141/5/1519 2140/5/1513 2155/5/1545 2156/5/1547
f 2153/5/1542 2152/5/1554 2167/5/1560 2168/5/1562
f 2161/5/1541 2160/5/1540 2175/5/1561 2176/5/1563
f 2154/5/1543 2153/5/1542 2168/5/1562 2169/5/1564
f 2147/5/1544 2327/5/30 2162/5/1565
f 2343/5/32 2161/5/1541 2176/5/1563
f 2155/5/1545 2154/5/1543 2169/5/1564 2170/5/1566
f 2148/5/1546 2147/5/1544 2162/5/1565 2163/5/1567
f 2156/5/1547 2155/5/1545 2170/5/1566 2171/5/1568
f 2149/5/1548 2148/5/1546 2163/5/1567 2164/5/1569
f 2157/5/1549 2156/5/1547 2171/5/1568 2172/5/1555
f 2150/5/1550 2149/5/1548 2164/5/1569 2165/5/1557
f 2158/5/1551 2157/5/1549 2172/5/1555 2173/5/1556
f 2151/5/1552 2150/5/1550 2165/5/1557 2166/5/1558
f 2159/5/1553 2158/5/1551 2173/5/1556 2174/5/1559
f 2152/5/1554 2151/5/1552 2166/5/1558 2167/5/1560
f 2160/5/1540 2159/5/1553 2174/5/1559 2175/5/1561
f 2172/5/1555 2171/5/1568 2186/5/1575 2187/5/1577
f 2165/5/1557 2164/5/1569 2179/5/1576 2180/5/1578
f 2173/5/1556 2172/5/1555 2187/5/1577 2188/5/1579
f 2166/5/1558 2165/5/1557 2180/5/1578 2181/5/1580
f 2174/5/1559 2173/5/1556 2188/5/1579 2189/5/1581
f 2167/5/1560 2166/5/1558 2181/5/1580 2182/5/1582
f 2175/5/1561 2174/5/1559 2189/5/1581 2190/5/1583
f 2168/5/1562 2167/5/1560 2182/5/1582 2183/5/1584
f 2176/5/1563 2175/5/1561 2190/5/1583 2191/5/1571
f 2169/5/1564 2168/5/1562 2183/5/1584 2184/5/1572
f 2162/5/1565 2327/5/30 2177/5/1570
f 2343/5/32 2176/5/1563 2191/5/1571
f 2170/5/1566 2169/5/1564 2184/5/1572 2185/5/1573
f 2163/5/1567 2162/5/1565 2177/5/1570 2178/5/1574
f 2171/5/1568 2170/5/1566 2185/5/1573 2186/5/1575
f 2164/5/1569 2163/5/1567 2178/5/1574 2179/5/1576
f 2191/5/1571 2190/5/1583 2205/5/1590 2206/5/1592
f 2184/5/1572 2183/5/1584 2198/5/1591 2199/5/1593
f 2177/5/1570 2327/5/30 2192/5/1594
f 2343/5/32 2191/5/1571 2206/5/1592
f 2185/5/1573 2184/5/1572 2199/5/1593 2200/5/1595
f 2178/5/1574 2177/5/1570 2192/5/1594 2193/5/1596
f 2186/5/1575 2185/5/1573 2200/5/1595 2201/5/1597
f 2179/5/1576 2178/5/1574 2193/5/1596 2194/5/1598
f 2187/5/1577 2186/5/1575 2201/5/1597 2202/5/1599
f 2180/5/1578 2179/5/1576 2194/5/1598 2195/5/1585
f 2188/5/1579 2187/5/1577 2202/5/1599 2203/5/1587
f 2181/5/1580 2180/5/1578 2195/5/1585 2196/5/1586
f 2189/5/1581 2188/5/1579 2203/5/1587 2204/5/1588
f 2182/5/1582 2181/5/1580 2196/5/1586 2197/5/1589
f 2190/5/1583 2189/5/1581 2204/5/1588 2205/5/1590
f 2183/5/1584 2182/5/1582 2197/5/1589 2198/5/1591
f 2203/5/1587 2202/5/1599 2217/5/1605 2218/5/1607
f 2196/5/1586 2195/5/1585 2210/5/1606 2211/5/1608
f 2204/5/1588 2203/5/1587 2218/5/1607 2219/5/1609
f 2197/5/1589 2196/5/1586 2211/5/1608 2212/5/1610
f 2205/5/1590 2204/5/1588 2219/5/1609 2220/5/1611
f 2198/5/1591 2197/5/1589 2212/5/1610 2213/5/1612
f 2206/5/1592 2205/5/1590 2220/5/1611 2221/5/1613
f 2199/5/1593 2198/5/1591 2213/5/1612 2214/5/106
f 2192/5/1594 2327/5/30 2207/5/1601
f 2343/5/32 2206/5/1592 2221/5/1613
f 2200/5/1595 2199/5/1593 2214/5/106 2215/5/1600
f 2193/5/1596 2192/5/1594 2207/5/1601 2208/5/1602
f 2201/5/1597 2200/5/1595 2215/5/1600 2216/5/1603
f 2194/5/1598 2193/5/1596 2208/5/1602 2209/5/1604
f 2202/5/1599 2201/5/1597 2216/5/1603 2217/5/1605
f 2195/5/1585 2194/5/1598 2209/5/1604 2210/5/1606
f 2207/5/1601 2327/5/30 2222/5/1622
f 2343/5/32 2221/5/1613 2236/5/1620
f 2215/5/1600 2214/5/106 2229/5/1621 2230/5/1623
f 2208/5/1602 2207/5/1601 2222/5/1622 2223/5/1624
f 2216/5/1603 2215/5/1600 2230/5/1623 2231/5/1625
f 2209/5/1604 2208/5/1602 2223/5/1624 2224/5/1626
f 2217/5/1605 2216/5/1603 2231/5/1625 2232/5/1627
f 2210/5/1606 2209/5/1604 2224/5/1626 2225/5/1628
f 2218/5/1607 2217/5/1605 2232/5/1627 2233/5/1614
f 2211/5/1608 2210/5/1606 2225/5/1628 2226/5/1616
f 2219/5/1609 2218/5/1607 2233/5/1614 2234/5/1615
f 2212/5/1610 2211/5/1608 2226/5/1616 2227/5/1617
f 2220/5/1611 2219/5/1609 2234/5/1615 2235/5/1618
f 2213/5/1612 2212/5/1610 2227/5/1617 2228/5/1619
f 2221/5/1613 2220/5/1611 2235/5/1618 2236/5/1620
f 2214/5/106 2213/5/1612 2228/5/1619 2229/5/1621
f 2226/5/1616 2225/5/1628 2240/5/1635 2241/5/1637
f 2234/5/1615 2233/5/1614 2248/5/1636 2249/5/1638
f 2227/5/1617 2226/5/1616 2241/5/1637 2242/5/1639
f 2235/5/1618 2234/5/1615 2249/5/1638 2250/5/1640
f 2228/5/1619 2227/5/1617 2242/5/1639 2243/5/1641
f 2236/5/1620 2235/5/1618 2250/5/1640 2251/5/1642
f 2229/5/1621 2228/5/1619 2243/5/1641 2244/5/1643
f 2222/5/1622 2327/5/30 2237/5/1629
f 2343/5/32 2236/5/1620 2251/5/1642
f 2230/5/1623 2229/5/1621 2244/5/1643 2245/5/1631
f 2223/5/1624 2222/5/1622 2237/5/1629 2238/5/1630
f 2231/5/1625 2230/5/1623 2245/5/1631 2246/5/1632
f 2224/5/1626 2223/5/1624 2238/5/1630 2239/5/1633
f 2232/5/1627 2231/5/1625 2246/5/1632 2247/5/1634
f 2225/5/1628 2224/5/1626 2239/5/1633 2240/5/1635
f 2233/5/1614 2232/5/1627 2247/5/1634 2248/5/1636
f 2245/5/1631 2244/5/1643 2259/5/1650 2260/5/1652
f 2238/5/1630 2237/5/1629 2252/5/1651 2253/5/1653
f 2246/5/1632 2245/5/1631 2260/5/1652 2261/5/1654
f 2239/5/1633 2238/5/1630 2253/5/1653 2254/5/1655
f 2247/5/1634 2246/5/1632 2261/5/1654 2262/5/1656
f 2240/5/1635 2239/5/1633 2254/5/1655 2255/5/1657
f 2248/5/1636 2247/5/1634 2262/5/1656 2263/5/1658
f 2241/5/1637 2240/5/1635 2255/5/1657 2256/5/1644
f 2249/5/1638 2248/5/1636 2263/5/1658 2264/5/1646
f 2242/5/1639 2241/5/1637 2256/5/1644 2257/5/1645
f 2250/5/1640 2249/5/1638 2264/5/1646 2265/5/1647
f 2243/5/1641 2242/5/1639 2257/5/1645 2258/5/1648
f 2251/5/1642 2250/5/1640 2265/5/1647 2266/5/1649
f 2244/5/1643 2243/5/1641 2258/5/1648 2259/5/1650
f 2237/5/1629 2327/5/30 2252/5/1651
f 2343/5/32 2251/5/1642 2266/5/1649
f 2264/5/1646 2263/5/1658 2278/5/1665 2279/5/1667
f 2257/5/1645 2256/5/1644 2271/5/1666 2272/5/1668
f 2265/5/1647 2264/5/1646 2279/5/1667 2280/5/1669
f 2258/5/1648 2257/5/1645 2272/5/1668 2273/5/1670
f 2266/5/1649 2265/5/1647 2280/5/1669 2281/5/1671
f 2259/5/1650 2258/5/1648 2273/5/1670 2274/5/1672
f 2252/5/1651 2327/5/30 2267/5/1673
f 2343/5/32 2266/5/1649 2281/5/1671
f 2260/5/1652 2259/5/1650 2274/5/1672 2275/5/1659
f 2253/5/1653 2252/5/1651 2267/5/1673 2268/5/1661
f 2261/5/1654 2260/5/1652 2275/5/1659 2276/5/1660
f 2254/5/1655 2253/5/1653 2268/5/1661 2269/5/1662
f 2262/5/1656 2261/5/1654 2276/5/1660 2277/5/1663
f 2255/5/1657 2254/5/1655 2269/5/1662 2270/5/1664
f 2263/5/1658 2262/5/1656 2277/5/1663 2278/5/1665
f 2256/5/1644 2255/5/1657 2270/5/1664 2271/5/1666
f 2268/5/1661 2267/5/1673 2282/5/1680 2283/5/1682
f 2276/5/1660 2275/5/1659 2290/5/1681 2291/5/1683
f 2269/5/1662 2268/5/1661 2283/5/1682 2284/5/1684
f 2277/5/1663 2276/5/1660 2291/5/1683 2292/5/1685
f 2270/5/1664 2269/5/1662 2284/5/1684 2285/5/1686
f 2278/5/1665 2277/5/1663 2292/5/1685 2293/5/1687
f 2271/5/1666 2270/5/1664 2285/5/1686 2286/5/1688
f 2279/5/1667 2278/5/1665 2293/5/1687 2294/5/1674
f 2272/5/1668 2271/5/1666 2286/5/1688 2287/5/1676
f 2280/5/1669 2279/5/1667 2294/5/1674 2295/5/1675
f 2273/5/1670 2272/5/1668 2287/5/1676 2288/5/1677
f 2281/5/1671 2280/5/1669 2295/5/1675 2296/5/1678
f 2274/5/1672 2273/5/1670 2288/5/1677 2289/5/1679
f 2267/5/1673 2327/5/30 2282/5/1680
f 2343/5/32 2281/5/1671 2296/5/1678
f 2275/5/1659 2274/5/1672 2289/5/1679 2290/5/1681
f 2287/5/1676 2286/5/1688 2301/5/1694 2302/5/1696
f 2295/5/1675 2294/5/1674 2309/5/1695 2310/5/1697
f 2288/5/1677 2287/5/1676 2302/5/1696 2303/5/1698
f 2296/5/1678 2295/5/1675 2310/5/1697 2311/5/1699
f 2289/5/1679 2288/5/1677 2303/5/1698 2304/5/192
f 2282/5/1680 2327/5/30 2297/5/1700
f 2343/5/32 2296/5/1678 2311/5/1699
f 2290/5/1681 2289/5/1679 2304/5/192 2305/5/1701
f 2283/5/1682 2282/5/1680 2297/5/1700 2298/5/1702
f 2291/5/1683 2290/5/1681 2305/5/1701 2306/5/1689
f 2284/5/1684 2283/5/1682 2298/5/1702 2299/5/1691
f 2292/5/1685 2291/5/1683 2306/5/1689 2307/5/1690
f 2285/5/1686 2284/5/1684 2299/5/1691 2300/5/1692
f 2293/5/1687 2292/5/1685 2307/5/1690 2308/5/1693
f 2286/5/1688 2285/5/1686 2300/5/1692 2301/5/1694
f 2294/5/1674 2293/5/1687 2308/5/1693 2309/5/1695
f 2306/5/1689 2305/5/1701 2320/5/1708 2321/5/1710
f 2299/5/1691 2298/5/1702 2313/5/1709 2314/5/1711
f 2307/5/1690 2306/5/1689 2321/5/1710 2322/5/1712
f 2300/5/1692 2299/5/1691 2314/5/1711 2315/5/1713
f 2308/5/1693 2307/5/1690 2322/5/1712 2323/5/1714
f 2301/5/1694 2300/5/1692 2315/5/1713 2316/5/1715
f 2309/5/1695 2308/5/1693 2323/5/1714 2324/5/1716
f 2302/5/1696 2301/5/1694 2316/5/1715 2317/5/1717
f 2310/5/1697 2309/5/1695 2324/5/1716 2325/5/1703
f 2303/5/1698 2302/5/1696 2317/5/1717 2318/5/1705
f 2311/5/1699 2310/5/1697 2325/5/1703 2326/5/1704
f 2304/5/192 2303/5/1698 2318/5/1705 2319/5/1706
f 2297/5/1700 2327/5/30 2312/5/1707
f 2343/5/32 2311/5/1699 2326/5/1704
f 2305/5/1701 2304/5/192 2319/5/1706 2320/5/1708
f 2298/5/1702 2297/5/1700 2312/5/1707 2313/5/1709
f 2325/5/1703 2324/5/1716 2340/5/1723 2341/5/1725
f 2318/5/1705 2317/5/1717 2333/5/1724 2334/5/1726
f 2326/5/1704 2325/5/1703 2341/5/1725 2342/5/1727
f 2319/5/1706 2318/5/1705 2334/5/1726 2335/5/1728
f 2312/5/1707 2327/5/30 2328/5/1729
f 2343/5/32 2326/5/1704 2342/5/1727
f 2320/5/1708 2319/5/1706 2335/5/1728 2336/5/1730
f 2313/5/1709 2312/5/1707 2328/5/1729 2329/5/1731
f 2321/5/1710 2320/5/1708 2336/5/1730 2337/5/1732
f 2314/5/1711 2313/5/1709 2329/5/1731 2330/5/1718
f 2322/5/1712 2321/5/1710 2337/5/1732 2338/5/1720
f 2315/5/1713 2314/5/1711 2330/5/1718 2331/5/1719
f 2323/5/1714 2322/5/1712 2338/5/1720 2339/5/1721
f 2316/5/1715 2315/5/1713 2331/5/1719 2332/5/1722
f 2324/5/1716 2323/5/1714 2339/5/1721 2340/5/1723
f 2317/5/1717 2316/5/1715 2332/5/1722 2333/5/1724
f 2338/5/1720 2337/5/1732 2353/5/1739 2354/5/1741
f 2331/5/1719 2330/5/1718 2346/5/1740 2347/5/1742
f 2339/5/1721 2338/5/1720 2354/5/1741 2355/5/1743
f 2332/5/1722 2331/5/1719 2347/5/1742 2348/5/1744
f 2340/5/1723 2339/5/1721 2355/5/1743 2356/5/1745
f 2333/5/1724 2332/5/1722 2348/5/1744 2349/5/1746
f 2341/5/1725 2340/5/1723 2356/5/1745 2357/5/1747
f 2334/5/1726 2333/5/1724 2349/5/1746 2350/5/1733
f 2342/5/1727 2341/5/1725 2357/5/1747 2358/5/1736
f 2335/5/1728 2334/5/1726 2350/5/1733 2351/5/1734
f 2328/5/1729 2327/5/30 2344/5/1735
f 2343/5/32 2342/5/1727 2358/5/1736
f 2336/5/1730 2335/5/1728 2351/5/1734 2352/5/1737
f 2329/5/1731 2328/5/1729 2344/5/1735 2345/5/1738
f 2337/5/1732 2336/5/1730 2352/5/1737 2353/5/1739
f 2330/5/1718 2329/5/1731 2345/5/1738 2346/5/1740
f 2358/5/1736 2357/5/1747 2372/5/1754 2373/5/1756
f 2351/5/1734 2350/5/1733 2365/5/1755 2366/5/1757
f 2344/5/1735 2327/5/30 2359/5/1758
f 2343/5/32 2358/5/1736 2373/5/1756
f 2352/5/1737 2351/5/1734 2366/5/1757 2367/5/1759
f 2345/5/1738 2344/5/1735 2359/5/1758 2360/5/1760
f 2353/5/1739 2352/5/1737 2367/5/1759 2368/5/1761
f 2346/5/1740 2345/5/1738 2360/5/1760 2361/5/1762
f 2354/5/1741 2353/5/1739 2368/5/1761 2369/5/1748
f 2347/5/1742 2346/5/1740 2361/5/1762 2362/5/1750
f 2355/5/1743 2354/5/1741 2369/5/1748 2370/5/1749
f 2348/5/1744 2347/5/1742 2362/5/1750 2363/5/1751
f 2356/5/1745 2355/5/1743 2370/5/1749 2371/5/1752
f 2349/5/1746 2348/5/1744 2363/5/1751 2364/5/1753
f 2357/5/1747 2356/5/1745 2371/5/1752 2372/5/1754
f 2350/5/1733 2349/5/1746 2364/5/1753 2365/5/1755
f 2362/5/1750 2361/5/1762 2376/5/1769 2377/5/1771
f 2370/5/1749 2369/5/1748 2384/5/1770 2385/5/1772
f 2363/5/1751 2362/5/1750 2377/5/1771 2378/5/1773
f 2371/5/1752 2370/5/1749 2385/5/1772 2386/5/1774
f 2364/5/1753 2363/5/1751 2378/5/1773 2379/5/1775
f 2372/5/1754 2371/5/1752 2386/5/1774 2387/5/1776
f 2365/5/1755 2364/5/1753 2379/5/1775 2380/5/1777
f 2373/5/1756 2372/5/1754 2387/5/1776 2388/5/1764
f 2366/5/1757 2365/5/1755 2380/5/1777 2381/5/1765
f 2359/5/1758 2327/5/30 2374/5/1763
f 2343/5/32 2373/5/1756 2388/5/1764
f 2367/5/1759 2366/5/1757 2381/5/1765 2382/5/1766
f 2360/5/1760 2359/5/1758 2374/5/1763 2375/5/1767
f 2368/5/1761 2367/5/1759 2382/5/1766 2383/5/1768
f 2361/5/1762 2360/5/1760 2375/5/1767 2376/5/1769
f 2369/5/1748 2368/5/1761 2383/5/1768 2384/5/1770
f 2381/5/1765 2380/5/1777 2395/5/1784 2396/5/278
f 2374/5/1763 2327/5/30 2389/5/1786
f 2343/5/32 2388/5/1764 2403/5/1785
f 2382/5/1766 2381/5/1765 2396/5/278 2397/5/1787
f 2375/5/1767 2374/5/1763 2389/5/1786 2390/5/1788
f 2383/5/1768 2382/5/1766 2397/5/1787 2398/5/1789
f 2376/5/1769 2375/5/1767 2390/5/1788 2391/5/1790
f 2384/5/1770 2383/5/1768 2398/5/1789 2399/5/1791
f 2377/5/1771 2376/5/1769 2391/5/1790 2392/5/1778
f 2385/5/1772 2384/5/1770 2399/5/1791 2400/5/1780
f 2378/5/1773 2377/5/1771 2392/5/1778 2393/5/1779
f 2386/5/1774 2385/5/1772 2400/5/1780 2401/5/1781
f 2379/5/1775 2378/5/1773 2393/5/1779 2394/5/1782
f 2387/5/1776 2386/5/1774 2401/5/1781 2402/5/1783
f 2380/5/1777 2379/5/1775 2394/5/1782 2395/5/1784
f 2388/5/1764 2387/5/1776 2402/5/1783 2403/5/1785
f 2400/5/1780 2399/5/1791 2414/5/1798 2415/5/1800
f 2393/5/1779 2392/5/1778 2407/5/1799 2408/5/1801
f 2401/5/1781 2400/5/1780 2415/5/1800 2416/5/1802
f 2394/5/1782 2393/5/1779 2408/5/1801 2409/5/1803
f 2402/5/1783 2401/5/1781 2416/5/1802 2417/5/1804
f 2395/5/1784 2394/5/1782 2409/5/1803 2410/5/1805
f 2403/5/1785 2402/5/1783 2417/5/1804 2418/5/1806
f 2396/5/278 2395/5/1784 2410/5/1805 2411/5/1792
f 2389/5/1786 2327/5/30 2404/5/1794
f 2343/5/32 2403/5/1785 2418/5/1806
f 2397/5/1787 2396/5/278 2411/5/1792 2412/5/1793
f 2390/5/1788 2389/5/1786 2404/5/1794 2405/5/1795
f 2398/5/1789 2397/5/1787 2412/5/1793 2413/5/1796
f 2391/5/1790 2390/5/1788 2405/5/1795 2406/5/1797
f 2399/5/1791 2398/5/1789 2413/5/1796 2414/5/1798
f 2392/5/1778 2391/5/1790 2406/5/1797 2407/5/1799
f 2404/5/1794 2327/5/30 2419/5/1815
f 2343/5/32 2418/5/1806 2433/5/1813
f 2412/5/1793 2411/5/1792 2426/5/1814 2427/5/1816
f 2405/5/1795 2404/5/1794 2419/5/1815 2420/5/1817
f 2413/5/1796 2412/5/1793 2427/5/1816 2428/5/1818
f 2406/5/1797 2405/5/1795 2420/5/1817 2421/5/1819
f 2414/5/1798 2413/5/1796 2428/5/1818 2429/5/1820
f 2407/5/1799 2406/5/1797 2421/5/1819 2422/5/1821
f 2415/5/1800 2414/5/1798 2429/5/1820 2430/5/1807
f 2408/5/1801 2407/5/1799 2422/5/1821 2423/5/1809
f 2416/5/1802 2415/5/1800 2430/5/1807 2431/5/1808
f 2409/5/1803 2408/5/1801 2423/5/1809 2424/5/1810
f 2417/5/1804 2416/5/1802 2431/5/1808 2432/5/1811
f 2410/5/1805 2409/5/1803 2424/5/1810 2425/5/1812
f 2418/5/1806 2417/5/1804 2432/5/1811 2433/5/1813
f 2411/5/1792 2410/5/1805 2425/5/1812 2426/5/1814
f 2423/5/1809 2422/5/1821 2437/5/1827 2438/5/1829
f 2431/5/1808 2430/5/1807 2445/5/1828 2446/5/1830
f 2424/5/1810 2423/5/1809 2438/5/1829 2439/5/1831
f 2432/5/1811 2431/5/1808 2446/5/1830 2447/5/1832
f 2425/5/1812 2424/5/1810 2439/5/1831 2440/5/1833
f 2433/5/1813 2432/5/1811 2447/5/1832 2448/5/1834
f 2426/5/1814 2425/5/1812 2440/5/1833 2441/5/1835
f 2419/5/1815 2327/5/30 2434/5/1836
f 2343/5/32 2433/5/1813 2448/5/1834
f 2427/5/1816 2426/5/1814 2441/5/1835 2442/5/1822
f 2420/5/1817 2419/5/1815 2434/5/1836 2435/5/1824
f 2428/5/1818 2427/5/1816 2442/5/1822 2443/5/1823
f 2421/5/1819 2420/5/1817 2435/5/1824 2436/5/1825
f 2429/5/1820 2428/5/1818 2443/5/1823 2444/5/1826
f 2422/5/1821 2421/5/1819 2436/5/1825 2437/5/1827
f 2430/5/1807 2429/5/1820 2444/5/1826 2445/5/1828
f 2442/5/1822 2441/5/1835 2456/5/1842 2457/5/1844
f 2435/5/1824 2434/5/1836 2449/5/1843 2450/5/1845
f 2443/5/1823 2442/5/1822 2457/5/1844 2458/5/1846
f 2436/5/1825 2435/5/1824 2450/5/1845 2451/5/1847
f 2444/5/1826 2443/5/1823 2458/5/1846 2459/5/1848
f 2437/5/1827 2436/5/1825 2451/5/1847 2452/5/1849
f 2445/5/1828 2444/5/1826 2459/5/1848 2460/5/1850
f 2438/5/1829 2437/5/1827 2452/5/1849 2453/5/1851
f 2446/5/1830 2445/5/1828 2460/5/1850 2461/5/1837
f 2439/5/1831 2438/5/1829 2453/5/1851 2454/5/1839
f 2447/5/1832 2446/5/1830 2461/5/1837 2462/5/1838
f 2440/5/1833 2439/5/1831 2454/5/1839 2455/5/1840
f 2448/5/1834 2447/5/1832 2462/5/1838 2463/5/1841
f 2441/5/1835 2440/5/1833 2455/5/1840 2456/5/1842
f 2434/5/1836 2327/5/30 2449/5/1843
f 2343/5/32 2448/5/1834 2463/5/1841
f 2461/5/1837 2460/5/1850 2475/5/1857 2476/5/1859
f 2454/5/1839 2453/5/1851 2468/5/1858 2469/5/1860
f 2462/5/1838 2461/5/1837 2476/5/1859 2477/5/1861
f 2455/5/1840 2454/5/1839 2469/5/1860 2470/5/1862
f 2463/5/1841 2462/5/1838 2477/5/1861 2478/5/1863
f 2456/5/1842 2455/5/1840 2470/5/1862 2471/5/1864
f 2449/5/1843 2327/5/30 2464/5/1865
f 2343/5/32 2463/5/1841 2478/5/1863
f 2457/5/1844 2456/5/1842 2471/5/1864 2472/5/1866
f 2450/5/1845 2449/5/1843 2464/5/1865 2465/5/1852
f 2458/5/1846 2457/5/1844 2472/5/1866 2473/5/1854
f 2451/5/1847 2450/5/1845 2465/5/1852 2466/5/1853
f 2459/5/1848 2458/5/1846 2473/5/1854 2474/5/1855
f 2452/5/1849 2451/5/1847 2466/5/1853 2467/5/1856
f 2460/5/1850 2459/5/1848 2474/5/1855 2475/5/1857
f 2453/5/1851 2452/5/1849 2467/5/1856 2468/5/1858
f 2473/5/1854 2472/5/1866 2485/5/1511 2486/5/1518
f 2466/5/1853 2465/5/1852 2480/5/1514 2481/5/1520
f 2474/5/1855 2473/5/1854 2486/5/1518 2131/5/1522
f 2467/5/1856 2466/5/1853 2481/5/1520 2482/5/1524
f 2475/5/1857 2474/5/1855 2131/5/1522 2487/5/1526
f 2468/5/1858 2467/5/1856 2482/5/1524 2129/5/1528
f 2476/5/1859 2475/5/1857 2487/5/1526 2488/5/1530
f 2469/5/1860 2468/5/1858 2129/5/1528 2130/5/1532
f 2477/5/1861 2476/5/1859 2488/5/1530 2489/5/1534
f 2470/5/1862 2469/5/1860 2130/5/1532 2483/5/1536
f 2478/5/1863 2477/5/1861 2489/5/1534 2490/5/1538
f 2471/5/1864 2470/5/1862 2483/5/1536 2484/5/27
f 2464/5/1865 2327/5/30 2479/5/1515
f 2343/5/32 2478/5/1863 2490/5/1538
f 2472/5/1866 2471/5/1864 2484/5/27 2485/5/1511
f 2465/5/1852 2464/5/1865 2479/5/1515 2480/5/1514
f 1985/6/1867 1984/6/27 1992/6/1868 1993/6/1869
f 1983/6/1870 2126/6/1871 1989/6/1872 1990/6/1873
f 2060/6/32 1987/6/1874 1996/6/1875
f 1986/6/1876 1985/6/1867 1993/6/1869 1994/6/1877
f 2127/6/1878 1983/6/1870 1990/6/1873 1991/6/1879
f 2125/6/1880 2070/6/30 1988/6/1881
f 2128/6/1882 1986/6/1876 1994/6/1877 1995/6/1883
f 1984/6/27 2127/6/1878 1991/6/1879 1992/6/1868
f 2126/6/1871 2125/6/1880 1988/6/1881 1989/6/1872
f 1987/6/1874 2128/6/1882 1995/6/1883 1996/6/1875
f 1993/6/1869 1992/6/1868 2001/6/1884 2002/6/1885
f 1990/6/1873 1989/6/1872 1998/6/1886 1999/6/1887
f 2060/6/32 1996/6/1875 2005/6/1888
f 1994/6/1877 1993/6/1869 2002/6/1885 2003/6/1889
f 1991/6/1879 1990/6/1873 1999/6/1887 2000/6/1890
f 1988/6/1881 2070/6/30 1997/6/1891
f 1995/6/1883 1994/6/1877 2003/6/1889 2004/6/1892
f 1992/6/1868 1991/6/1879 2000/6/1890 2001/6/1884
f 1989/6/1872 1988/6/1881 1997/6/1891 1998/6/1886
f 1996/6/1875 1995/6/1883 2004/6/1892 2005/6/1888
f 1998/6/1886 1997/6/1891 2006/6/1893 2007/6/1894
f 2005/6/1888 2004/6/1892 2013/6/1895 2014/6/1896
f 2002/6/1885 2001/6/1884 2010/6/1897 2011/6/1898
f 1999/6/1887 1998/6/1886 2007/6/1894 2008/6/1899
f 2060/6/32 2005/6/1888 2014/6/1896
f 2003/6/1889 2002/6/1885 2011/6/1898 2012/6/1900
f 2000/6/1890 1999/6/1887 2008/6/1899 2009/6/1901
f 1997/6/1891 2070/6/30 2006/6/1893
f 2004/6/1892 2003/6/1889 2012/6/1900 2013/6/1895
f 2001/6/1884 2000/6/1890 2009/6/1901 2010/6/1897
f 2010/6/1897 2009/6/1901 2018/6/1902 2019/6/106
f 2007/6/1894 2006/6/1893 2015/6/1903 2016/6/1904
f 2014/6/1896 2013/6/1895 2022/6/1905 2023/6/1906
f 2011/6/1898 2010/6/1897 2019/6/106 2020/6/1907
f 2008/6/1899 2007/6/1894 2016/6/1904 2017/6/1908
f 2060/6/32 2014/6/1896 2023/6/1906
f 2012/6/1900 2011/6/1898 2020/6/1907 2021/6/1909
f 2009/6/1901 2008/6/1899 2017/6/1908 2018/6/1902
f 2006/6/1893 2070/6/30 2015/6/1903
f 2013/6/1895 2012/6/1900 2021/6/1909 2022/6/1905
f 2015/6/1903 2070/6/30 2024/6/1910
f 2022/6/1905 2021/6/1909 2030/6/1911 2031/6/1912
f 2019/6/106 2018/6/1902 2027/6/1913 2028/6/1914
f 2016/6/1904 2015/6/1903 2024/6/1910 2025/6/1915
f 2023/6/1906 2022/6/1905 2031/6/1912 2032/6/1916
f 2020/6/1907 2019/6/106 2028/6/1914 2029/6/1917
f 2017/6/1908 2016/6/1904 2025/6/1915 2026/6/1918
f 2060/6/32 2023/6/1906 2032/6/1916
f 2021/6/1909 2020/6/1907 2029/6/1917 2030/6/1911
f 2018/6/1902 2017/6/1908 2026/6/1918 2027/6/1913
f 2030/6/1911 2029/6/1917 2038/6/1919 2039/6/1920
f 2027/6/1913 2026/6/1918 2035/6/1921 2036/6/1922
f 2024/6/1910 2070/6/30 2033/6/1923
f 2031/6/1912 2030/6/1911 2039/6/1920 2040/6/1924
f 2028/6/1914 2027/6/1913 2036/6/1922 2037/6/1925
f 2025/6/1915 2024/6/1910 2033/6/1923 2034/6/1926
f 2032/6/1916 2031/6/1912 2040/6/1924 2041/6/1927
f 2029/6/1917 2028/6/1914 2037/6/1925 2038/6/1919
f 2026/6/1918 2025/6/1915 2034/6/1926 2035/6/1921
f 2060/6/32 2032/6/1916 2041/6/1927
f 2035/6/1921 2034/6/1926 2043/6/1928 2044/6/1929
f 2060/6/32 2041/6/1927 2050/6/1930
f 2039/6/1920 2038/6/1919 2047/6/1931 2048/6/1932
f 2036/6/1922 2035/6/1921 2044/6/1929 2045/6/1933
f 2033/6/1923 2070/6/30 2042/6/1934
f 2040/6/1924 2039/6/1920 2048/6/1932 2049/6/1935
f 2037/6/1925 2036/6/1922 2045/6/1933 2046/6/1936
f 2034/6/1926 2033/6/1923 2042/6/1934 2043/6/1928
f 2041/6/1927 2040/6/1924 2049/6/1935 2050/6/1930
f 2038/6/1919 2037/6/1925 2046/6/1936 2047/6/1931
f 2047/6/1931 2046/6/1936 2055/6/192 2056/6/1937
f 2044/6/1929 2043/6/1928 2052/6/1938 2053/6/1939
f 2060/6/32 2050/6/1930 2059/6/1940
f 2048/6/1932 2047/6/1931 2056/6/1937 2057/6/1941
f 2045/6/1933 2044/6/1929 2053/6/1939 2054/6/1942
f 2042/6/1934 2070/6/30 2051/6/1943
f 2049/6/1935 2048/6/1932 2057/6/1941 2058/6/1944
f 2046/6/1936 2045/6/1933 2054/6/1942 2055/6/192
f 2043/6/1928 2042/6/1934 2051/6/1943 2052/6/1938
f 2050/6/1930 2049/6/1935 2058/6/1944 2059/6/1940
f 2052/6/1938 2051/6/1943 2061/6/1945 2062/6/1946
f 2059/6/1940 2058/6/1944 2068/6/1947 2069/6/1948
f 2056/6/1937 2055/6/192 2065/6/1949 2066/6/1950
f 2053/6/1939 2052/6/1938 2062/6/1946 2063/6/1951
f 2060/6/32 2059/6/1940 2069/6/1948
f 2057/6/1941 2056/6/1937 2066/6/1950 2067/6/1952
f 2054/6/1942 2053/6/1939 2063/6/1951 2064/6/1953
f 2051/6/1943 2070/6/30 2061/6/1945
f 2058/6/1944 2057/6/1941 2067/6/1952 2068/6/1947
f 2055/6/192 2054/6/1942 2064/6/1953 2065/6/1949
f 2068/6/1947 2067/6/1952 2077/6/1954 2078/6/1955
f 2065/6/1949 2064/6/1953 2074/6/1956 2075/6/1957
f 2062/6/1946 2061/6/1945 2071/6/1958 2072/6/1959
f 2069/6/1948 2068/6/1947 2078/6/1955 2079/6/1960
f 2066/6/1950 2065/6/1949 2075/6/1957 2076/6/1961
f 2063/6/1951 2062/6/1946 2072/6/1959 2073/6/1962
f 2060/6/32 2069/6/1948 2079/6/1960
f 2067/6/1952 2066/6/1950 2076/6/1961 2077/6/1954
f 2064/6/1953 2063/6/1951 2073/6/1962 2074/6/1956
f 2061/6/1945 2070/6/30 2071/6/1958
f 2074/6/1956 2073/6/1962 2082/6/1963 2083/6/1964
f 2071/6/1958 2070/6/30 2080/6/1965
f 2078/6/1955 2077/6/1954 2086/6/1966 2087/6/1967
f 2075/6/1957 2074/6/1956 2083/6/1964 2084/6/1968
f 2072/6/1959 2071/6/1958 2080/6/1965 2081/6/1969
f 2079/6/1960 2078/6/1955 2087/6/1967 2088/6/1970
f 2076/6/1961 2075/6/1957 2084/6/1968 2085/6/1971
f 2073/6/1962 2072/6/1959 2081/6/1969 2082/6/1963
f 2060/6/32 2079/6/1960 2088/6/1970
f 2077/6/1954 2076/6/1961 2085/6/1971 2086/6/1966
f 2086/6/1966 2085/6/1971 2094/6/1972 2095/6/1973
f 2083/6/1964 2082/6/1963 2091/6/1974 2092/6/1975
f 2080/6/1965 2070/6/30 2089/6/1976
f 2087/6/1967 2086/6/1966 2095/6/1973 2096/6/1977
f 2084/6/1968 2083/6/1964 2092/6/1975 2093/6/278
f 2081/6/1969 2080/6/1965 2089/6/1976 2090/6/1978
f 2088/6/1970 2087/6/1967 2096/6/1977 2097/6/1979
f 2085/6/1971 2084/6/1968 2093/6/278 2094/6/1972
f 2082/6/1963 2081/6/1969 2090/6/1978 2091/6/1974
f 2060/6/32 2088/6/1970 2097/6/1979
f 2091/6/1974 2090/6/1978 2099/6/1980 2100/6/1981
f 2060/6/32 2097/6/1979 2106/6/1982
f 2095/6/1973 2094/6/1972 2103/6/1983 2104/6/1984
f 2092/6/1975 2091/6/1974 2100/6/1981 2101/6/1985
f 2089/6/1976 2070/6/30 2098/6/1986
f 2096/6/1977 2095/6/1973 2104/6/1984 2105/6/1987
f 2093/6/278 2092/6/1975 2101/6/1985 2102/6/1988
f 2090/6/1978 2089/6/1976 2098/6/1986 2099/6/1980
f 2097/6/1979 2096/6/1977 2105/6/1987 2106/6/1982
f 2094/6/1972 2093/6/278 2102/6/1988 2103/6/1983
f 2106/6/1982 2105/6/1987 2114/6/1989 2115/6/1990
f 2103/6/1983 2102/6/1988 2111/6/1991 2112/6/1992
f 2100/6/1981 2099/6/1980 2108/6/1993 2109/6/1994
f 2060/6/32 2106/6/1982 2115/6/1990
f 2104/6/1984 2103/6/1983 2112/6/1992 2113/6/1995
f 2101/6/1985 2100/6/1981 2109/6/1994 2110/6/1996
f 2098/6/1986 2070/6/30 2107/6/1997
f 2105/6/1987 2104/6/1984 2113/6/1995 2114/6/1989
f 2102/6/1988 2101/6/1985 2110/6/1996 2111/6/1991
f 2099/6/1980 2098/6/1986 2107/6/1997 2108/6/1993
f 2111/6/1991 2110/6/1996 2119/6/1998 2120/6/1999
f 2108/6/1993 2107/6/1997 2116/6/2000 2117/6/2001
f 2115/6/1990 2114/6/1989 2123/6/2002 2124/6/2003
f 2112/6/1992 2111/6/1991 2120/6/1999 2121/6/2004
f 2109/6/1994 2108/6/1993 2117/6/2001 2118/6/2005
f 2060/6/32 2115/6/1990 2124/6/2003
f 2113/6/1995 2112/6/1992 2121/6/2004 2122/6/2006
f 2110/6/1996 2109/6/1994 2118/6/2005 2119/6/1998
f 2107/6/1997 2070/6/30 2116/6/2000
f 2114/6/1989 2113/6/1995 2122/6/2006 2123/6/2002
f 2116/6/2000 2070/6/30 2125/6/1880
f 2123/6/2002 2122/6/2006 1986/6/1876 2128/6/1882
f 2120/6/1999 2119/6/1998 2127/6/1878 1984/6/27
f 2117/6/2001 2116/6/2000 2125/6/1880 2126/6/1871
f 2124/6/2003 2123/6/2002 2128/6/1882 1987/6/1874
f 2121/6/2004 2120/6/1999 1984/6/27 1985/6/1867
f 2118/6/2005 2117/6/2001 2126/6/1871 1983/6/1870
f 2060/6/32 2124/6/2003 1987/6/1874
f 2122/6/2006 2121/6/2004 1985/6/1867 1986/6/1876
f 2119/6/1998 2118/6/2005 1983/6/1870 2127/6/1878
f 2634/6/1871 2633/6/1880 2496/6/1881 2497/6/1872
f 2495/6/1874 2636/6/1882 2503/6/1883 2504/6/1875
f 2493/6/1867 2492/6/27 2500/6/1868 2501/6/1869
f 2491/6/1870 2634/6/1871 2497/6/1872 2498/6/1873
f 2568/6/32 2495/6/1874 2504/6/1875
f 2494/6/1876 2493/6/1867 2501/6/1869 2502/6/1877
f 2635/6/1878 2491/6/1870 2498/6/1873 2499/6/1879
f 2633/6/1880 2578/6/30 2496/6/1881
f 2636/6/1882 2494/6/1876 2502/6/1877 2503/6/1883
f 2492/6/27 2635/6/1878 2499/6/1879 2500/6/1868
f 2504/6/1875 2503/6/1883 2512/6/1892 2513/6/1888
f 2501/6/1869 2500/6/1868 2509/6/1884 2510/6/1885
f 2498/6/1873 2497/6/1872 2506/6/1886 2507/6/1887
f 2568/6/32 2504/6/1875 2513/6/1888
f 2502/6/1877 2501/6/1869 2510/6/1885 2511/6/1889
f 2499/6/1879 2498/6/1873 2507/6/1887 2508/6/1890
f 2496/6/1881 2578/6/30 2505/6/1891
f 2503/6/1883 2502/6/1877 2511/6/1889 2512/6/1892
f 2500/6/1868 2499/6/1879 2508/6/1890 2509/6/1884
f 2497/6/1872 2496/6/1881 2505/6/1891 2506/6/1886
f 2509/6/1884 2508/6/1890 2517/6/1901 2518/6/1897
f 2506/6/1886 2505/6/1891 2514/6/1893 2515/6/1894
f 2513/6/1888 2512/6/1892 2521/6/1895 2522/6/1896
f 2510/6/1885 2509/6/1884 2518/6/1897 2519/6/1898
f 2507/6/1887 2506/6/1886 2515/6/1894 2516/6/1899
f 2568/6/32 2513/6/1888 2522/6/1896
f 2511/6/1889 2510/6/1885 2519/6/1898 2520/6/1900
f 2508/6/1890 2507/6/1887 2516/6/1899 2517/6/1901
f 2505/6/1891 2578/6/30 2514/6/1893
f 2512/6/1892 2511/6/1889 2520/6/1900 2521/6/1895
f 2514/6/1893 2578/6/30 2523/6/1903
f 2521/6/1895 2520/6/1900 2529/6/1909 2530/6/1905
f 2518/6/1897 2517/6/1901 2526/6/1902 2527/6/106
f 2515/6/1894 2514/6/1893 2523/6/1903 2524/6/1904
f 2522/6/1896 2521/6/1895 2530/6/1905 2531/6/1906
f 2519/6/1898 2518/6/1897 2527/6/106 2528/6/1907
f 2516/6/1899 2515/6/1894 2524/6/1904 2525/6/1908
f 2568/6/32 2522/6/1896 2531/6/1906
f 2520/6/1900 2519/6/1898 2528/6/1907 2529/6/1909
f 2517/6/1901 2516/6/1899 2525/6/1908 2526/6/1902
f 2526/6/1902 2525/6/1908 2534/6/1918 2535/6/1913
f 2523/6/1903 2578/6/30 2532/6/1910
f 2530/6/1905 2529/6/1909 2538/6/1911 2539/6/1912
f 2527/6/106 2526/6/1902 2535/6/1913 2536/6/1914
f 2524/6/1904 2523/6/1903 2532/6/1910 2533/6/1915
f 2531/6/1906 2530/6/1905 2539/6/1912 2540/6/1916
f 2528/6/1907 2527/6/106 2536/6/1914 2537/6/1917
f 2525/6/1908 2524/6/1904 2533/6/1915 2534/6/1918
f 2568/6/32 2531/6/1906 2540/6/1916
f 2529/6/1909 2528/6/1907 2537/6/1917 2538/6/1911
f 2568/6/32 2540/6/1916 2549/6/1927
f 2538/6/1911 2537/6/1917 2546/6/1919 2547/6/1920
f 2535/6/1913 2534/6/1918 2543/6/1921 2544/6/1922
f 2532/6/1910 2578/6/30 2541/6/1923
f 2539/6/1912 2538/6/1911 2547/6/1920 2548/6/1924
f 2536/6/1914 2535/6/1913 2544/6/1922 2545/6/1925
f 2533/6/1915 2532/6/1910 2541/6/1923 2542/6/1926
f 2540/6/1916 2539/6/1912 2548/6/1924 2549/6/1927
f 2537/6/1917 2536/6/1914 2545/6/1925 2546/6/1919
f 2534/6/1918 2533/6/1915 2542/6/1926 2543/6/1921
f 2546/6/1919 2545/6/1925 2554/6/1936 2555/6/1931
f 2543/6/1921 2542/6/1926 2551/6/1928 2552/6/1929
f 2568/6/32 2549/6/1927 2558/6/1930
f 2547/6/1920 2546/6/1919 2555/6/1931 2556/6/1932
f 2544/6/1922 2543/6/1921 2552/6/1929 2553/6/1933
f 2541/6/1923 2578/6/30 2550/6/1934
f 2548/6/1924 2547/6/1920 2556/6/1932 2557/6/1935
f 2545/6/1925 2544/6/1922 2553/6/1933 2554/6/1936
f 2542/6/1926 2541/6/1923 2550/6/1934 2551/6/1928
f 2549/6/1927 2548/6/1924 2557/6/1935 2558/6/1930
f 2551/6/1928 2550/6/1934 2559/6/1943 2560/6/1938
f 2558/6/1930 2557/6/1935 2566/6/1944 2567/6/1940
f 2555/6/1931 2554/6/1936 2563/6/192 2564/6/1937
f 2552/6/1929 2551/6/1928 2560/6/1938 2561/6/1939
f 2568/6/32 2558/6/1930 2567/6/1940
f 2556/6/1932 2555/6/1931 2564/6/1937 2565/6/1941
f 2553/6/1933 2552/6/1929 2561/6/1939 2562/6/1942
f 2550/6/1934 2578/6/30 2559/6/1943
f 2557/6/1935 2556/6/1932 2565/6/1941 2566/6/1944
f 2554/6/1936 2553/6/1933 2562/6/1942 2563/6/192
f 2563/6/192 2562/6/1942 2572/6/1953 2573/6/1949
f 2560/6/1938 2559/6/1943 2569/6/1945 2570/6/1946
f 2567/6/1940 2566/6/1944 2576/6/1947 2577/6/1948
f 2564/6/1937 2563/6/192 2573/6/1949 2574/6/1950
f 2561/6/1939 2560/6/1938 2570/6/1946 2571/6/1951
f 2568/6/32 2567/6/1940 2577/6/1948
f 2565/6/1941 2564/6/1937 2574/6/1950 2575/6/1952
f 2562/6/1942 2561/6/1939 2571/6/1951 2572/6/1953
f 2559/6/1943 2578/6/30 2569/6/1945
f 2566/6/1944 2565/6/1941 2575/6/1952 2576/6/1947
f 2569/6/1945 2578/6/30 2579/6/1958
f 2576/6/1947 2575/6/1952 2585/6/1954 2586/6/1955
f 2573/6/1949 2572/6/1953 2582/6/1956 2583/6/1957
f 2570/6/1946 2569/6/1945 2579/6/1958 2580/6/1959
f 2577/6/1948 2576/6/1947 2586/6/1955 2587/6/1960
f 2574/6/1950 2573/6/1949 2583/6/1957 2584/6/1961
f 2571/6/1951 2570/6/1946 2580/6/1959 2581/6/1962
f 2568/6/32 2577/6/1948 2587/6/1960
f 2575/6/1952 2574/6/1950 2584/6/1961 2585/6/1954
f 2572/6/1953 2571/6/1951 2581/6/1962 2582/6/1956
f 2585/6/1954 2584/6/1961 2593/6/1971 2594/6/1966
f 2582/6/1956 2581/6/1962 2590/6/1963 2591/6/1964
f 2579/6/1958 2578/6/30 2588/6/1965
f 2586/6/1955 2585/6/1954 2594/6/1966 2595/6/1967
f 2583/6/1957 2582/6/1956 2591/6/1964 2592/6/1968
f 2580/6/1959 2579/6/1958 2588/6/1965 2589/6/1969
f 2587/6/1960 2586/6/1955 2595/6/1967 2596/6/1970
f 2584/6/1961 2583/6/1957 2592/6/1968 2593/6/1971
f 2581/6/1962 2580/6/1959 2589/6/1969 2590/6/1963
f 2568/6/32 2587/6/1960 2596/6/1970
f 2590/6/1963 2589/6/1969 2598/6/1978 2599/6/1974
f 2568/6/32 2596/6/1970 2605/6/1979
f 2594/6/1966 2593/6/1971 2602/6/1972 2603/6/1973
f 2591/6/1964 2590/6/1963 2599/6/1974 2600/6/1975
f 2588/6/1965 2578/6/30 2597/6/1976
f 2595/6/1967 2594/6/1966 2603/6/1973 2604/6/1977
f 2592/6/1968 2591/6/1964 2600/6/1975 2601/6/278
f 2589/6/1969 2588/6/1965 2597/6/1976 2598/6/1978
f 2596/6/1970 2595/6/1967 2604/6/1977 2605/6/1979
f 2593/6/1971 2592/6/1968 2601/6/278 2602/6/1972
f 2602/6/1972 2601/6/278 2610/6/1988 2611/6/1983
f 2599/6/1974 2598/6/1978 2607/6/1980 2608/6/1981
f 2568/6/32 2605/6/1979 2614/6/1982
f 2603/6/1973 2602/6/1972 2611/6/1983 2612/6/1984
f 2600/6/1975 2599/6/1974 2608/6/1981 2609/6/1985
f 2597/6/1976 2578/6/30 2606/6/1986
f 2604/6/1977 2603/6/1973 2612/6/1984 2613/6/1987
f 2601/6/278 2600/6/1975 2609/6/1985 2610/6/1988
f 2598/6/1978 2597/6/1976 2606/6/1986 2607/6/1980
f 2605/6/1979 2604/6/1977 2613/6/1987 2614/6/1982
f 2607/6/1980 2606/6/1986 2615/6/1997 2616/6/1993
f 2614/6/1982 2613/6/1987 2622/6/1989 2623/6/1990
f 2611/6/1983 2610/6/1988 2619/6/1991 2620/6/1992
f 2608/6/1981 2607/6/1980 2616/6/1993 2617/6/1994
f 2568/6/32 2614/6/1982 2623/6/1990
f 2612/6/1984 2611/6/1983 2620/6/1992 2621/6/1995
f 2609/6/1985 2608/6/1981 2617/6/1994 2618/6/1996
f 2606/6/1986 2578/6/30 2615/6/1997
f 2613/6/1987 2612/6/1984 2621/6/1995 2622/6/1989
f 2610/6/1988 2609/6/1985 2618/6/1996 2619/6/1991
f 2622/6/1989 2621/6/1995 2630/6/2006 2631/6/2002
f 2619/6/1991 2618/6/1996 2627/6/1998 2628/6/1999
f 2616/6/1993 2615/6/1997 2624/6/2000 2625/6/2001
f 2623/6/1990 2622/6/1989 2631/6/2002 2632/6/2003
f 2620/6/1992 2619/6/1991 2628/6/1999 2629/6/2004
f 2617/6/1994 2616/6/1993 2625/6/2001 2626/6/2005
f 2568/6/32 2623/6/1990 2632/6/2003
f 2621/6/1995 2620/6/1992 2629/6/2004 2630/6/2006
f 2618/6/1996 2617/6/1994 2626/6/2005 2627/6/1998
f 2615/6/1997 2578/6/30 2624/6/2000
f 2627/6/1998 2626/6/2005 2491/6/1870 2635/6/1878
f 2624/6/2000 2578/6/30 2633/6/1880
f 2631/6/2002 2630/6/2006 2494/6/1876 2636/6/1882
f 2628/6/1999 2627/6/1998 2635/6/1878 2492/6/27
f 2625/6/2001 2624/6/2000 2633/6/1880 2634/6/1871
f 2632/6/2003 2631/6/2002 2636/6/1882 2495/6/1874
f 2629/6/2004 2628/6/1999 2492/6/27 2493/6/1867
f 2626/6/2005 2625/6/2001 2634/6/1871 2491/6/1870
f 2568/6/32 2632/6/2003 2495/6/1874
f 2630/6/2006 2629/6/2004 2493/6/1867 2494/6/1876
