# Blender 4.4.1
# www.blender.org
mtllib egg.mtl
o Egg
v 0.000000 0.650000 -0.000000
v 0.000000 0.650000 -0.000000
v 0.000000 0.650000 -0.000000
v 0.000000 0.650000 -0.000000
v 0.000000 0.650000 -0.000000
v 0.000000 0.650000 -0.000000
v 0.000000 0.650000 -0.000000
v 0.000000 0.650000 -0.000000
v 0.000000 0.650000 -0.000000
v 0.000000 0.650000 -0.000000
v 0.000000 0.650000 -0.000000
v 0.000000 0.650000 -0.000000
v 0.000000 0.650000 -0.000000
v 0.000000 0.650000 -0.000000
v 0.000000 0.650000 -0.000000
v 0.000000 0.650000 -0.000000
v 0.000000 0.650000 -0.000000
v 0.000000 0.650000 -0.000000
v 0.000000 0.650000 -0.000000
v 0.000000 0.650000 -0.000000
v 0.000000 0.650000 -0.000000
v 0.000000 0.650000 -0.000000
v 0.000000 0.650000 -0.000000
v 0.000000 0.650000 -0.000000
v 0.000000 0.650000 -0.000000
v 0.000000 0.650000 -0.000000
v 0.000000 0.650000 -0.000000
v 0.000000 0.650000 -0.000000
v 0.000000 0.650000 -0.000000
v 0.000000 0.650000 -0.000000
v 0.000000 0.650000 -0.000000
v 0.000000 0.650000 -0.000000
v 0.000000 0.650000 -0.000000
v 0.000000 0.650000 -0.000000
v 0.000000 0.650000 -0.000000
v 0.000000 0.650000 -0.000000
v 0.000000 0.650000 -0.000000
v 0.000000 0.650000 -0.000000
v 0.000000 0.650000 -0.000000
v 0.000000 0.650000 -0.000000
v 0.000000 0.650000 -0.000000
v 0.000000 0.650000 -0.000000
v 0.000000 0.650000 -0.000000
v 0.000000 0.650000 -0.000000
v 0.000000 0.650000 -0.000000
v 0.000000 0.650000 -0.000000
v 0.000000 0.650000 -0.000000
v 0.000000 0.650000 -0.000000
v 0.000000 0.650000 -0.000000
v 0.000000 0.650000 -0.000000
v 0.000000 0.650000 -0.000000
v 0.000000 0.650000 -0.000000
v 0.000000 0.650000 -0.000000
v 0.000000 0.650000 -0.000000
v 0.000000 0.650000 -0.000000
v 0.000000 0.650000 -0.000000
v 0.000000 0.650000 -0.000000
v 0.000000 0.650000 -0.000000
v 0.000000 0.650000 -0.000000
v 0.000000 0.650000 -0.000000
v 0.000000 0.650000 -0.000000
v 0.000000 0.650000 -0.000000
v 0.000000 0.650000 -0.000000
v 0.000000 0.650000 -0.000000
v 0.000000 0.650000 -0.000000
v 0.021602 0.648608 -0.000000
v 0.021498 0.648608 0.002117
v 0.021187 0.648608 0.004214
v 0.020672 0.648608 0.006271
v 0.019958 0.648608 0.008267
v 0.019051 0.648608 0.010183
v 0.017961 0.648608 0.012001
v 0.016699 0.648608 0.013704
v 0.015275 0.648608 0.015275
v 0.013704 0.648608 0.016699
v 0.012001 0.648608 0.017961
v 0.010183 0.648608 0.019051
v 0.008267 0.648608 0.019958
v 0.006271 0.648608 0.020672
v 0.004214 0.648608 0.021187
v 0.002117 0.648608 0.021498
v 0.000000 0.648608 0.021602
v -0.002117 0.648608 0.021498
v -0.004214 0.648608 0.021187
v -0.006271 0.648608 0.020672
v -0.008267 0.648608 0.019958
v -0.010183 0.648608 0.019051
v -0.012001 0.648608 0.017961
v -0.013704 0.648608 0.016699
v -0.015275 0.648608 0.015275
v -0.016699 0.648608 0.013704
v -0.017961 0.648608 0.012001
v -0.019051 0.648608 0.010183
v -0.019958 0.648608 0.008267
v -0.020672 0.648608 0.006271
v -0.021187 0.648608 0.004214
v -0.021498 0.648608 0.002117
v -0.021602 0.648608 -0.000000
v -0.021498 0.648608 -0.002117
v -0.021187 0.648608 -0.004214
v -0.020672 0.648608 -0.006271
v -0.019958 0.648608 -0.008267
v -0.019051 0.648608 -0.010183
v -0.017961 0.648608 -0.012001
v -0.016699 0.648608 -0.013704
v -0.015275 0.648608 -0.015275
v -0.013704 0.648608 -0.016699
v -0.012001 0.648608 -0.017961
v -0.010183 0.648608 -0.019051
v -0.008267 0.648608 -0.019958
v -0.006271 0.648608 -0.020672
v -0.004214 0.648608 -0.021187
v -0.002117 0.648608 -0.021498
v 0.000000 0.648608 -0.021602
v 0.002117 0.648608 -0.021498
v 0.004214 0.648608 -0.021187
v 0.006271 0.648608 -0.020672
v 0.008267 0.648608 -0.019958
v 0.010183 0.648608 -0.019051
v 0.012001 0.648608 -0.017961
v 0.013704 0.648608 -0.016699
v 0.015275 0.648608 -0.015275
v 0.016699 0.648608 -0.013704
v 0.017961 0.648608 -0.012001
v 0.019051 0.648608 -0.010183
v 0.019958 0.648608 -0.008267
v 0.020672 0.648608 -0.006271
v 0.021187 0.648608 -0.004214
v 0.021498 0.648608 -0.002117
v 0.021602 0.648608 -0.000000
v 0.043225 0.644439 -0.000000
v 0.043017 0.644439 0.004237
v 0.042395 0.644439 0.008433
v 0.041364 0.644439 0.012548
v 0.039935 0.644439 0.016542
v 0.038121 0.644439 0.020376
v 0.035941 0.644439 0.024015
v 0.033414 0.644439 0.027422
v 0.030565 0.644439 0.030565
v 0.027422 0.644439 0.033414
v 0.024015 0.644439 0.035941
v 0.020376 0.644439 0.038121
v 0.016542 0.644439 0.039935
v 0.012548 0.644439 0.041364
v 0.008433 0.644439 0.042395
v 0.004237 0.644439 0.043017
v 0.000000 0.644439 0.043225
v -0.004237 0.644439 0.043017
v -0.008433 0.644439 0.042395
v -0.012548 0.644439 0.041364
v -0.016542 0.644439 0.039935
v -0.020376 0.644439 0.038121
v -0.024015 0.644439 0.035941
v -0.027422 0.644439 0.033414
v -0.030565 0.644439 0.030565
v -0.033414 0.644439 0.027422
v -0.035941 0.644439 0.024015
v -0.038121 0.644439 0.020376
v -0.039935 0.644439 0.016542
v -0.041364 0.644439 0.012548
v -0.042395 0.644439 0.008433
v -0.043017 0.644439 0.004237
v -0.043225 0.644439 -0.000000
v -0.043017 0.644439 -0.004237
v -0.042395 0.644439 -0.008433
v -0.041364 0.644439 -0.012548
v -0.039935 0.644439 -0.016542
v -0.038121 0.644439 -0.020376
v -0.035941 0.644439 -0.024015
v -0.033414 0.644439 -0.027422
v -0.030565 0.644439 -0.030565
v -0.027422 0.644439 -0.033414
v -0.024015 0.644439 -0.035941
v -0.020376 0.644439 -0.038121
v -0.016542 0.644439 -0.039935
v -0.012548 0.644439 -0.041364
v -0.008433 0.644439 -0.042395
v -0.004237 0.644439 -0.043017
v 0.000000 0.644439 -0.043225
v 0.004237 0.644439 -0.043017
v 0.008433 0.644439 -0.042395
v 0.012548 0.644439 -0.041364
v 0.016542 0.644439 -0.039935
v 0.020376 0.644439 -0.038121
v 0.024015 0.644439 -0.035941
v 0.027422 0.644439 -0.033414
v 0.030565 0.644439 -0.030565
v 0.033414 0.644439 -0.027422
v 0.035941 0.644439 -0.024015
v 0.038121 0.644439 -0.020376
v 0.039935 0.644439 -0.016542
v 0.041364 0.644439 -0.012548
v 0.042395 0.644439 -0.008433
v 0.043017 0.644439 -0.004237
v 0.043225 0.644439 -0.000000
v 0.064888 0.637510 -0.000000
v 0.064576 0.637510 0.006360
v 0.063641 0.637510 0.012659
v 0.062094 0.637510 0.018836
v 0.059949 0.637510 0.024832
v 0.057226 0.637510 0.030588
v 0.053953 0.637510 0.036050
v 0.050159 0.637510 0.041165
v 0.045883 0.637510 0.045883
v 0.041165 0.637510 0.050159
v 0.036050 0.637510 0.053953
v 0.030588 0.637510 0.057226
v 0.024832 0.637510 0.059949
v 0.018836 0.637510 0.062094
v 0.012659 0.637510 0.063641
v 0.006360 0.637510 0.064576
v 0.000000 0.637510 0.064888
v -0.006360 0.637510 0.064576
v -0.012659 0.637510 0.063641
v -0.018836 0.637510 0.062094
v -0.024832 0.637510 0.059949
v -0.030588 0.637510 0.057226
v -0.036050 0.637510 0.053953
v -0.041165 0.637510 0.050159
v -0.045883 0.637510 0.045883
v -0.050159 0.637510 0.041165
v -0.053953 0.637510 0.036050
v -0.057226 0.637510 0.030588
v -0.059949 0.637510 0.024832
v -0.062094 0.637510 0.018836
v -0.063641 0.637510 0.012659
v -0.064576 0.637510 0.006360
v -0.064888 0.637510 -0.000000
v -0.064576 0.637510 -0.006360
v -0.063641 0.637510 -0.012659
v -0.062094 0.637510 -0.018836
v -0.059949 0.637510 -0.024832
v -0.057226 0.637510 -0.030588
v -0.053953 0.637510 -0.036050
v -0.050159 0.637510 -0.041165
v -0.045883 0.637510 -0.045883
v -0.041165 0.637510 -0.050159
v -0.036050 0.637510 -0.053953
v -0.030588 0.637510 -0.057226
v -0.024832 0.637510 -0.059949
v -0.018836 0.637510 -0.062094
v -0.012659 0.637510 -0.063641
v -0.006360 0.637510 -0.064576
v 0.000000 0.637510 -0.064888
v 0.006360 0.637510 -0.064576
v 0.012659 0.637510 -0.063641
v 0.018836 0.637510 -0.062094
v 0.024832 0.637510 -0.059949
v 0.030588 0.637510 -0.057226
v 0.036050 0.637510 -0.053953
v 0.041165 0.637510 -0.050159
v 0.045883 0.637510 -0.045883
v 0.050159 0.637510 -0.041165
v 0.053953 0.637510 -0.036050
v 0.057226 0.637510 -0.030588
v 0.059949 0.637510 -0.024832
v 0.062094 0.637510 -0.018836
v 0.063641 0.637510 -0.012659
v 0.064576 0.637510 -0.006360
v 0.064888 0.637510 -0.000000
v 0.086604 0.627852 -0.000000
v 0.086187 0.627852 0.008489
v 0.084939 0.627852 0.016896
v 0.082874 0.627852 0.025140
v 0.080011 0.627852 0.033142
v 0.076377 0.627852 0.040825
v 0.072008 0.627852 0.048114
v 0.066945 0.627852 0.054941
v 0.061238 0.627852 0.061238
v 0.054941 0.627852 0.066945
v 0.048114 0.627852 0.072008
v 0.040825 0.627852 0.076377
v 0.033142 0.627852 0.080011
v 0.025140 0.627852 0.082874
v 0.016896 0.627852 0.084939
v 0.008489 0.627852 0.086187
v 0.000000 0.627852 0.086604
v -0.008489 0.627852 0.086187
v -0.016896 0.627852 0.084939
v -0.025140 0.627852 0.082874
v -0.033142 0.627852 0.080011
v -0.040825 0.627852 0.076377
v -0.048114 0.627852 0.072008
v -0.054941 0.627852 0.066945
v -0.061238 0.627852 0.061238
v -0.066945 0.627852 0.054941
v -0.072008 0.627852 0.048114
v -0.076377 0.627852 0.040825
v -0.080011 0.627852 0.033142
v -0.082874 0.627852 0.025140
v -0.084939 0.627852 0.016896
v -0.086187 0.627852 0.008489
v -0.086604 0.627852 -0.000000
v -0.086187 0.627852 -0.008489
v -0.084939 0.627852 -0.016896
v -0.082874 0.627852 -0.025140
v -0.080011 0.627852 -0.033142
v -0.076377 0.627852 -0.040825
v -0.072008 0.627852 -0.048114
v -0.066945 0.627852 -0.054941
v -0.061238 0.627852 -0.061238
v -0.054941 0.627852 -0.066945
v -0.048114 0.627852 -0.072008
v -0.040825 0.627852 -0.076377
v -0.033142 0.627852 -0.080011
v -0.025140 0.627852 -0.082874
v -0.016896 0.627852 -0.084939
v -0.008489 0.627852 -0.086187
v 0.000000 0.627852 -0.086604
v 0.008489 0.627852 -0.086187
v 0.016896 0.627852 -0.084939
v 0.025140 0.627852 -0.082874
v 0.033142 0.627852 -0.080011
v 0.040825 0.627852 -0.076377
v 0.048114 0.627852 -0.072008
v 0.054941 0.627852 -0.066945
v 0.061238 0.627852 -0.061238
v 0.066945 0.627852 -0.054941
v 0.072008 0.627852 -0.048114
v 0.076377 0.627852 -0.040825
v 0.080011 0.627852 -0.033142
v 0.082874 0.627852 -0.025140
v 0.084939 0.627852 -0.016896
v 0.086187 0.627852 -0.008489
v 0.086604 0.627852 -0.000000
v 0.108376 0.615505 -0.000000
v 0.107855 0.615505 0.010623
v 0.106294 0.615505 0.021143
v 0.103710 0.615505 0.031460
v 0.100127 0.615505 0.041474
v 0.095580 0.615505 0.051088
v 0.090112 0.615505 0.060211
v 0.083776 0.615505 0.068753
v 0.076634 0.615505 0.076634
v 0.068753 0.615505 0.083776
v 0.060211 0.615505 0.090112
v 0.051088 0.615505 0.095580
v 0.041474 0.615505 0.100127
v 0.031460 0.615505 0.103710
v 0.021143 0.615505 0.106294
v 0.010623 0.615505 0.107855
v 0.000000 0.615505 0.108376
v -0.010623 0.615505 0.107855
v -0.021143 0.615505 0.106294
v -0.031460 0.615505 0.103710
v -0.041474 0.615505 0.100127
v -0.051088 0.615505 0.095580
v -0.060211 0.615505 0.090112
v -0.068753 0.615505 0.083776
v -0.076634 0.615505 0.076634
v -0.083776 0.615505 0.068753
v -0.090112 0.615505 0.060211
v -0.095580 0.615505 0.051088
v -0.100127 0.615505 0.041474
v -0.103710 0.615505 0.031460
v -0.106294 0.615505 0.021143
v -0.107855 0.615505 0.010623
v -0.108376 0.615505 -0.000000
v -0.107855 0.615505 -0.010623
v -0.106294 0.615505 -0.021143
v -0.103710 0.615505 -0.031460
v -0.100127 0.615505 -0.041474
v -0.095580 0.615505 -0.051088
v -0.090112 0.615505 -0.060211
v -0.083776 0.615505 -0.068753
v -0.076634 0.615505 -0.076634
v -0.068753 0.615505 -0.083776
v -0.060211 0.615505 -0.090112
v -0.051088 0.615505 -0.095580
v -0.041474 0.615505 -0.100127
v -0.031460 0.615505 -0.103710
v -0.021143 0.615505 -0.106294
v -0.010623 0.615505 -0.107855
v 0.000000 0.615505 -0.108376
v 0.010623 0.615505 -0.107855
v 0.021143 0.615505 -0.106294
v 0.031460 0.615505 -0.103710
v 0.041474 0.615505 -0.100127
v 0.051088 0.615505 -0.095580
v 0.060211 0.615505 -0.090112
v 0.068753 0.615505 -0.083776
v 0.076634 0.615505 -0.076634
v 0.083776 0.615505 -0.068753
v 0.090112 0.615505 -0.060211
v 0.095580 0.615505 -0.051088
v 0.100127 0.615505 -0.041474
v 0.103710 0.615505 -0.031460
v 0.106294 0.615505 -0.021143
v 0.107855 0.615505 -0.010623
v 0.108376 0.615505 -0.000000
v 0.130202 0.600522 -0.000000
v 0.129575 0.600522 0.012762
v 0.127700 0.600522 0.025401
v 0.124595 0.600522 0.037796
v 0.120291 0.600522 0.049826
v 0.114828 0.600522 0.061377
v 0.108259 0.600522 0.072336
v 0.100647 0.600522 0.082599
v 0.092067 0.600522 0.092067
v 0.082599 0.600522 0.100647
v 0.072336 0.600522 0.108259
v 0.061377 0.600522 0.114828
v 0.049826 0.600522 0.120291
v 0.037796 0.600522 0.124595
v 0.025401 0.600522 0.127700
v 0.012762 0.600522 0.129575
v 0.000000 0.600522 0.130202
v -0.012762 0.600522 0.129575
v -0.025401 0.600522 0.127700
v -0.037796 0.600522 0.124595
v -0.049826 0.600522 0.120291
v -0.061377 0.600522 0.114828
v -0.072336 0.600522 0.108259
v -0.082599 0.600522 0.100647
v -0.092067 0.600522 0.092067
v -0.100647 0.600522 0.082599
v -0.108259 0.600522 0.072336
v -0.114828 0.600522 0.061377
v -0.120291 0.600522 0.049826
v -0.124595 0.600522 0.037796
v -0.127700 0.600522 0.025401
v -0.129575 0.600522 0.012762
v -0.130202 0.600522 -0.000000
v -0.129575 0.600522 -0.012762
v -0.127700 0.600522 -0.025401
v -0.124595 0.600522 -0.037796
v -0.120291 0.600522 -0.049826
v -0.114828 0.600522 -0.061377
v -0.108259 0.600522 -0.072336
v -0.100647 0.600522 -0.082599
v -0.092067 0.600522 -0.092067
v -0.082599 0.600522 -0.100647
v -0.072336 0.600522 -0.108259
v -0.061377 0.600522 -0.114828
v -0.049826 0.600522 -0.120291
v -0.037796 0.600522 -0.124595
v -0.025401 0.600522 -0.127700
v -0.012762 0.600522 -0.129575
v 0.000000 0.600522 -0.130202
v 0.012762 0.600522 -0.129575
v 0.025401 0.600522 -0.127700
v 0.037796 0.600522 -0.124595
v 0.049826 0.600522 -0.120291
v 0.061377 0.600522 -0.114828
v 0.072336 0.600522 -0.108259
v 0.082599 0.600522 -0.100647
v 0.092067 0.600522 -0.092067
v 0.100647 0.600522 -0.082599
v 0.108259 0.600522 -0.072336
v 0.114828 0.600522 -0.061377
v 0.120291 0.600522 -0.049826
v 0.124595 0.600522 -0.037796
v 0.127700 0.600522 -0.025401
v 0.129575 0.600522 -0.012762
v 0.130202 0.600522 -0.000000
v 0.152062 0.582967 -0.000000
v 0.151330 0.582967 0.014905
v 0.149140 0.582967 0.029666
v 0.145514 0.582967 0.044141
v 0.140487 0.582967 0.058192
v 0.134107 0.582967 0.071681
v 0.126435 0.582967 0.084481
v 0.117545 0.582967 0.096467
v 0.107524 0.582967 0.107524
v 0.096467 0.582967 0.117545
v 0.084481 0.582967 0.126435
v 0.071681 0.582967 0.134107
v 0.058192 0.582967 0.140487
v 0.044141 0.582967 0.145514
v 0.029666 0.582967 0.149140
v 0.014905 0.582967 0.151330
v 0.000000 0.582967 0.152062
v -0.014905 0.582967 0.151330
v -0.029666 0.582967 0.149140
v -0.044141 0.582967 0.145514
v -0.058192 0.582967 0.140487
v -0.071681 0.582967 0.134107
v -0.084481 0.582967 0.126435
v -0.096467 0.582967 0.117545
v -0.107524 0.582967 0.107524
v -0.117545 0.582967 0.096467
v -0.126435 0.582967 0.084481
v -0.134107 0.582967 0.071681
v -0.140487 0.582967 0.058192
v -0.145514 0.582967 0.044141
v -0.149140 0.582967 0.029666
v -0.151330 0.582967 0.014905
v -0.152062 0.582967 -0.000000
v -0.151330 0.582967 -0.014905
v -0.149140 0.582967 -0.029666
v -0.145514 0.582967 -0.044141
v -0.140487 0.582967 -0.058192
v -0.134107 0.582967 -0.071681
v -0.126435 0.582967 -0.084481
v -0.117545 0.582967 -0.096467
v -0.107524 0.582967 -0.107524
v -0.096467 0.582967 -0.117545
v -0.084481 0.582967 -0.126435
v -0.071681 0.582967 -0.134107
v -0.058192 0.582967 -0.140487
v -0.044141 0.582967 -0.145514
v -0.029666 0.582967 -0.149140
v -0.014905 0.582967 -0.151330
v 0.000000 0.582967 -0.152062
v 0.014905 0.582967 -0.151330
v 0.029666 0.582967 -0.149140
v 0.044141 0.582967 -0.145514
v 0.058192 0.582967 -0.140487
v 0.071681 0.582967 -0.134107
v 0.084481 0.582967 -0.126435
v 0.096467 0.582967 -0.117545
v 0.107524 0.582967 -0.107524
v 0.117545 0.582967 -0.096467
v 0.126435 0.582967 -0.084481
v 0.134107 0.582967 -0.071681
v 0.140487 0.582967 -0.058192
v 0.145514 0.582967 -0.044141
v 0.149140 0.582967 -0.029666
v 0.151330 0.582967 -0.014905
v 0.152062 0.582967 -0.000000
v 0.173926 0.562917 -0.000000
v 0.173088 0.562917 0.017048
v 0.170584 0.562917 0.033931
v 0.166436 0.562917 0.050488
v 0.160686 0.562917 0.066558
v 0.153389 0.562917 0.081988
v 0.144614 0.562917 0.096628
v 0.134446 0.562917 0.110337
v 0.122984 0.562917 0.122984
v 0.110337 0.562917 0.134446
v 0.096628 0.562917 0.144614
v 0.081988 0.562917 0.153389
v 0.066558 0.562917 0.160686
v 0.050488 0.562917 0.166436
v 0.033931 0.562917 0.170584
v 0.017048 0.562917 0.173088
v 0.000000 0.562917 0.173926
v -0.017048 0.562917 0.173088
v -0.033931 0.562917 0.170584
v -0.050488 0.562917 0.166436
v -0.066558 0.562917 0.160686
v -0.081988 0.562917 0.153389
v -0.096628 0.562917 0.144614
v -0.110337 0.562917 0.134446
v -0.122984 0.562917 0.122984
v -0.134446 0.562917 0.110337
v -0.144614 0.562917 0.096628
v -0.153389 0.562917 0.081988
v -0.160686 0.562917 0.066558
v -0.166436 0.562917 0.050488
v -0.170584 0.562917 0.033931
v -0.173088 0.562917 0.017048
v -0.173926 0.562917 -0.000000
v -0.173088 0.562917 -0.017048
v -0.170584 0.562917 -0.033931
v -0.166436 0.562917 -0.050488
v -0.160686 0.562917 -0.066558
v -0.153389 0.562917 -0.081988
v -0.144614 0.562917 -0.096628
v -0.134446 0.562917 -0.110337
v -0.122984 0.562917 -0.122984
v -0.110337 0.562917 -0.134446
v -0.096628 0.562917 -0.144614
v -0.081988 0.562917 -0.153389
v -0.066558 0.562917 -0.160686
v -0.050488 0.562917 -0.166436
v -0.033931 0.562917 -0.170584
v -0.017048 0.562917 -0.173088
v 0.000000 0.562917 -0.173926
v 0.017048 0.562917 -0.173088
v 0.033931 0.562917 -0.170584
v 0.050488 0.562917 -0.166436
v 0.066558 0.562917 -0.160686
v 0.081988 0.562917 -0.153389
v 0.096628 0.562917 -0.144614
v 0.110337 0.562917 -0.134446
v 0.122984 0.562917 -0.122984
v 0.134446 0.562917 -0.110337
v 0.144614 0.562917 -0.096628
v 0.153389 0.562917 -0.081988
v 0.160686 0.562917 -0.066558
v 0.166436 0.562917 -0.050488
v 0.170584 0.562917 -0.033931
v 0.173088 0.562917 -0.017048
v 0.173926 0.562917 -0.000000
v 0.195746 0.540455 -0.000000
v 0.194804 0.540455 0.019186
v 0.191985 0.540455 0.038188
v 0.187318 0.540455 0.056822
v 0.180846 0.540455 0.074909
v 0.172633 0.540455 0.092274
v 0.162757 0.540455 0.108751
v 0.151314 0.540455 0.124180
v 0.138414 0.540455 0.138414
v 0.124180 0.540455 0.151314
v 0.108751 0.540455 0.162757
v 0.092274 0.540455 0.172633
v 0.074909 0.540455 0.180846
v 0.056822 0.540455 0.187318
v 0.038188 0.540455 0.191985
v 0.019186 0.540455 0.194804
v 0.000000 0.540455 0.195746
v -0.019186 0.540455 0.194804
v -0.038188 0.540455 0.191985
v -0.056822 0.540455 0.187318
v -0.074909 0.540455 0.180846
v -0.092274 0.540455 0.172633
v -0.108751 0.540455 0.162757
v -0.124180 0.540455 0.151314
v -0.138414 0.540455 0.138414
v -0.151314 0.540455 0.124180
v -0.162757 0.540455 0.108751
v -0.172633 0.540455 0.092274
v -0.180846 0.540455 0.074909
v -0.187318 0.540455 0.056822
v -0.191985 0.540455 0.038188
v -0.194804 0.540455 0.019186
v -0.195746 0.540455 -0.000000
v -0.194804 0.540455 -0.019186
v -0.191985 0.540455 -0.038188
v -0.187318 0.540455 -0.056822
v -0.180846 0.540455 -0.074909
v -0.172633 0.540455 -0.092274
v -0.162757 0.540455 -0.108751
v -0.151314 0.540455 -0.124180
v -0.138414 0.540455 -0.138414
v -0.124180 0.540455 -0.151314
v -0.108751 0.540455 -0.162757
v -0.092274 0.540455 -0.172633
v -0.074909 0.540455 -0.180846
v -0.056822 0.540455 -0.187318
v -0.038188 0.540455 -0.191985
v -0.019186 0.540455 -0.194804
v 0.000000 0.540455 -0.195746
v 0.019186 0.540455 -0.194804
v 0.038188 0.540455 -0.191985
v 0.056822 0.540455 -0.187318
v 0.074909 0.540455 -0.180846
v 0.092274 0.540455 -0.172633
v 0.108751 0.540455 -0.162757
v 0.124180 0.540455 -0.151314
v 0.138414 0.540455 -0.138414
v 0.151314 0.540455 -0.124180
v 0.162757 0.540455 -0.108751
v 0.172633 0.540455 -0.092274
v 0.180846 0.540455 -0.074909
v 0.187318 0.540455 -0.056822
v 0.191985 0.540455 -0.038188
v 0.194804 0.540455 -0.019186
v 0.195746 0.540455 -0.000000
v 0.217462 0.515680 -0.000000
v 0.216415 0.515680 0.021315
v 0.213283 0.515680 0.042425
v 0.208098 0.515680 0.063126
v 0.200909 0.515680 0.083219
v 0.191784 0.515680 0.102511
v 0.180813 0.515680 0.120815
v 0.168100 0.515680 0.137956
v 0.153769 0.515680 0.153769
v 0.137956 0.515680 0.168100
v 0.120815 0.515680 0.180813
v 0.102511 0.515680 0.191784
v 0.083219 0.515680 0.200909
v 0.063126 0.515680 0.208098
v 0.042425 0.515680 0.213283
v 0.021315 0.515680 0.216415
v 0.000000 0.515680 0.217462
v -0.021315 0.515680 0.216415
v -0.042425 0.515680 0.213283
v -0.063126 0.515680 0.208098
v -0.083219 0.515680 0.200909
v -0.102511 0.515680 0.191784
v -0.120815 0.515680 0.180813
v -0.137956 0.515680 0.168100
v -0.153769 0.515680 0.153769
v -0.168100 0.515680 0.137956
v -0.180813 0.515680 0.120815
v -0.191784 0.515680 0.102511
v -0.200909 0.515680 0.083219
v -0.208098 0.515680 0.063126
v -0.213283 0.515680 0.042425
v -0.216415 0.515680 0.021315
v -0.217462 0.515680 -0.000000
v -0.216415 0.515680 -0.021315
v -0.213283 0.515680 -0.042425
v -0.208098 0.515680 -0.063126
v -0.200909 0.515680 -0.083219
v -0.191784 0.515680 -0.102511
v -0.180813 0.515680 -0.120815
v -0.168100 0.515680 -0.137956
v -0.153769 0.515680 -0.153769
v -0.137956 0.515680 -0.168100
v -0.120815 0.515680 -0.180813
v -0.102511 0.515680 -0.191784
v -0.083219 0.515680 -0.200909
v -0.063126 0.515680 -0.208098
v -0.042425 0.515680 -0.213283
v -0.021315 0.515680 -0.216415
v 0.000000 0.515680 -0.217462
v 0.021315 0.515680 -0.216415
v 0.042425 0.515680 -0.213283
v 0.063126 0.515680 -0.208098
v 0.083219 0.515680 -0.200909
v 0.102511 0.515680 -0.191784
v 0.120815 0.515680 -0.180813
v 0.137956 0.515680 -0.168100
v 0.153769 0.515680 -0.153769
v 0.168100 0.515680 -0.137956
v 0.180813 0.515680 -0.120815
v 0.191784 0.515680 -0.102511
v 0.200909 0.515680 -0.083219
v 0.208098 0.515680 -0.063126
v 0.213283 0.515680 -0.042425
v 0.216415 0.515680 -0.021315
v 0.217462 0.515680 -0.000000
v 0.238994 0.488696 -0.000000
v 0.237843 0.488696 0.023426
v 0.234402 0.488696 0.046625
v 0.228703 0.488696 0.069376
v 0.220802 0.488696 0.091459
v 0.210774 0.488696 0.112661
v 0.198716 0.488696 0.132778
v 0.184745 0.488696 0.151616
v 0.168994 0.488696 0.168994
v 0.151616 0.488696 0.184745
v 0.132778 0.488696 0.198716
v 0.112661 0.488696 0.210774
v 0.091459 0.488696 0.220802
v 0.069376 0.488696 0.228703
v 0.046625 0.488696 0.234402
v 0.023426 0.488696 0.237843
v 0.000000 0.488696 0.238994
v -0.023426 0.488696 0.237843
v -0.046625 0.488696 0.234402
v -0.069376 0.488696 0.228703
v -0.091459 0.488696 0.220802
v -0.112661 0.488696 0.210774
v -0.132778 0.488696 0.198716
v -0.151616 0.488696 0.184745
v -0.168994 0.488696 0.168994
v -0.184745 0.488696 0.151616
v -0.198716 0.488696 0.132778
v -0.210774 0.488696 0.112661
v -0.220802 0.488696 0.091459
v -0.228703 0.488696 0.069376
v -0.234402 0.488696 0.046625
v -0.237843 0.488696 0.023426
v -0.238994 0.488696 -0.000000
v -0.237843 0.488696 -0.023426
v -0.234402 0.488696 -0.046625
v -0.228703 0.488696 -0.069376
v -0.220802 0.488696 -0.091459
v -0.210774 0.488696 -0.112661
v -0.198716 0.488696 -0.132778
v -0.184745 0.488696 -0.151616
v -0.168994 0.488696 -0.168994
v -0.151616 0.488696 -0.184745
v -0.132778 0.488696 -0.198716
v -0.112661 0.488696 -0.210774
v -0.091459 0.488696 -0.220802
v -0.069376 0.488696 -0.228703
v -0.046625 0.488696 -0.234402
v -0.023426 0.488696 -0.237843
v 0.000000 0.488696 -0.238994
v 0.023426 0.488696 -0.237843
v 0.046625 0.488696 -0.234402
v 0.069376 0.488696 -0.228703
v 0.091459 0.488696 -0.220802
v 0.112661 0.488696 -0.210774
v 0.132778 0.488696 -0.198716
v 0.151616 0.488696 -0.184745
v 0.168994 0.488696 -0.168994
v 0.184745 0.488696 -0.151616
v 0.198716 0.488696 -0.132778
v 0.210774 0.488696 -0.112661
v 0.220802 0.488696 -0.091459
v 0.228703 0.488696 -0.069376
v 0.234402 0.488696 -0.046625
v 0.237843 0.488696 -0.023426
v 0.238994 0.488696 -0.000000
v 0.260249 0.459619 -0.000000
v 0.258996 0.459619 0.025509
v 0.255248 0.459619 0.050772
v 0.249043 0.459619 0.075546
v 0.240439 0.459619 0.099593
v 0.229519 0.459619 0.122680
v 0.216389 0.459619 0.144586
v 0.201175 0.459619 0.165100
v 0.184024 0.459619 0.184024
v 0.165100 0.459619 0.201175
v 0.144586 0.459619 0.216389
v 0.122680 0.459619 0.229519
v 0.099593 0.459619 0.240439
v 0.075546 0.459619 0.249043
v 0.050772 0.459619 0.255248
v 0.025509 0.459619 0.258996
v 0.000000 0.459619 0.260249
v -0.025509 0.459619 0.258996
v -0.050772 0.459619 0.255248
v -0.075546 0.459619 0.249043
v -0.099593 0.459619 0.240439
v -0.122680 0.459619 0.229519
v -0.144586 0.459619 0.216389
v -0.165100 0.459619 0.201175
v -0.184024 0.459619 0.184024
v -0.201175 0.459619 0.165100
v -0.216389 0.459619 0.144586
v -0.229519 0.459619 0.122680
v -0.240439 0.459619 0.099593
v -0.249043 0.459619 0.075546
v -0.255248 0.459619 0.050772
v -0.258996 0.459619 0.025509
v -0.260249 0.459619 -0.000000
v -0.258996 0.459619 -0.025509
v -0.255248 0.459619 -0.050772
v -0.249043 0.459619 -0.075546
v -0.240439 0.459619 -0.099593
v -0.229519 0.459619 -0.122680
v -0.216389 0.459619 -0.144586
v -0.201175 0.459619 -0.165100
v -0.184024 0.459619 -0.184024
v -0.165100 0.459619 -0.201175
v -0.144586 0.459619 -0.216389
v -0.122680 0.459619 -0.229519
v -0.099593 0.459619 -0.240439
v -0.075546 0.459619 -0.249043
v -0.050772 0.459619 -0.255248
v -0.025509 0.459619 -0.258996
v 0.000000 0.459619 -0.260249
v 0.025509 0.459619 -0.258996
v 0.050772 0.459619 -0.255248
v 0.075546 0.459619 -0.249043
v 0.099593 0.459619 -0.240439
v 0.122680 0.459619 -0.229519
v 0.144586 0.459619 -0.216389
v 0.165100 0.459619 -0.201175
v 0.184024 0.459619 -0.184024
v 0.201175 0.459619 -0.165100
v 0.216389 0.459619 -0.144586
v 0.229519 0.459619 -0.122680
v 0.240439 0.459619 -0.099593
v 0.249043 0.459619 -0.075546
v 0.255248 0.459619 -0.050772
v 0.258996 0.459619 -0.025509
v 0.260249 0.459619 -0.000000
v 0.281116 0.428575 -0.000000
v 0.279763 0.428575 0.027554
v 0.275715 0.428575 0.054843
v 0.269011 0.428575 0.081604
v 0.259718 0.428575 0.107579
v 0.247922 0.428575 0.132517
v 0.233740 0.428575 0.156180
v 0.217306 0.428575 0.178338
v 0.198779 0.428575 0.198779
v 0.178338 0.428575 0.217306
v 0.156180 0.428575 0.233740
v 0.132517 0.428575 0.247922
v 0.107579 0.428575 0.259718
v 0.081604 0.428575 0.269011
v 0.054843 0.428575 0.275715
v 0.027554 0.428575 0.279763
v 0.000000 0.428575 0.281116
v -0.027554 0.428575 0.279763
v -0.054843 0.428575 0.275715
v -0.081604 0.428575 0.269011
v -0.107579 0.428575 0.259718
v -0.132517 0.428575 0.247922
v -0.156180 0.428575 0.233740
v -0.178338 0.428575 0.217306
v -0.198779 0.428575 0.198779
v -0.217306 0.428575 0.178338
v -0.233740 0.428575 0.156180
v -0.247922 0.428575 0.132517
v -0.259718 0.428575 0.107579
v -0.269011 0.428575 0.081604
v -0.275715 0.428575 0.054843
v -0.279763 0.428575 0.027554
v -0.281116 0.428575 -0.000000
v -0.279763 0.428575 -0.027554
v -0.275715 0.428575 -0.054843
v -0.269011 0.428575 -0.081604
v -0.259718 0.428575 -0.107579
v -0.247922 0.428575 -0.132517
v -0.233740 0.428575 -0.156180
v -0.217306 0.428575 -0.178338
v -0.198779 0.428575 -0.198779
v -0.178338 0.428575 -0.217306
v -0.156180 0.428575 -0.233740
v -0.132517 0.428575 -0.247922
v -0.107579 0.428575 -0.259718
v -0.081604 0.428575 -0.269011
v -0.054843 0.428575 -0.275715
v -0.027554 0.428575 -0.279763
v 0.000000 0.428575 -0.281116
v 0.027554 0.428575 -0.279763
v 0.054843 0.428575 -0.275715
v 0.081604 0.428575 -0.269011
v 0.107579 0.428575 -0.259718
v 0.132517 0.428575 -0.247922
v 0.156180 0.428575 -0.233740
v 0.178338 0.428575 -0.217306
v 0.198779 0.428575 -0.198779
v 0.217306 0.428575 -0.178338
v 0.233740 0.428575 -0.156180
v 0.247922 0.428575 -0.132517
v 0.259718 0.428575 -0.107579
v 0.269011 0.428575 -0.081604
v 0.275715 0.428575 -0.054843
v 0.279763 0.428575 -0.027554
v 0.281116 0.428575 -0.000000
v 0.301473 0.395695 -0.000000
v 0.300021 0.395695 0.029550
v 0.295680 0.395695 0.058814
v 0.288492 0.395695 0.087513
v 0.278525 0.395695 0.115369
v 0.265875 0.395695 0.142113
v 0.250666 0.395695 0.167489
v 0.233042 0.395695 0.191252
v 0.213174 0.395695 0.213174
v 0.191252 0.395695 0.233042
v 0.167489 0.395695 0.250666
v 0.142113 0.395695 0.265875
v 0.115369 0.395695 0.278525
v 0.087513 0.395695 0.288492
v 0.058814 0.395695 0.295680
v 0.029550 0.395695 0.300021
v 0.000000 0.395695 0.301473
v -0.029550 0.395695 0.300021
v -0.058814 0.395695 0.295680
v -0.087513 0.395695 0.288492
v -0.115369 0.395695 0.278525
v -0.142113 0.395695 0.265875
v -0.167489 0.395695 0.250666
v -0.191252 0.395695 0.233042
v -0.213174 0.395695 0.213174
v -0.233042 0.395695 0.191252
v -0.250666 0.395695 0.167489
v -0.265875 0.395695 0.142113
v -0.278525 0.395695 0.115369
v -0.288492 0.395695 0.087513
v -0.295680 0.395695 0.058814
v -0.300021 0.395695 0.029550
v -0.301473 0.395695 -0.000000
v -0.300021 0.395695 -0.029550
v -0.295680 0.395695 -0.058814
v -0.288492 0.395695 -0.087513
v -0.278525 0.395695 -0.115369
v -0.265875 0.395695 -0.142113
v -0.250666 0.395695 -0.167489
v -0.233042 0.395695 -0.191252
v -0.213174 0.395695 -0.213174
v -0.191252 0.395695 -0.233042
v -0.167489 0.395695 -0.250666
v -0.142113 0.395695 -0.265875
v -0.115369 0.395695 -0.278525
v -0.087513 0.395695 -0.288492
v -0.058814 0.395695 -0.295680
v -0.029550 0.395695 -0.300021
v 0.000000 0.395695 -0.301473
v 0.029550 0.395695 -0.300021
v 0.058814 0.395695 -0.295680
v 0.087513 0.395695 -0.288492
v 0.115369 0.395695 -0.278525
v 0.142113 0.395695 -0.265875
v 0.167489 0.395695 -0.250666
v 0.191252 0.395695 -0.233042
v 0.213174 0.395695 -0.213174
v 0.233042 0.395695 -0.191252
v 0.250666 0.395695 -0.167489
v 0.265875 0.395695 -0.142113
v 0.278525 0.395695 -0.115369
v 0.288492 0.395695 -0.087513
v 0.295680 0.395695 -0.058814
v 0.300021 0.395695 -0.029550
v 0.301473 0.395695 -0.000000
v 0.321183 0.361121 -0.000000
v 0.319636 0.361121 0.031481
v 0.315011 0.361121 0.062660
v 0.307353 0.361121 0.093234
v 0.296734 0.361121 0.122911
v 0.283258 0.361121 0.151405
v 0.267054 0.361121 0.178440
v 0.248278 0.361121 0.203756
v 0.227111 0.361121 0.227111
v 0.203756 0.361121 0.248278
v 0.178440 0.361121 0.267054
v 0.151405 0.361121 0.283258
v 0.122911 0.361121 0.296734
v 0.093234 0.361121 0.307353
v 0.062660 0.361121 0.315011
v 0.031481 0.361121 0.319636
v 0.000000 0.361121 0.321183
v -0.031481 0.361121 0.319636
v -0.062660 0.361121 0.315011
v -0.093234 0.361121 0.307353
v -0.122911 0.361121 0.296734
v -0.151405 0.361121 0.283258
v -0.178440 0.361121 0.267054
v -0.203756 0.361121 0.248278
v -0.227111 0.361121 0.227111
v -0.248278 0.361121 0.203756
v -0.267054 0.361121 0.178440
v -0.283258 0.361121 0.151405
v -0.296734 0.361121 0.122911
v -0.307353 0.361121 0.093234
v -0.315011 0.361121 0.062660
v -0.319636 0.361121 0.031481
v -0.321183 0.361121 -0.000000
v -0.319636 0.361121 -0.031481
v -0.315011 0.361121 -0.062660
v -0.307353 0.361121 -0.093234
v -0.296734 0.361121 -0.122911
v -0.283258 0.361121 -0.151405
v -0.267054 0.361121 -0.178440
v -0.248278 0.361121 -0.203756
v -0.227111 0.361121 -0.227111
v -0.203756 0.361121 -0.248278
v -0.178440 0.361121 -0.267054
v -0.151405 0.361121 -0.283258
v -0.122911 0.361121 -0.296734
v -0.093234 0.361121 -0.307353
v -0.062660 0.361121 -0.315011
v -0.031481 0.361121 -0.319636
v 0.000000 0.361121 -0.321183
v 0.031481 0.361121 -0.319636
v 0.062660 0.361121 -0.315011
v 0.093234 0.361121 -0.307353
v 0.122911 0.361121 -0.296734
v 0.151405 0.361121 -0.283258
v 0.178440 0.361121 -0.267054
v 0.203756 0.361121 -0.248278
v 0.227111 0.361121 -0.227111
v 0.248278 0.361121 -0.203756
v 0.267054 0.361121 -0.178440
v 0.283258 0.361121 -0.151405
v 0.296734 0.361121 -0.122911
v 0.307353 0.361121 -0.093234
v 0.315011 0.361121 -0.062660
v 0.319636 0.361121 -0.031481
v 0.321183 0.361121 -0.000000
v 0.340099 0.325000 -0.000000
v 0.338462 0.325000 0.033336
v 0.333565 0.325000 0.066350
v 0.325455 0.325000 0.098726
v 0.314211 0.325000 0.130150
v 0.299941 0.325000 0.160322
v 0.282782 0.325000 0.188949
v 0.262900 0.325000 0.215757
v 0.240487 0.325000 0.240487
v 0.215757 0.325000 0.262900
v 0.188949 0.325000 0.282782
v 0.160322 0.325000 0.299941
v 0.130150 0.325000 0.314211
v 0.098726 0.325000 0.325455
v 0.066350 0.325000 0.333565
v 0.033336 0.325000 0.338462
v 0.000000 0.325000 0.340099
v -0.033336 0.325000 0.338462
v -0.066350 0.325000 0.333565
v -0.098726 0.325000 0.325455
v -0.130150 0.325000 0.314211
v -0.160322 0.325000 0.299941
v -0.188949 0.325000 0.282782
v -0.215757 0.325000 0.262900
v -0.240487 0.325000 0.240487
v -0.262900 0.325000 0.215757
v -0.282782 0.325000 0.188949
v -0.299941 0.325000 0.160322
v -0.314211 0.325000 0.130150
v -0.325455 0.325000 0.098726
v -0.333565 0.325000 0.066350
v -0.338462 0.325000 0.033336
v -0.340099 0.325000 -0.000000
v -0.338462 0.325000 -0.033336
v -0.333565 0.325000 -0.066350
v -0.325455 0.325000 -0.098726
v -0.314211 0.325000 -0.130150
v -0.299941 0.325000 -0.160322
v -0.282782 0.325000 -0.188949
v -0.262900 0.325000 -0.215757
v -0.240487 0.325000 -0.240487
v -0.215757 0.325000 -0.262900
v -0.188949 0.325000 -0.282782
v -0.160322 0.325000 -0.299941
v -0.130150 0.325000 -0.314211
v -0.098726 0.325000 -0.325455
v -0.066350 0.325000 -0.333565
v -0.033336 0.325000 -0.338462
v 0.000000 0.325000 -0.340099
v 0.033336 0.325000 -0.338462
v 0.066350 0.325000 -0.333565
v 0.098726 0.325000 -0.325455
v 0.130150 0.325000 -0.314211
v 0.160322 0.325000 -0.299941
v 0.188949 0.325000 -0.282782
v 0.215757 0.325000 -0.262900
v 0.240487 0.325000 -0.240487
v 0.262900 0.325000 -0.215757
v 0.282782 0.325000 -0.188949
v 0.299941 0.325000 -0.160322
v 0.314211 0.325000 -0.130150
v 0.325455 0.325000 -0.098726
v 0.333565 0.325000 -0.066350
v 0.338462 0.325000 -0.033336
v 0.340099 0.325000 -0.000000
v 0.358068 0.287488 -0.000000
v 0.356344 0.287488 0.035097
v 0.351188 0.287488 0.069856
v 0.342650 0.287488 0.103942
v 0.330812 0.287488 0.137027
v 0.315788 0.287488 0.168792
v 0.297723 0.287488 0.198932
v 0.276790 0.287488 0.227156
v 0.253192 0.287488 0.253192
v 0.227156 0.287488 0.276790
v 0.198932 0.287488 0.297723
v 0.168792 0.287488 0.315788
v 0.137027 0.287488 0.330812
v 0.103942 0.287488 0.342650
v 0.069856 0.287488 0.351188
v 0.035097 0.287488 0.356344
v 0.000000 0.287488 0.358068
v -0.035097 0.287488 0.356344
v -0.069856 0.287488 0.351188
v -0.103942 0.287488 0.342650
v -0.137027 0.287488 0.330812
v -0.168792 0.287488 0.315788
v -0.198932 0.287488 0.297723
v -0.227156 0.287488 0.276790
v -0.253192 0.287488 0.253192
v -0.276790 0.287488 0.227156
v -0.297723 0.287488 0.198932
v -0.315788 0.287488 0.168792
v -0.330812 0.287488 0.137027
v -0.342650 0.287488 0.103942
v -0.351188 0.287488 0.069856
v -0.356344 0.287488 0.035097
v -0.358068 0.287488 -0.000000
v -0.356344 0.287488 -0.035097
v -0.351188 0.287488 -0.069856
v -0.342650 0.287488 -0.103942
v -0.330812 0.287488 -0.137027
v -0.315788 0.287488 -0.168792
v -0.297723 0.287488 -0.198932
v -0.276790 0.287488 -0.227156
v -0.253192 0.287488 -0.253192
v -0.227156 0.287488 -0.276790
v -0.198932 0.287488 -0.297723
v -0.168792 0.287488 -0.315788
v -0.137027 0.287488 -0.330812
v -0.103942 0.287488 -0.342650
v -0.069856 0.287488 -0.351188
v -0.035097 0.287488 -0.356344
v 0.000000 0.287488 -0.358068
v 0.035097 0.287488 -0.356344
v 0.069856 0.287488 -0.351188
v 0.103942 0.287488 -0.342650
v 0.137027 0.287488 -0.330812
v 0.168792 0.287488 -0.315788
v 0.198932 0.287488 -0.297723
v 0.227156 0.287488 -0.276790
v 0.253192 0.287488 -0.253192
v 0.276790 0.287488 -0.227156
v 0.297723 0.287488 -0.198932
v 0.315788 0.287488 -0.168792
v 0.330812 0.287488 -0.137027
v 0.342650 0.287488 -0.103942
v 0.351188 0.287488 -0.069856
v 0.356344 0.287488 -0.035097
v 0.358068 0.287488 -0.000000
v 0.374929 0.248744 -0.000000
v 0.373124 0.248744 0.036749
v 0.367725 0.248744 0.073145
v 0.358785 0.248744 0.108836
v 0.346389 0.248744 0.143479
v 0.330658 0.248744 0.176740
v 0.311742 0.248744 0.208299
v 0.289824 0.248744 0.237852
v 0.265115 0.248744 0.265115
v 0.237852 0.248744 0.289824
v 0.208299 0.248744 0.311742
v 0.176740 0.248744 0.330658
v 0.143479 0.248744 0.346389
v 0.108836 0.248744 0.358785
v 0.073145 0.248744 0.367725
v 0.036749 0.248744 0.373124
v 0.000000 0.248744 0.374929
v -0.036749 0.248744 0.373124
v -0.073145 0.248744 0.367725
v -0.108836 0.248744 0.358785
v -0.143479 0.248744 0.346389
v -0.176740 0.248744 0.330658
v -0.208299 0.248744 0.311742
v -0.237852 0.248744 0.289824
v -0.265115 0.248744 0.265115
v -0.289824 0.248744 0.237852
v -0.311742 0.248744 0.208299
v -0.330658 0.248744 0.176740
v -0.346389 0.248744 0.143479
v -0.358785 0.248744 0.108836
v -0.367725 0.248744 0.073145
v -0.373124 0.248744 0.036749
v -0.374929 0.248744 -0.000000
v -0.373124 0.248744 -0.036749
v -0.367725 0.248744 -0.073145
v -0.358785 0.248744 -0.108836
v -0.346389 0.248744 -0.143479
v -0.330658 0.248744 -0.176740
v -0.311742 0.248744 -0.208299
v -0.289824 0.248744 -0.237852
v -0.265115 0.248744 -0.265115
v -0.237852 0.248744 -0.289824
v -0.208299 0.248744 -0.311742
v -0.176740 0.248744 -0.330658
v -0.143479 0.248744 -0.346389
v -0.108836 0.248744 -0.358785
v -0.073145 0.248744 -0.367725
v -0.036749 0.248744 -0.373124
v 0.000000 0.248744 -0.374929
v 0.036749 0.248744 -0.373124
v 0.073145 0.248744 -0.367725
v 0.108836 0.248744 -0.358785
v 0.143479 0.248744 -0.346389
v 0.176740 0.248744 -0.330658
v 0.208299 0.248744 -0.311742
v 0.237852 0.248744 -0.289824
v 0.265115 0.248744 -0.265115
v 0.289824 0.248744 -0.237852
v 0.311742 0.248744 -0.208299
v 0.330658 0.248744 -0.176740
v 0.346389 0.248744 -0.143479
v 0.358785 0.248744 -0.108836
v 0.367725 0.248744 -0.073145
v 0.373124 0.248744 -0.036749
v 0.374929 0.248744 -0.000000
v 0.390519 0.208936 -0.000000
v 0.388639 0.208936 0.038278
v 0.383016 0.208936 0.076187
v 0.373704 0.208936 0.113362
v 0.360793 0.208936 0.149445
v 0.344407 0.208936 0.184089
v 0.324705 0.208936 0.216961
v 0.301875 0.208936 0.247743
v 0.276139 0.208936 0.276139
v 0.247743 0.208936 0.301875
v 0.216961 0.208936 0.324705
v 0.184089 0.208936 0.344407
v 0.149445 0.208936 0.360793
v 0.113362 0.208936 0.373704
v 0.076187 0.208936 0.383016
v 0.038278 0.208936 0.388639
v 0.000000 0.208936 0.390519
v -0.038278 0.208936 0.388639
v -0.076187 0.208936 0.383016
v -0.113362 0.208936 0.373704
v -0.149445 0.208936 0.360793
v -0.184089 0.208936 0.344407
v -0.216961 0.208936 0.324705
v -0.247743 0.208936 0.301875
v -0.276139 0.208936 0.276139
v -0.301875 0.208936 0.247743
v -0.324705 0.208936 0.216961
v -0.344407 0.208936 0.184089
v -0.360793 0.208936 0.149445
v -0.373704 0.208936 0.113362
v -0.383016 0.208936 0.076187
v -0.388639 0.208936 0.038278
v -0.390519 0.208936 -0.000000
v -0.388639 0.208936 -0.038278
v -0.383016 0.208936 -0.076187
v -0.373704 0.208936 -0.113362
v -0.360793 0.208936 -0.149445
v -0.344407 0.208936 -0.184089
v -0.324705 0.208936 -0.216961
v -0.301875 0.208936 -0.247743
v -0.276139 0.208936 -0.276139
v -0.247743 0.208936 -0.301875
v -0.216961 0.208936 -0.324705
v -0.184089 0.208936 -0.344407
v -0.149445 0.208936 -0.360793
v -0.113362 0.208936 -0.373704
v -0.076187 0.208936 -0.383016
v -0.038278 0.208936 -0.388639
v 0.000000 0.208936 -0.390519
v 0.038278 0.208936 -0.388639
v 0.076187 0.208936 -0.383016
v 0.113362 0.208936 -0.373704
v 0.149445 0.208936 -0.360793
v 0.184089 0.208936 -0.344407
v 0.216961 0.208936 -0.324705
v 0.247743 0.208936 -0.301875
v 0.276139 0.208936 -0.276139
v 0.301875 0.208936 -0.247743
v 0.324705 0.208936 -0.216961
v 0.344407 0.208936 -0.184089
v 0.360793 0.208936 -0.149445
v 0.373704 0.208936 -0.113362
v 0.383016 0.208936 -0.076187
v 0.388639 0.208936 -0.038278
v 0.390519 0.208936 -0.000000
v 0.404677 0.168232 -0.000000
v 0.402728 0.168232 0.039665
v 0.396901 0.168232 0.078948
v 0.387251 0.168232 0.117471
v 0.373872 0.168232 0.154863
v 0.356893 0.168232 0.190763
v 0.336476 0.168232 0.224826
v 0.312819 0.168232 0.256724
v 0.286150 0.168232 0.286150
v 0.256724 0.168232 0.312819
v 0.224826 0.168232 0.336476
v 0.190763 0.168232 0.356893
v 0.154863 0.168232 0.373872
v 0.117471 0.168232 0.387251
v 0.078948 0.168232 0.396901
v 0.039665 0.168232 0.402728
v 0.000000 0.168232 0.404677
v -0.039665 0.168232 0.402728
v -0.078948 0.168232 0.396901
v -0.117471 0.168232 0.387251
v -0.154863 0.168232 0.373872
v -0.190763 0.168232 0.356893
v -0.224826 0.168232 0.336476
v -0.256724 0.168232 0.312819
v -0.286150 0.168232 0.286150
v -0.312819 0.168232 0.256724
v -0.336476 0.168232 0.224826
v -0.356893 0.168232 0.190763
v -0.373872 0.168232 0.154863
v -0.387251 0.168232 0.117471
v -0.396901 0.168232 0.078948
v -0.402728 0.168232 0.039665
v -0.404677 0.168232 -0.000000
v -0.402728 0.168232 -0.039665
v -0.396901 0.168232 -0.078948
v -0.387251 0.168232 -0.117471
v -0.373872 0.168232 -0.154863
v -0.356893 0.168232 -0.190763
v -0.336476 0.168232 -0.224826
v -0.312819 0.168232 -0.256724
v -0.286150 0.168232 -0.286150
v -0.256724 0.168232 -0.312819
v -0.224826 0.168232 -0.336476
v -0.190763 0.168232 -0.356893
v -0.154863 0.168232 -0.373872
v -0.117471 0.168232 -0.387251
v -0.078948 0.168232 -0.396901
v -0.039665 0.168232 -0.402728
v 0.000000 0.168232 -0.404677
v 0.039665 0.168232 -0.402728
v 0.078948 0.168232 -0.396901
v 0.117471 0.168232 -0.387251
v 0.154863 0.168232 -0.373872
v 0.190763 0.168232 -0.356893
v 0.224826 0.168232 -0.336476
v 0.256724 0.168232 -0.312819
v 0.286150 0.168232 -0.286150
v 0.312819 0.168232 -0.256724
v 0.336476 0.168232 -0.224826
v 0.356893 0.168232 -0.190763
v 0.373872 0.168232 -0.154863
v 0.387251 0.168232 -0.117471
v 0.396901 0.168232 -0.078948
v 0.402728 0.168232 -0.039665
v 0.404677 0.168232 -0.000000
v 0.417242 0.126809 -0.000000
v 0.415233 0.126809 0.040897
v 0.409225 0.126809 0.081400
v 0.399276 0.126809 0.121119
v 0.385482 0.126809 0.159672
v 0.367975 0.126809 0.196687
v 0.346924 0.126809 0.231807
v 0.322533 0.126809 0.264696
v 0.295035 0.126809 0.295035
v 0.264696 0.126809 0.322533
v 0.231807 0.126809 0.346924
v 0.196687 0.126809 0.367975
v 0.159672 0.126809 0.385482
v 0.121119 0.126809 0.399276
v 0.081400 0.126809 0.409225
v 0.040897 0.126809 0.415233
v 0.000000 0.126809 0.417242
v -0.040897 0.126809 0.415233
v -0.081400 0.126809 0.409225
v -0.121119 0.126809 0.399276
v -0.159672 0.126809 0.385482
v -0.196687 0.126809 0.367975
v -0.231807 0.126809 0.346924
v -0.264696 0.126809 0.322533
v -0.295035 0.126809 0.295035
v -0.322533 0.126809 0.264696
v -0.346924 0.126809 0.231807
v -0.367975 0.126809 0.196687
v -0.385482 0.126809 0.159672
v -0.399276 0.126809 0.121119
v -0.409225 0.126809 0.081400
v -0.415233 0.126809 0.040897
v -0.417242 0.126809 -0.000000
v -0.415233 0.126809 -0.040897
v -0.409225 0.126809 -0.081400
v -0.399276 0.126809 -0.121119
v -0.385482 0.126809 -0.159672
v -0.367975 0.126809 -0.196687
v -0.346924 0.126809 -0.231807
v -0.322533 0.126809 -0.264696
v -0.295035 0.126809 -0.295035
v -0.264696 0.126809 -0.322533
v -0.231807 0.126809 -0.346924
v -0.196687 0.126809 -0.367975
v -0.159672 0.126809 -0.385482
v -0.121119 0.126809 -0.399276
v -0.081400 0.126809 -0.409225
v -0.040897 0.126809 -0.415233
v 0.000000 0.126809 -0.417242
v 0.040897 0.126809 -0.415233
v 0.081400 0.126809 -0.409225
v 0.121119 0.126809 -0.399276
v 0.159672 0.126809 -0.385482
v 0.196687 0.126809 -0.367975
v 0.231807 0.126809 -0.346924
v 0.264696 0.126809 -0.322533
v 0.295035 0.126809 -0.295035
v 0.322533 0.126809 -0.264696
v 0.346924 0.126809 -0.231807
v 0.367975 0.126809 -0.196687
v 0.385482 0.126809 -0.159672
v 0.399276 0.126809 -0.121119
v 0.409225 0.126809 -0.081400
v 0.415233 0.126809 -0.040897
v 0.417242 0.126809 -0.000000
v 0.428065 0.084842 -0.000000
v 0.426003 0.084842 0.041958
v 0.419839 0.084842 0.083511
v 0.409632 0.084842 0.124261
v 0.395480 0.084842 0.163813
v 0.377519 0.084842 0.201788
v 0.355923 0.084842 0.237820
v 0.330898 0.084842 0.271561
v 0.302687 0.084842 0.302687
v 0.271561 0.084842 0.330898
v 0.237820 0.084842 0.355923
v 0.201788 0.084842 0.377519
v 0.163813 0.084842 0.395480
v 0.124261 0.084842 0.409632
v 0.083511 0.084842 0.419839
v 0.041958 0.084842 0.426003
v 0.000000 0.084842 0.428065
v -0.041958 0.084842 0.426003
v -0.083511 0.084842 0.419839
v -0.124261 0.084842 0.409632
v -0.163813 0.084842 0.395480
v -0.201788 0.084842 0.377519
v -0.237820 0.084842 0.355923
v -0.271561 0.084842 0.330898
v -0.302687 0.084842 0.302687
v -0.330898 0.084842 0.271561
v -0.355923 0.084842 0.237820
v -0.377519 0.084842 0.201788
v -0.395480 0.084842 0.163813
v -0.409632 0.084842 0.124261
v -0.419839 0.084842 0.083511
v -0.426003 0.084842 0.041958
v -0.428065 0.084842 -0.000000
v -0.426003 0.084842 -0.041958
v -0.419839 0.084842 -0.083511
v -0.409632 0.084842 -0.124261
v -0.395480 0.084842 -0.163813
v -0.377519 0.084842 -0.201788
v -0.355923 0.084842 -0.237820
v -0.330898 0.084842 -0.271561
v -0.302687 0.084842 -0.302687
v -0.271561 0.084842 -0.330898
v -0.237820 0.084842 -0.355923
v -0.201788 0.084842 -0.377519
v -0.163813 0.084842 -0.395480
v -0.124261 0.084842 -0.409632
v -0.083511 0.084842 -0.419839
v -0.041958 0.084842 -0.426003
v 0.000000 0.084842 -0.428065
v 0.041958 0.084842 -0.426003
v 0.083511 0.084842 -0.419839
v 0.124261 0.084842 -0.409632
v 0.163813 0.084842 -0.395480
v 0.201788 0.084842 -0.377519
v 0.237820 0.084842 -0.355923
v 0.271561 0.084842 -0.330898
v 0.302687 0.084842 -0.302687
v 0.330898 0.084842 -0.271561
v 0.355923 0.084842 -0.237820
v 0.377519 0.084842 -0.201788
v 0.395480 0.084842 -0.163813
v 0.409632 0.084842 -0.124261
v 0.419839 0.084842 -0.083511
v 0.426003 0.084842 -0.041958
v 0.428065 0.084842 -0.000000
v 0.437001 0.042512 -0.000000
v 0.434896 0.042512 0.042834
v 0.428604 0.042512 0.085255
v 0.418184 0.042512 0.126855
v 0.403736 0.042512 0.167233
v 0.385400 0.042512 0.206001
v 0.363353 0.042512 0.242785
v 0.337806 0.042512 0.277230
v 0.309006 0.042512 0.309006
v 0.277230 0.042512 0.337806
v 0.242785 0.042512 0.363353
v 0.206001 0.042512 0.385400
v 0.167233 0.042512 0.403736
v 0.126855 0.042512 0.418184
v 0.085255 0.042512 0.428604
v 0.042834 0.042512 0.434896
v 0.000000 0.042512 0.437001
v -0.042834 0.042512 0.434896
v -0.085255 0.042512 0.428604
v -0.126855 0.042512 0.418184
v -0.167233 0.042512 0.403736
v -0.206001 0.042512 0.385400
v -0.242785 0.042512 0.363353
v -0.277230 0.042512 0.337806
v -0.309006 0.042512 0.309006
v -0.337806 0.042512 0.277230
v -0.363353 0.042512 0.242785
v -0.385400 0.042512 0.206001
v -0.403736 0.042512 0.167233
v -0.418184 0.042512 0.126855
v -0.428604 0.042512 0.085255
v -0.434896 0.042512 0.042834
v -0.437001 0.042512 -0.000000
v -0.434896 0.042512 -0.042834
v -0.428604 0.042512 -0.085255
v -0.418184 0.042512 -0.126855
v -0.403736 0.042512 -0.167233
v -0.385400 0.042512 -0.206001
v -0.363353 0.042512 -0.242785
v -0.337806 0.042512 -0.277230
v -0.309006 0.042512 -0.309006
v -0.277230 0.042512 -0.337806
v -0.242785 0.042512 -0.363353
v -0.206001 0.042512 -0.385400
v -0.167233 0.042512 -0.403736
v -0.126855 0.042512 -0.418184
v -0.085255 0.042512 -0.428604
v -0.042834 0.042512 -0.434896
v 0.000000 0.042512 -0.437001
v 0.042834 0.042512 -0.434896
v 0.085255 0.042512 -0.428604
v 0.126855 0.042512 -0.418184
v 0.167233 0.042512 -0.403736
v 0.206001 0.042512 -0.385400
v 0.242785 0.042512 -0.363353
v 0.277230 0.042512 -0.337806
v 0.309006 0.042512 -0.309006
v 0.337806 0.042512 -0.277230
v 0.363353 0.042512 -0.242785
v 0.385400 0.042512 -0.206001
v 0.403736 0.042512 -0.167233
v 0.418184 0.042512 -0.126855
v 0.428604 0.042512 -0.085255
v 0.434896 0.042512 -0.042834
v 0.437001 0.042512 -0.000000
v 0.443921 0.000000 0.000000
v 0.441783 0.000000 0.043512
v 0.435391 0.000000 0.086605
v 0.424806 0.000000 0.128863
v 0.410129 0.000000 0.169881
v 0.391503 0.000000 0.209263
v 0.369107 0.000000 0.246629
v 0.343156 0.000000 0.281620
v 0.313899 0.000000 0.313899
v 0.281620 0.000000 0.343156
v 0.246629 0.000000 0.369107
v 0.209263 0.000000 0.391503
v 0.169881 0.000000 0.410129
v 0.128863 0.000000 0.424806
v 0.086605 0.000000 0.435391
v 0.043512 0.000000 0.441783
v 0.000000 0.000000 0.443921
v -0.043512 0.000000 0.441783
v -0.086605 0.000000 0.435391
v -0.128863 0.000000 0.424806
v -0.169881 0.000000 0.410129
v -0.209263 0.000000 0.391503
v -0.246629 0.000000 0.369107
v -0.281620 0.000000 0.343156
v -0.313899 0.000000 0.313899
v -0.343156 0.000000 0.281620
v -0.369107 0.000000 0.246629
v -0.391503 0.000000 0.209263
v -0.410129 0.000000 0.169881
v -0.424806 0.000000 0.128863
v -0.435391 0.000000 0.086605
v -0.441783 0.000000 0.043512
v -0.443921 0.000000 0.000000
v -0.441783 -0.000000 -0.043512
v -0.435391 -0.000000 -0.086605
v -0.424806 -0.000000 -0.128863
v -0.410129 -0.000000 -0.169881
v -0.391503 -0.000000 -0.209263
v -0.369107 -0.000000 -0.246629
v -0.343156 -0.000000 -0.281620
v -0.313899 -0.000000 -0.313899
v -0.281620 -0.000000 -0.343156
v -0.246629 -0.000000 -0.369107
v -0.209263 -0.000000 -0.391503
v -0.169881 -0.000000 -0.410129
v -0.128863 -0.000000 -0.424806
v -0.086605 -0.000000 -0.435391
v -0.043512 -0.000000 -0.441783
v 0.000000 -0.000000 -0.443921
v 0.043512 -0.000000 -0.441783
v 0.086605 -0.000000 -0.435391
v 0.128863 -0.000000 -0.424806
v 0.169881 -0.000000 -0.410129
v 0.209263 -0.000000 -0.391503
v 0.246629 -0.000000 -0.369107
v 0.281620 -0.000000 -0.343156
v 0.313899 -0.000000 -0.313899
v 0.343156 -0.000000 -0.281620
v 0.369107 -0.000000 -0.246629
v 0.391503 -0.000000 -0.209263
v 0.410129 -0.000000 -0.169881
v 0.424806 -0.000000 -0.128863
v 0.435391 -0.000000 -0.086605
v 0.441783 -0.000000 -0.043512
v 0.443921 0.000000 0.000000
v 0.448710 -0.042512 0.000000
v 0.446550 -0.042512 0.043981
v 0.440089 -0.042512 0.087539
v 0.429389 -0.042512 0.130254
v 0.414554 -0.042512 0.171714
v 0.395727 -0.042512 0.211521
v 0.373089 -0.042512 0.249290
v 0.346858 -0.042512 0.284659
v 0.317286 -0.042512 0.317286
v 0.284659 -0.042512 0.346858
v 0.249290 -0.042512 0.373089
v 0.211521 -0.042512 0.395727
v 0.171714 -0.042512 0.414554
v 0.130254 -0.042512 0.429389
v 0.087539 -0.042512 0.440089
v 0.043981 -0.042512 0.446550
v 0.000000 -0.042512 0.448710
v -0.043981 -0.042512 0.446550
v -0.087539 -0.042512 0.440089
v -0.130254 -0.042512 0.429389
v -0.171714 -0.042512 0.414554
v -0.211521 -0.042512 0.395727
v -0.249290 -0.042512 0.373089
v -0.284659 -0.042512 0.346858
v -0.317286 -0.042512 0.317286
v -0.346858 -0.042512 0.284659
v -0.373089 -0.042512 0.249290
v -0.395727 -0.042512 0.211521
v -0.414554 -0.042512 0.171714
v -0.429389 -0.042512 0.130254
v -0.440089 -0.042512 0.087539
v -0.446550 -0.042512 0.043981
v -0.448710 -0.042512 0.000000
v -0.446550 -0.042512 -0.043981
v -0.440089 -0.042512 -0.087539
v -0.429389 -0.042512 -0.130254
v -0.414554 -0.042512 -0.171714
v -0.395727 -0.042512 -0.211521
v -0.373089 -0.042512 -0.249290
v -0.346858 -0.042512 -0.284659
v -0.317286 -0.042512 -0.317286
v -0.284659 -0.042512 -0.346858
v -0.249290 -0.042512 -0.373089
v -0.211521 -0.042512 -0.395727
v -0.171714 -0.042512 -0.414554
v -0.130254 -0.042512 -0.429389
v -0.087539 -0.042512 -0.440089
v -0.043981 -0.042512 -0.446550
v 0.000000 -0.042512 -0.448710
v 0.043981 -0.042512 -0.446550
v 0.087539 -0.042512 -0.440089
v 0.130254 -0.042512 -0.429389
v 0.171714 -0.042512 -0.414554
v 0.211521 -0.042512 -0.395727
v 0.249290 -0.042512 -0.373089
v 0.284659 -0.042512 -0.346858
v 0.317286 -0.042512 -0.317286
v 0.346858 -0.042512 -0.284659
v 0.373089 -0.042512 -0.249290
v 0.395727 -0.042512 -0.211521
v 0.414554 -0.042512 -0.171714
v 0.429389 -0.042512 -0.130254
v 0.440089 -0.042512 -0.087539
v 0.446550 -0.042512 -0.043981
v 0.448710 -0.042512 0.000000
v 0.451272 -0.084842 0.000000
v 0.449099 -0.084842 0.044232
v 0.442601 -0.084842 0.088039
v 0.431840 -0.084842 0.130997
v 0.416921 -0.084842 0.172694
v 0.397986 -0.084842 0.212728
v 0.375219 -0.084842 0.250713
v 0.348838 -0.084842 0.286284
v 0.319097 -0.084842 0.319097
v 0.286284 -0.084842 0.348838
v 0.250713 -0.084842 0.375219
v 0.212728 -0.084842 0.397986
v 0.172694 -0.084842 0.416921
v 0.130997 -0.084842 0.431840
v 0.088039 -0.084842 0.442601
v 0.044232 -0.084842 0.449099
v 0.000000 -0.084842 0.451272
v -0.044232 -0.084842 0.449099
v -0.088039 -0.084842 0.442601
v -0.130997 -0.084842 0.431840
v -0.172694 -0.084842 0.416921
v -0.212728 -0.084842 0.397986
v -0.250713 -0.084842 0.375219
v -0.286284 -0.084842 0.348838
v -0.319097 -0.084842 0.319097
v -0.348838 -0.084842 0.286284
v -0.375219 -0.084842 0.250713
v -0.397986 -0.084842 0.212728
v -0.416921 -0.084842 0.172694
v -0.431840 -0.084842 0.130997
v -0.442601 -0.084842 0.088039
v -0.449099 -0.084842 0.044232
v -0.451272 -0.084842 0.000000
v -0.449099 -0.084842 -0.044232
v -0.442601 -0.084842 -0.088039
v -0.431840 -0.084842 -0.130997
v -0.416921 -0.084842 -0.172694
v -0.397986 -0.084842 -0.212728
v -0.375219 -0.084842 -0.250713
v -0.348838 -0.084842 -0.286284
v -0.319097 -0.084842 -0.319097
v -0.286284 -0.084842 -0.348838
v -0.250713 -0.084842 -0.375219
v -0.212728 -0.084842 -0.397986
v -0.172694 -0.084842 -0.416921
v -0.130997 -0.084842 -0.431840
v -0.088039 -0.084842 -0.442601
v -0.044232 -0.084842 -0.449099
v 0.000000 -0.084842 -0.451272
v 0.044232 -0.084842 -0.449099
v 0.088039 -0.084842 -0.442601
v 0.130997 -0.084842 -0.431840
v 0.172694 -0.084842 -0.416921
v 0.212728 -0.084842 -0.397986
v 0.250713 -0.084842 -0.375219
v 0.286284 -0.084842 -0.348838
v 0.319097 -0.084842 -0.319097
v 0.348838 -0.084842 -0.286284
v 0.375219 -0.084842 -0.250713
v 0.397986 -0.084842 -0.212728
v 0.416921 -0.084842 -0.172694
v 0.431840 -0.084842 -0.130997
v 0.442601 -0.084842 -0.088039
v 0.449099 -0.084842 -0.044232
v 0.451272 -0.084842 0.000000
v 0.451527 -0.126809 0.000000
v 0.449352 -0.126809 0.044257
v 0.442851 -0.126809 0.088088
v 0.432084 -0.126809 0.131071
v 0.417156 -0.126809 0.172792
v 0.398211 -0.126809 0.212848
v 0.375431 -0.126809 0.250855
v 0.349035 -0.126809 0.286445
v 0.319278 -0.126809 0.319278
v 0.286445 -0.126809 0.349035
v 0.250855 -0.126809 0.375431
v 0.212848 -0.126809 0.398211
v 0.172792 -0.126809 0.417156
v 0.131071 -0.126809 0.432084
v 0.088088 -0.126809 0.442851
v 0.044257 -0.126809 0.449352
v 0.000000 -0.126809 0.451527
v -0.044257 -0.126809 0.449352
v -0.088088 -0.126809 0.442851
v -0.131071 -0.126809 0.432084
v -0.172792 -0.126809 0.417156
v -0.212848 -0.126809 0.398211
v -0.250855 -0.126809 0.375431
v -0.286445 -0.126809 0.349035
v -0.319278 -0.126809 0.319278
v -0.349035 -0.126809 0.286445
v -0.375431 -0.126809 0.250855
v -0.398211 -0.126809 0.212848
v -0.417156 -0.126809 0.172792
v -0.432084 -0.126809 0.131071
v -0.442851 -0.126809 0.088088
v -0.449352 -0.126809 0.044257
v -0.451527 -0.126809 0.000000
v -0.449352 -0.126809 -0.044257
v -0.442851 -0.126809 -0.088088
v -0.432084 -0.126809 -0.131071
v -0.417156 -0.126809 -0.172792
v -0.398211 -0.126809 -0.212848
v -0.375431 -0.126809 -0.250855
v -0.349035 -0.126809 -0.286445
v -0.319278 -0.126809 -0.319278
v -0.286445 -0.126809 -0.349035
v -0.250855 -0.126809 -0.375431
v -0.212848 -0.126809 -0.398211
v -0.172792 -0.126809 -0.417156
v -0.131071 -0.126809 -0.432084
v -0.088088 -0.126809 -0.442851
v -0.044257 -0.126809 -0.449352
v 0.000000 -0.126809 -0.451527
v 0.044257 -0.126809 -0.449352
v 0.088088 -0.126809 -0.442851
v 0.131071 -0.126809 -0.432084
v 0.172792 -0.126809 -0.417156
v 0.212848 -0.126809 -0.398211
v 0.250855 -0.126809 -0.375431
v 0.286445 -0.126809 -0.349035
v 0.319278 -0.126809 -0.319278
v 0.349035 -0.126809 -0.286445
v 0.375431 -0.126809 -0.250855
v 0.398211 -0.126809 -0.212848
v 0.417156 -0.126809 -0.172792
v 0.432084 -0.126809 -0.131071
v 0.442851 -0.126809 -0.088088
v 0.449352 -0.126809 -0.044257
v 0.451527 -0.126809 0.000000
v 0.449418 -0.168232 0.000000
v 0.447254 -0.168232 0.044051
v 0.440783 -0.168232 0.087677
v 0.430066 -0.168232 0.130459
v 0.415208 -0.168232 0.171985
v 0.396352 -0.168232 0.211854
v 0.373678 -0.168232 0.249683
v 0.347405 -0.168232 0.285108
v 0.317787 -0.168232 0.317787
v 0.285108 -0.168232 0.347405
v 0.249683 -0.168232 0.373678
v 0.211854 -0.168232 0.396352
v 0.171985 -0.168232 0.415208
v 0.130459 -0.168232 0.430066
v 0.087677 -0.168232 0.440783
v 0.044051 -0.168232 0.447254
v 0.000000 -0.168232 0.449418
v -0.044051 -0.168232 0.447254
v -0.087677 -0.168232 0.440783
v -0.130459 -0.168232 0.430066
v -0.171985 -0.168232 0.415208
v -0.211854 -0.168232 0.396352
v -0.249683 -0.168232 0.373678
v -0.285108 -0.168232 0.347405
v -0.317787 -0.168232 0.317787
v -0.347405 -0.168232 0.285108
v -0.373678 -0.168232 0.249683
v -0.396352 -0.168232 0.211854
v -0.415208 -0.168232 0.171985
v -0.430066 -0.168232 0.130459
v -0.440783 -0.168232 0.087677
v -0.447254 -0.168232 0.044051
v -0.449418 -0.168232 0.000000
v -0.447254 -0.168232 -0.044051
v -0.440783 -0.168232 -0.087677
v -0.430066 -0.168232 -0.130459
v -0.415208 -0.168232 -0.171985
v -0.396352 -0.168232 -0.211854
v -0.373678 -0.168232 -0.249683
v -0.347405 -0.168232 -0.285108
v -0.317787 -0.168232 -0.317787
v -0.285108 -0.168232 -0.347405
v -0.249683 -0.168232 -0.373678
v -0.211854 -0.168232 -0.396352
v -0.171985 -0.168232 -0.415208
v -0.130459 -0.168232 -0.430066
v -0.087677 -0.168232 -0.440783
v -0.044051 -0.168232 -0.447254
v 0.000000 -0.168232 -0.449418
v 0.044051 -0.168232 -0.447254
v 0.087677 -0.168232 -0.440783
v 0.130459 -0.168232 -0.430066
v 0.171985 -0.168232 -0.415208
v 0.211854 -0.168232 -0.396352
v 0.249683 -0.168232 -0.373678
v 0.285108 -0.168232 -0.347405
v 0.317787 -0.168232 -0.317787
v 0.347405 -0.168232 -0.285108
v 0.373678 -0.168232 -0.249683
v 0.396352 -0.168232 -0.211854
v 0.415208 -0.168232 -0.171985
v 0.430066 -0.168232 -0.130459
v 0.440783 -0.168232 -0.087677
v 0.447254 -0.168232 -0.044051
v 0.449418 -0.168232 0.000000
v 0.444911 -0.208936 0.000000
v 0.442769 -0.208936 0.043609
v 0.436363 -0.208936 0.086798
v 0.425754 -0.208936 0.129151
v 0.411045 -0.208936 0.170260
v 0.392377 -0.208936 0.209730
v 0.369930 -0.208936 0.247180
v 0.343921 -0.208936 0.282249
v 0.314600 -0.208936 0.314600
v 0.282249 -0.208936 0.343921
v 0.247180 -0.208936 0.369930
v 0.209730 -0.208936 0.392377
v 0.170260 -0.208936 0.411045
v 0.129151 -0.208936 0.425754
v 0.086798 -0.208936 0.436363
v 0.043609 -0.208936 0.442769
v 0.000000 -0.208936 0.444911
v -0.043609 -0.208936 0.442769
v -0.086798 -0.208936 0.436363
v -0.129151 -0.208936 0.425754
v -0.170260 -0.208936 0.411045
v -0.209730 -0.208936 0.392377
v -0.247180 -0.208936 0.369930
v -0.282249 -0.208936 0.343921
v -0.314600 -0.208936 0.314600
v -0.343921 -0.208936 0.282249
v -0.369930 -0.208936 0.247180
v -0.392377 -0.208936 0.209730
v -0.411045 -0.208936 0.170260
v -0.425754 -0.208936 0.129151
v -0.436363 -0.208936 0.086798
v -0.442769 -0.208936 0.043609
v -0.444911 -0.208936 0.000000
v -0.442769 -0.208936 -0.043609
v -0.436363 -0.208936 -0.086798
v -0.425754 -0.208936 -0.129151
v -0.411045 -0.208936 -0.170260
v -0.392377 -0.208936 -0.209730
v -0.369930 -0.208936 -0.247180
v -0.343921 -0.208936 -0.282249
v -0.314600 -0.208936 -0.314600
v -0.282249 -0.208936 -0.343921
v -0.247180 -0.208936 -0.369930
v -0.209730 -0.208936 -0.392377
v -0.170260 -0.208936 -0.411045
v -0.129151 -0.208936 -0.425754
v -0.086798 -0.208936 -0.436363
v -0.043609 -0.208936 -0.442769
v 0.000000 -0.208936 -0.444911
v 0.043609 -0.208936 -0.442769
v 0.086798 -0.208936 -0.436363
v 0.129151 -0.208936 -0.425754
v 0.170260 -0.208936 -0.411045
v 0.209730 -0.208936 -0.392377
v 0.247180 -0.208936 -0.369930
v 0.282249 -0.208936 -0.343921
v 0.314600 -0.208936 -0.314600
v 0.343921 -0.208936 -0.282249
v 0.369930 -0.208936 -0.247180
v 0.392377 -0.208936 -0.209730
v 0.411045 -0.208936 -0.170260
v 0.425754 -0.208936 -0.129151
v 0.436363 -0.208936 -0.086798
v 0.442769 -0.208936 -0.043609
v 0.444911 -0.208936 0.000000
v 0.437994 -0.248744 0.000000
v 0.435885 -0.248744 0.042931
v 0.429578 -0.248744 0.085448
v 0.419134 -0.248744 0.127143
v 0.404654 -0.248744 0.167613
v 0.386276 -0.248744 0.206469
v 0.364179 -0.248744 0.243336
v 0.338574 -0.248744 0.277860
v 0.309709 -0.248744 0.309709
v 0.277860 -0.248744 0.338574
v 0.243336 -0.248744 0.364179
v 0.206469 -0.248744 0.386276
v 0.167613 -0.248744 0.404654
v 0.127143 -0.248744 0.419134
v 0.085448 -0.248744 0.429578
v 0.042931 -0.248744 0.435885
v 0.000000 -0.248744 0.437994
v -0.042931 -0.248744 0.435885
v -0.085448 -0.248744 0.429578
v -0.127143 -0.248744 0.419134
v -0.167613 -0.248744 0.404654
v -0.206469 -0.248744 0.386276
v -0.243336 -0.248744 0.364179
v -0.277860 -0.248744 0.338574
v -0.309709 -0.248744 0.309709
v -0.338574 -0.248744 0.277860
v -0.364179 -0.248744 0.243336
v -0.386276 -0.248744 0.206469
v -0.404654 -0.248744 0.167613
v -0.419134 -0.248744 0.127143
v -0.429578 -0.248744 0.085448
v -0.435885 -0.248744 0.042931
v -0.437994 -0.248744 0.000000
v -0.435885 -0.248744 -0.042931
v -0.429578 -0.248744 -0.085448
v -0.419134 -0.248744 -0.127143
v -0.404654 -0.248744 -0.167613
v -0.386276 -0.248744 -0.206469
v -0.364179 -0.248744 -0.243336
v -0.338574 -0.248744 -0.277860
v -0.309709 -0.248744 -0.309709
v -0.277860 -0.248744 -0.338574
v -0.243336 -0.248744 -0.364179
v -0.206469 -0.248744 -0.386276
v -0.167613 -0.248744 -0.404654
v -0.127143 -0.248744 -0.419134
v -0.085448 -0.248744 -0.429578
v -0.042931 -0.248744 -0.435885
v 0.000000 -0.248744 -0.437994
v 0.042931 -0.248744 -0.435885
v 0.085448 -0.248744 -0.429578
v 0.127143 -0.248744 -0.419134
v 0.167613 -0.248744 -0.404654
v 0.206469 -0.248744 -0.386276
v 0.243336 -0.248744 -0.364179
v 0.277860 -0.248744 -0.338574
v 0.309709 -0.248744 -0.309709
v 0.338574 -0.248744 -0.277860
v 0.364179 -0.248744 -0.243336
v 0.386276 -0.248744 -0.206469
v 0.404654 -0.248744 -0.167613
v 0.419134 -0.248744 -0.127143
v 0.429578 -0.248744 -0.085448
v 0.435885 -0.248744 -0.042931
v 0.437994 -0.248744 0.000000
v 0.428676 -0.287488 0.000000
v 0.426612 -0.287488 0.042018
v 0.420439 -0.287488 0.083631
v 0.410218 -0.287488 0.124438
v 0.396045 -0.287488 0.164047
v 0.378059 -0.287488 0.202077
v 0.356431 -0.287488 0.238160
v 0.331371 -0.287488 0.271949
v 0.303120 -0.287488 0.303120
v 0.271949 -0.287488 0.331371
v 0.238160 -0.287488 0.356431
v 0.202077 -0.287488 0.378059
v 0.164047 -0.287488 0.396045
v 0.124438 -0.287488 0.410218
v 0.083631 -0.287488 0.420439
v 0.042018 -0.287488 0.426612
v 0.000000 -0.287488 0.428676
v -0.042018 -0.287488 0.426612
v -0.083631 -0.287488 0.420439
v -0.124438 -0.287488 0.410218
v -0.164047 -0.287488 0.396045
v -0.202077 -0.287488 0.378059
v -0.238160 -0.287488 0.356431
v -0.271949 -0.287488 0.331371
v -0.303120 -0.287488 0.303120
v -0.331371 -0.287488 0.271949
v -0.356431 -0.287488 0.238160
v -0.378059 -0.287488 0.202077
v -0.396045 -0.287488 0.164047
v -0.410218 -0.287488 0.124438
v -0.420439 -0.287488 0.083631
v -0.426612 -0.287488 0.042018
v -0.428676 -0.287488 0.000000
v -0.426612 -0.287488 -0.042018
v -0.420439 -0.287488 -0.083631
v -0.410218 -0.287488 -0.124438
v -0.396045 -0.287488 -0.164047
v -0.378059 -0.287488 -0.202077
v -0.356431 -0.287488 -0.238160
v -0.331371 -0.287488 -0.271949
v -0.303120 -0.287488 -0.303120
v -0.271949 -0.287488 -0.331371
v -0.238160 -0.287488 -0.356431
v -0.202077 -0.287488 -0.378059
v -0.164047 -0.287488 -0.396045
v -0.124438 -0.287488 -0.410218
v -0.083631 -0.287488 -0.420439
v -0.042018 -0.287488 -0.426612
v 0.000000 -0.287488 -0.428676
v 0.042018 -0.287488 -0.426612
v 0.083631 -0.287488 -0.420439
v 0.124438 -0.287488 -0.410218
v 0.164047 -0.287488 -0.396045
v 0.202077 -0.287488 -0.378059
v 0.238160 -0.287488 -0.356431
v 0.271949 -0.287488 -0.331371
v 0.303120 -0.287488 -0.303120
v 0.331371 -0.287488 -0.271949
v 0.356431 -0.287488 -0.238160
v 0.378059 -0.287488 -0.202077
v 0.396045 -0.287488 -0.164047
v 0.410218 -0.287488 -0.124438
v 0.420439 -0.287488 -0.083631
v 0.426612 -0.287488 -0.042018
v 0.428676 -0.287488 0.000000
v 0.416992 -0.325000 0.000000
v 0.414984 -0.325000 0.040872
v 0.408980 -0.325000 0.081351
v 0.399036 -0.325000 0.121046
v 0.385250 -0.325000 0.159576
v 0.367754 -0.325000 0.196569
v 0.346716 -0.325000 0.231668
v 0.322339 -0.325000 0.264537
v 0.294858 -0.325000 0.294858
v 0.264537 -0.325000 0.322339
v 0.231668 -0.325000 0.346716
v 0.196569 -0.325000 0.367754
v 0.159576 -0.325000 0.385250
v 0.121046 -0.325000 0.399036
v 0.081351 -0.325000 0.408980
v 0.040872 -0.325000 0.414984
v 0.000000 -0.325000 0.416992
v -0.040872 -0.325000 0.414984
v -0.081351 -0.325000 0.408980
v -0.121046 -0.325000 0.399036
v -0.159576 -0.325000 0.385250
v -0.196569 -0.325000 0.367754
v -0.231668 -0.325000 0.346716
v -0.264537 -0.325000 0.322339
v -0.294858 -0.325000 0.294858
v -0.322339 -0.325000 0.264537
v -0.346716 -0.325000 0.231668
v -0.367754 -0.325000 0.196569
v -0.385250 -0.325000 0.159576
v -0.399036 -0.325000 0.121046
v -0.408980 -0.325000 0.081351
v -0.414984 -0.325000 0.040872
v -0.416992 -0.325000 0.000000
v -0.414984 -0.325000 -0.040872
v -0.408980 -0.325000 -0.081351
v -0.399036 -0.325000 -0.121046
v -0.385250 -0.325000 -0.159576
v -0.367754 -0.325000 -0.196569
v -0.346716 -0.325000 -0.231668
v -0.322339 -0.325000 -0.264537
v -0.294858 -0.325000 -0.294858
v -0.264537 -0.325000 -0.322339
v -0.231668 -0.325000 -0.346716
v -0.196569 -0.325000 -0.367754
v -0.159576 -0.325000 -0.385250
v -0.121046 -0.325000 -0.399036
v -0.081351 -0.325000 -0.408980
v -0.040872 -0.325000 -0.414984
v 0.000000 -0.325000 -0.416992
v 0.040872 -0.325000 -0.414984
v 0.081351 -0.325000 -0.408980
v 0.121046 -0.325000 -0.399036
v 0.159576 -0.325000 -0.385250
v 0.196569 -0.325000 -0.367754
v 0.231668 -0.325000 -0.346716
v 0.264537 -0.325000 -0.322339
v 0.294858 -0.325000 -0.294858
v 0.322339 -0.325000 -0.264537
v 0.346716 -0.325000 -0.231668
v 0.367754 -0.325000 -0.196569
v 0.385250 -0.325000 -0.159576
v 0.399036 -0.325000 -0.121046
v 0.408980 -0.325000 -0.081351
v 0.414984 -0.325000 -0.040872
v 0.416992 -0.325000 0.000000
v 0.402996 -0.361121 0.000000
v 0.401055 -0.361121 0.039501
v 0.395252 -0.361121 0.078621
v 0.385643 -0.361121 0.116984
v 0.372320 -0.361121 0.154220
v 0.355411 -0.361121 0.189971
v 0.335079 -0.361121 0.223893
v 0.311520 -0.361121 0.255658
v 0.284961 -0.361121 0.284961
v 0.255658 -0.361121 0.311520
v 0.223893 -0.361121 0.335079
v 0.189971 -0.361121 0.355411
v 0.154220 -0.361121 0.372320
v 0.116984 -0.361121 0.385643
v 0.078621 -0.361121 0.395252
v 0.039501 -0.361121 0.401055
v 0.000000 -0.361121 0.402996
v -0.039501 -0.361121 0.401055
v -0.078621 -0.361121 0.395252
v -0.116984 -0.361121 0.385643
v -0.154220 -0.361121 0.372320
v -0.189971 -0.361121 0.355411
v -0.223893 -0.361121 0.335079
v -0.255658 -0.361121 0.311520
v -0.284961 -0.361121 0.284961
v -0.311520 -0.361121 0.255658
v -0.335079 -0.361121 0.223893
v -0.355411 -0.361121 0.189971
v -0.372320 -0.361121 0.154220
v -0.385643 -0.361121 0.116984
v -0.395252 -0.361121 0.078621
v -0.401055 -0.361121 0.039501
v -0.402996 -0.361121 0.000000
v -0.401055 -0.361121 -0.039501
v -0.395252 -0.361121 -0.078621
v -0.385643 -0.361121 -0.116984
v -0.372320 -0.361121 -0.154220
v -0.355411 -0.361121 -0.189971
v -0.335079 -0.361121 -0.223893
v -0.311520 -0.361121 -0.255658
v -0.284961 -0.361121 -0.284961
v -0.255658 -0.361121 -0.311520
v -0.223893 -0.361121 -0.335079
v -0.189971 -0.361121 -0.355411
v -0.154220 -0.361121 -0.372320
v -0.116984 -0.361121 -0.385643
v -0.078621 -0.361121 -0.395252
v -0.039501 -0.361121 -0.401055
v 0.000000 -0.361121 -0.402996
v 0.039501 -0.361121 -0.401055
v 0.078621 -0.361121 -0.395252
v 0.116984 -0.361121 -0.385643
v 0.154220 -0.361121 -0.372320
v 0.189971 -0.361121 -0.355411
v 0.223893 -0.361121 -0.335079
v 0.255658 -0.361121 -0.311520
v 0.284961 -0.361121 -0.284961
v 0.311520 -0.361121 -0.255658
v 0.335079 -0.361121 -0.223893
v 0.355411 -0.361121 -0.189971
v 0.372320 -0.361121 -0.154220
v 0.385643 -0.361121 -0.116984
v 0.395252 -0.361121 -0.078621
v 0.401055 -0.361121 -0.039501
v 0.402996 -0.361121 0.000000
v 0.386764 -0.395695 0.000000
v 0.384902 -0.395695 0.037910
v 0.379333 -0.395695 0.075454
v 0.370110 -0.395695 0.112272
v 0.357324 -0.395695 0.148008
v 0.341096 -0.395695 0.182319
v 0.321583 -0.395695 0.214875
v 0.298973 -0.395695 0.245361
v 0.273484 -0.395695 0.273484
v 0.245361 -0.395695 0.298973
v 0.214875 -0.395695 0.321583
v 0.182319 -0.395695 0.341096
v 0.148008 -0.395695 0.357324
v 0.112272 -0.395695 0.370110
v 0.075454 -0.395695 0.379333
v 0.037910 -0.395695 0.384902
v 0.000000 -0.395695 0.386764
v -0.037910 -0.395695 0.384902
v -0.075454 -0.395695 0.379333
v -0.112272 -0.395695 0.370110
v -0.148008 -0.395695 0.357324
v -0.182319 -0.395695 0.341096
v -0.214875 -0.395695 0.321583
v -0.245361 -0.395695 0.298973
v -0.273484 -0.395695 0.273484
v -0.298973 -0.395695 0.245361
v -0.321583 -0.395695 0.214875
v -0.341096 -0.395695 0.182319
v -0.357324 -0.395695 0.148008
v -0.370110 -0.395695 0.112272
v -0.379333 -0.395695 0.075454
v -0.384902 -0.395695 0.037910
v -0.386764 -0.395695 0.000000
v -0.384902 -0.395695 -0.037910
v -0.379333 -0.395695 -0.075454
v -0.370110 -0.395695 -0.112272
v -0.357324 -0.395695 -0.148008
v -0.341096 -0.395695 -0.182319
v -0.321583 -0.395695 -0.214875
v -0.298973 -0.395695 -0.245361
v -0.273484 -0.395695 -0.273484
v -0.245361 -0.395695 -0.298973
v -0.214875 -0.395695 -0.321583
v -0.182319 -0.395695 -0.341096
v -0.148008 -0.395695 -0.357324
v -0.112272 -0.395695 -0.370110
v -0.075454 -0.395695 -0.379333
v -0.037910 -0.395695 -0.384902
v 0.000000 -0.395695 -0.386764
v 0.037910 -0.395695 -0.384902
v 0.075454 -0.395695 -0.379333
v 0.112272 -0.395695 -0.370110
v 0.148008 -0.395695 -0.357324
v 0.182319 -0.395695 -0.341096
v 0.214875 -0.395695 -0.321583
v 0.245361 -0.395695 -0.298973
v 0.273484 -0.395695 -0.273484
v 0.298973 -0.395695 -0.245361
v 0.321583 -0.395695 -0.214875
v 0.341096 -0.395695 -0.182319
v 0.357324 -0.395695 -0.148008
v 0.370110 -0.395695 -0.112272
v 0.379333 -0.395695 -0.075454
v 0.384902 -0.395695 -0.037910
v 0.386764 -0.395695 0.000000
v 0.368393 -0.428575 0.000000
v 0.366619 -0.428575 0.036109
v 0.361314 -0.428575 0.071870
v 0.352530 -0.428575 0.106939
v 0.340351 -0.428575 0.140978
v 0.324893 -0.428575 0.173659
v 0.306307 -0.428575 0.204668
v 0.284771 -0.428575 0.233706
v 0.260493 -0.428575 0.260493
v 0.233706 -0.428575 0.284771
v 0.204668 -0.428575 0.306307
v 0.173659 -0.428575 0.324893
v 0.140978 -0.428575 0.340351
v 0.106939 -0.428575 0.352530
v 0.071870 -0.428575 0.361314
v 0.036109 -0.428575 0.366619
v 0.000000 -0.428575 0.368393
v -0.036109 -0.428575 0.366619
v -0.071870 -0.428575 0.361314
v -0.106939 -0.428575 0.352530
v -0.140978 -0.428575 0.340351
v -0.173659 -0.428575 0.324893
v -0.204668 -0.428575 0.306307
v -0.233706 -0.428575 0.284771
v -0.260493 -0.428575 0.260493
v -0.284771 -0.428575 0.233706
v -0.306307 -0.428575 0.204668
v -0.324893 -0.428575 0.173659
v -0.340351 -0.428575 0.140978
v -0.352530 -0.428575 0.106939
v -0.361314 -0.428575 0.071870
v -0.366619 -0.428575 0.036109
v -0.368393 -0.428575 0.000000
v -0.366619 -0.428575 -0.036109
v -0.361314 -0.428575 -0.071870
v -0.352530 -0.428575 -0.106939
v -0.340351 -0.428575 -0.140978
v -0.324893 -0.428575 -0.173659
v -0.306307 -0.428575 -0.204668
v -0.284771 -0.428575 -0.233706
v -0.260493 -0.428575 -0.260493
v -0.233706 -0.428575 -0.284771
v -0.204668 -0.428575 -0.306307
v -0.173659 -0.428575 -0.324893
v -0.140978 -0.428575 -0.340351
v -0.106939 -0.428575 -0.352530
v -0.071870 -0.428575 -0.361314
v -0.036109 -0.428575 -0.366619
v 0.000000 -0.428575 -0.368393
v 0.036109 -0.428575 -0.366619
v 0.071870 -0.428575 -0.361314
v 0.106939 -0.428575 -0.352530
v 0.140978 -0.428575 -0.340351
v 0.173659 -0.428575 -0.324893
v 0.204668 -0.428575 -0.306307
v 0.233706 -0.428575 -0.284771
v 0.260493 -0.428575 -0.260493
v 0.284771 -0.428575 -0.233706
v 0.306307 -0.428575 -0.204668
v 0.324893 -0.428575 -0.173659
v 0.340351 -0.428575 -0.140978
v 0.352530 -0.428575 -0.106939
v 0.361314 -0.428575 -0.071870
v 0.366619 -0.428575 -0.036109
v 0.368393 -0.428575 0.000000
v 0.347994 -0.459619 0.000000
v 0.346318 -0.459619 0.034109
v 0.341307 -0.459619 0.067890
v 0.333010 -0.459619 0.101017
v 0.321505 -0.459619 0.133172
v 0.306903 -0.459619 0.164043
v 0.289347 -0.459619 0.193335
v 0.269003 -0.459619 0.220765
v 0.246069 -0.459619 0.246069
v 0.220765 -0.459619 0.269003
v 0.193335 -0.459619 0.289347
v 0.164043 -0.459619 0.306903
v 0.133172 -0.459619 0.321505
v 0.101017 -0.459619 0.333010
v 0.067890 -0.459619 0.341307
v 0.034109 -0.459619 0.346318
v 0.000000 -0.459619 0.347994
v -0.034109 -0.459619 0.346318
v -0.067890 -0.459619 0.341307
v -0.101017 -0.459619 0.333010
v -0.133172 -0.459619 0.321505
v -0.164043 -0.459619 0.306903
v -0.193335 -0.459619 0.289347
v -0.220765 -0.459619 0.269003
v -0.246069 -0.459619 0.246069
v -0.269003 -0.459619 0.220765
v -0.289347 -0.459619 0.193335
v -0.306903 -0.459619 0.164043
v -0.321505 -0.459619 0.133172
v -0.333010 -0.459619 0.101017
v -0.341307 -0.459619 0.067890
v -0.346318 -0.459619 0.034109
v -0.347994 -0.459619 0.000000
v -0.346318 -0.459619 -0.034109
v -0.341307 -0.459619 -0.067890
v -0.333010 -0.459619 -0.101017
v -0.321505 -0.459619 -0.133172
v -0.306903 -0.459619 -0.164043
v -0.289347 -0.459619 -0.193335
v -0.269003 -0.459619 -0.220765
v -0.246069 -0.459619 -0.246069
v -0.220765 -0.459619 -0.269003
v -0.193335 -0.459619 -0.289347
v -0.164043 -0.459619 -0.306903
v -0.133172 -0.459619 -0.321505
v -0.101017 -0.459619 -0.333010
v -0.067890 -0.459619 -0.341307
v -0.034109 -0.459619 -0.346318
v 0.000000 -0.459619 -0.347994
v 0.034109 -0.459619 -0.346318
v 0.067890 -0.459619 -0.341307
v 0.101017 -0.459619 -0.333010
v 0.133172 -0.459619 -0.321505
v 0.164043 -0.459619 -0.306903
v 0.193335 -0.459619 -0.289347
v 0.220765 -0.459619 -0.269003
v 0.246069 -0.459619 -0.246069
v 0.269003 -0.459619 -0.220765
v 0.289347 -0.459619 -0.193335
v 0.306903 -0.459619 -0.164043
v 0.321505 -0.459619 -0.133172
v 0.333010 -0.459619 -0.101017
v 0.341307 -0.459619 -0.067890
v 0.346318 -0.459619 -0.034109
v 0.347994 -0.459619 0.000000
v 0.325697 -0.488696 0.000000
v 0.324128 -0.488696 0.031924
v 0.319438 -0.488696 0.063540
v 0.311672 -0.488696 0.094545
v 0.300904 -0.488696 0.124639
v 0.287239 -0.488696 0.153532
v 0.270807 -0.488696 0.180947
v 0.251767 -0.488696 0.206620
v 0.230302 -0.488696 0.230302
v 0.206620 -0.488696 0.251767
v 0.180947 -0.488696 0.270807
v 0.153532 -0.488696 0.287239
v 0.124639 -0.488696 0.300904
v 0.094545 -0.488696 0.311672
v 0.063540 -0.488696 0.319438
v 0.031924 -0.488696 0.324128
v 0.000000 -0.488696 0.325697
v -0.031924 -0.488696 0.324128
v -0.063540 -0.488696 0.319438
v -0.094545 -0.488696 0.311672
v -0.124639 -0.488696 0.300904
v -0.153532 -0.488696 0.287239
v -0.180947 -0.488696 0.270807
v -0.206620 -0.488696 0.251767
v -0.230302 -0.488696 0.230302
v -0.251767 -0.488696 0.206620
v -0.270807 -0.488696 0.180947
v -0.287239 -0.488696 0.153532
v -0.300904 -0.488696 0.124639
v -0.311672 -0.488696 0.094545
v -0.319438 -0.488696 0.063540
v -0.324128 -0.488696 0.031924
v -0.325697 -0.488696 0.000000
v -0.324128 -0.488696 -0.031924
v -0.319438 -0.488696 -0.063540
v -0.311672 -0.488696 -0.094545
v -0.300904 -0.488696 -0.124639
v -0.287239 -0.488696 -0.153532
v -0.270807 -0.488696 -0.180947
v -0.251767 -0.488696 -0.206620
v -0.230302 -0.488696 -0.230302
v -0.206620 -0.488696 -0.251767
v -0.180947 -0.488696 -0.270807
v -0.153532 -0.488696 -0.287239
v -0.124639 -0.488696 -0.300904
v -0.094545 -0.488696 -0.311672
v -0.063540 -0.488696 -0.319438
v -0.031924 -0.488696 -0.324128
v 0.000000 -0.488696 -0.325697
v 0.031924 -0.488696 -0.324128
v 0.063540 -0.488696 -0.319438
v 0.094545 -0.488696 -0.311672
v 0.124639 -0.488696 -0.300904
v 0.153532 -0.488696 -0.287239
v 0.180947 -0.488696 -0.270807
v 0.206620 -0.488696 -0.251767
v 0.230302 -0.488696 -0.230302
v 0.251767 -0.488696 -0.206620
v 0.270807 -0.488696 -0.180947
v 0.287239 -0.488696 -0.153532
v 0.300904 -0.488696 -0.124639
v 0.311672 -0.488696 -0.094545
v 0.319438 -0.488696 -0.063540
v 0.324128 -0.488696 -0.031924
v 0.325697 -0.488696 0.000000
v 0.301642 -0.515680 0.000000
v 0.300189 -0.515680 0.029566
v 0.295846 -0.515680 0.058847
v 0.288653 -0.515680 0.087562
v 0.278680 -0.515680 0.115433
v 0.266024 -0.515680 0.142193
v 0.250806 -0.515680 0.167583
v 0.233172 -0.515680 0.191359
v 0.213293 -0.515680 0.213293
v 0.191359 -0.515680 0.233172
v 0.167583 -0.515680 0.250806
v 0.142193 -0.515680 0.266024
v 0.115433 -0.515680 0.278680
v 0.087562 -0.515680 0.288653
v 0.058847 -0.515680 0.295846
v 0.029566 -0.515680 0.300189
v 0.000000 -0.515680 0.301642
v -0.029566 -0.515680 0.300189
v -0.058847 -0.515680 0.295846
v -0.087562 -0.515680 0.288653
v -0.115433 -0.515680 0.278680
v -0.142193 -0.515680 0.266024
v -0.167583 -0.515680 0.250806
v -0.191359 -0.515680 0.233172
v -0.213293 -0.515680 0.213293
v -0.233172 -0.515680 0.191359
v -0.250806 -0.515680 0.167583
v -0.266024 -0.515680 0.142193
v -0.278680 -0.515680 0.115433
v -0.288653 -0.515680 0.087562
v -0.295846 -0.515680 0.058847
v -0.300189 -0.515680 0.029566
v -0.301642 -0.515680 0.000000
v -0.300189 -0.515680 -0.029566
v -0.295846 -0.515680 -0.058847
v -0.288653 -0.515680 -0.087562
v -0.278680 -0.515680 -0.115433
v -0.266024 -0.515680 -0.142193
v -0.250806 -0.515680 -0.167583
v -0.233172 -0.515680 -0.191359
v -0.213293 -0.515680 -0.213293
v -0.191359 -0.515680 -0.233172
v -0.167583 -0.515680 -0.250806
v -0.142193 -0.515680 -0.266024
v -0.115433 -0.515680 -0.278680
v -0.087562 -0.515680 -0.288653
v -0.058847 -0.515680 -0.295846
v -0.029566 -0.515680 -0.300189
v 0.000000 -0.515680 -0.301642
v 0.029566 -0.515680 -0.300189
v 0.058847 -0.515680 -0.295846
v 0.087562 -0.515680 -0.288653
v 0.115433 -0.515680 -0.278680
v 0.142193 -0.515680 -0.266024
v 0.167583 -0.515680 -0.250806
v 0.191359 -0.515680 -0.233172
v 0.213293 -0.515680 -0.213293
v 0.233172 -0.515680 -0.191359
v 0.250806 -0.515680 -0.167583
v 0.266024 -0.515680 -0.142193
v 0.278680 -0.515680 -0.115433
v 0.288653 -0.515680 -0.087562
v 0.295846 -0.515680 -0.058847
v 0.300189 -0.515680 -0.029566
v 0.301642 -0.515680 0.000000
v 0.275981 -0.540455 0.000000
v 0.274652 -0.540455 0.027051
v 0.270678 -0.540455 0.053841
v 0.264098 -0.540455 0.080113
v 0.254973 -0.540455 0.105613
v 0.243394 -0.540455 0.130097
v 0.229470 -0.540455 0.153327
v 0.213336 -0.540455 0.175081
v 0.195148 -0.540455 0.195148
v 0.175081 -0.540455 0.213336
v 0.153327 -0.540455 0.229470
v 0.130097 -0.540455 0.243394
v 0.105613 -0.540455 0.254973
v 0.080113 -0.540455 0.264098
v 0.053841 -0.540455 0.270678
v 0.027051 -0.540455 0.274652
v 0.000000 -0.540455 0.275981
v -0.027051 -0.540455 0.274652
v -0.053841 -0.540455 0.270678
v -0.080113 -0.540455 0.264098
v -0.105613 -0.540455 0.254973
v -0.130097 -0.540455 0.243394
v -0.153327 -0.540455 0.229470
v -0.175081 -0.540455 0.213336
v -0.195148 -0.540455 0.195148
v -0.213336 -0.540455 0.175081
v -0.229470 -0.540455 0.153327
v -0.243394 -0.540455 0.130097
v -0.254973 -0.540455 0.105613
v -0.264098 -0.540455 0.080113
v -0.270678 -0.540455 0.053841
v -0.274652 -0.540455 0.027051
v -0.275981 -0.540455 0.000000
v -0.274652 -0.540455 -0.027051
v -0.270678 -0.540455 -0.053841
v -0.264098 -0.540455 -0.080113
v -0.254973 -0.540455 -0.105613
v -0.243394 -0.540455 -0.130097
v -0.229470 -0.540455 -0.153327
v -0.213336 -0.540455 -0.175081
v -0.195148 -0.540455 -0.195148
v -0.175081 -0.540455 -0.213336
v -0.153327 -0.540455 -0.229470
v -0.130097 -0.540455 -0.243394
v -0.105613 -0.540455 -0.254973
v -0.080113 -0.540455 -0.264098
v -0.053841 -0.540455 -0.270678
v -0.027051 -0.540455 -0.274652
v 0.000000 -0.540455 -0.275981
v 0.027051 -0.540455 -0.274652
v 0.053841 -0.540455 -0.270678
v 0.080113 -0.540455 -0.264098
v 0.105613 -0.540455 -0.254973
v 0.130097 -0.540455 -0.243394
v 0.153327 -0.540455 -0.229470
v 0.175081 -0.540455 -0.213336
v 0.195148 -0.540455 -0.195148
v 0.213336 -0.540455 -0.175081
v 0.229470 -0.540455 -0.153327
v 0.243394 -0.540455 -0.130097
v 0.254973 -0.540455 -0.105613
v 0.264098 -0.540455 -0.080113
v 0.270678 -0.540455 -0.053841
v 0.274652 -0.540455 -0.027051
v 0.275981 -0.540455 0.000000
v 0.248875 -0.562917 0.000000
v 0.247677 -0.562917 0.024394
v 0.244093 -0.562917 0.048553
v 0.238159 -0.562917 0.072245
v 0.229931 -0.562917 0.095240
v 0.219488 -0.562917 0.117319
v 0.206932 -0.562917 0.138268
v 0.192383 -0.562917 0.157885
v 0.175981 -0.562917 0.175981
v 0.157885 -0.562917 0.192383
v 0.138268 -0.562917 0.206932
v 0.117319 -0.562917 0.219488
v 0.095240 -0.562917 0.229931
v 0.072245 -0.562917 0.238159
v 0.048553 -0.562917 0.244093
v 0.024394 -0.562917 0.247677
v 0.000000 -0.562917 0.248875
v -0.024394 -0.562917 0.247677
v -0.048553 -0.562917 0.244093
v -0.072245 -0.562917 0.238159
v -0.095240 -0.562917 0.229931
v -0.117319 -0.562917 0.219488
v -0.138268 -0.562917 0.206932
v -0.157885 -0.562917 0.192383
v -0.175981 -0.562917 0.175981
v -0.192383 -0.562917 0.157885
v -0.206932 -0.562917 0.138268
v -0.219488 -0.562917 0.117319
v -0.229931 -0.562917 0.095240
v -0.238159 -0.562917 0.072245
v -0.244093 -0.562917 0.048553
v -0.247677 -0.562917 0.024394
v -0.248875 -0.562917 0.000000
v -0.247677 -0.562917 -0.024394
v -0.244093 -0.562917 -0.048553
v -0.238159 -0.562917 -0.072245
v -0.229931 -0.562917 -0.095240
v -0.219488 -0.562917 -0.117319
v -0.206932 -0.562917 -0.138268
v -0.192383 -0.562917 -0.157885
v -0.175981 -0.562917 -0.175981
v -0.157885 -0.562917 -0.192383
v -0.138268 -0.562917 -0.206932
v -0.117319 -0.562917 -0.219488
v -0.095240 -0.562917 -0.229931
v -0.072245 -0.562917 -0.238159
v -0.048553 -0.562917 -0.244093
v -0.024394 -0.562917 -0.247677
v 0.000000 -0.562917 -0.248875
v 0.024394 -0.562917 -0.247677
v 0.048553 -0.562917 -0.244093
v 0.072245 -0.562917 -0.238159
v 0.095240 -0.562917 -0.229931
v 0.117319 -0.562917 -0.219488
v 0.138268 -0.562917 -0.206932
v 0.157885 -0.562917 -0.192383
v 0.175981 -0.562917 -0.175981
v 0.192383 -0.562917 -0.157885
v 0.206932 -0.562917 -0.138268
v 0.219488 -0.562917 -0.117319
v 0.229931 -0.562917 -0.095240
v 0.238159 -0.562917 -0.072245
v 0.244093 -0.562917 -0.048553
v 0.247677 -0.562917 -0.024394
v 0.248875 -0.562917 0.000000
v 0.220490 -0.582967 0.000000
v 0.219428 -0.582967 0.021612
v 0.216253 -0.582967 0.043015
v 0.210996 -0.582967 0.064005
v 0.203706 -0.582967 0.084378
v 0.194455 -0.582967 0.103938
v 0.183331 -0.582967 0.122498
v 0.170441 -0.582967 0.139877
v 0.155910 -0.582967 0.155910
v 0.139877 -0.582967 0.170441
v 0.122498 -0.582967 0.183331
v 0.103938 -0.582967 0.194455
v 0.084378 -0.582967 0.203706
v 0.064005 -0.582967 0.210996
v 0.043015 -0.582967 0.216253
v 0.021612 -0.582967 0.219428
v 0.000000 -0.582967 0.220490
v -0.021612 -0.582967 0.219428
v -0.043015 -0.582967 0.216253
v -0.064005 -0.582967 0.210996
v -0.084378 -0.582967 0.203706
v -0.103938 -0.582967 0.194455
v -0.122498 -0.582967 0.183331
v -0.139877 -0.582967 0.170441
v -0.155910 -0.582967 0.155910
v -0.170441 -0.582967 0.139877
v -0.183331 -0.582967 0.122498
v -0.194455 -0.582967 0.103938
v -0.203706 -0.582967 0.084378
v -0.210996 -0.582967 0.064005
v -0.216253 -0.582967 0.043015
v -0.219428 -0.582967 0.021612
v -0.220490 -0.582967 0.000000
v -0.219428 -0.582967 -0.021612
v -0.216253 -0.582967 -0.043015
v -0.210996 -0.582967 -0.064005
v -0.203706 -0.582967 -0.084378
v -0.194455 -0.582967 -0.103938
v -0.183331 -0.582967 -0.122498
v -0.170441 -0.582967 -0.139877
v -0.155910 -0.582967 -0.155910
v -0.139877 -0.582967 -0.170441
v -0.122498 -0.582967 -0.183331
v -0.103938 -0.582967 -0.194455
v -0.084378 -0.582967 -0.203706
v -0.064005 -0.582967 -0.210996
v -0.043015 -0.582967 -0.216253
v -0.021612 -0.582967 -0.219428
v 0.000000 -0.582967 -0.220490
v 0.021612 -0.582967 -0.219428
v 0.043015 -0.582967 -0.216253
v 0.064005 -0.582967 -0.210996
v 0.084378 -0.582967 -0.203706
v 0.103938 -0.582967 -0.194455
v 0.122498 -0.582967 -0.183331
v 0.139877 -0.582967 -0.170441
v 0.155910 -0.582967 -0.155910
v 0.170441 -0.582967 -0.139877
v 0.183331 -0.582967 -0.122498
v 0.194455 -0.582967 -0.103938
v 0.203706 -0.582967 -0.084378
v 0.210996 -0.582967 -0.064005
v 0.216253 -0.582967 -0.043015
v 0.219428 -0.582967 -0.021612
v 0.220490 -0.582967 0.000000
v 0.190993 -0.600522 0.000000
v 0.190074 -0.600522 0.018721
v 0.187323 -0.600522 0.037261
v 0.182769 -0.600522 0.055442
v 0.176455 -0.600522 0.073090
v 0.168441 -0.600522 0.090034
v 0.158805 -0.600522 0.106110
v 0.147640 -0.600522 0.121165
v 0.135053 -0.600522 0.135053
v 0.121165 -0.600522 0.147640
v 0.106110 -0.600522 0.158805
v 0.090034 -0.600522 0.168441
v 0.073090 -0.600522 0.176455
v 0.055442 -0.600522 0.182769
v 0.037261 -0.600522 0.187323
v 0.018721 -0.600522 0.190074
v 0.000000 -0.600522 0.190993
v -0.018721 -0.600522 0.190074
v -0.037261 -0.600522 0.187323
v -0.055442 -0.600522 0.182769
v -0.073090 -0.600522 0.176455
v -0.090034 -0.600522 0.168441
v -0.106110 -0.600522 0.158805
v -0.121165 -0.600522 0.147640
v -0.135053 -0.600522 0.135053
v -0.147640 -0.600522 0.121165
v -0.158805 -0.600522 0.106110
v -0.168441 -0.600522 0.090034
v -0.176455 -0.600522 0.073090
v -0.182769 -0.600522 0.055442
v -0.187323 -0.600522 0.037261
v -0.190074 -0.600522 0.018721
v -0.190993 -0.600522 0.000000
v -0.190074 -0.600522 -0.018721
v -0.187323 -0.600522 -0.037261
v -0.182769 -0.600522 -0.055442
v -0.176455 -0.600522 -0.073090
v -0.168441 -0.600522 -0.090034
v -0.158805 -0.600522 -0.106110
v -0.147640 -0.600522 -0.121165
v -0.135053 -0.600522 -0.135053
v -0.121165 -0.600522 -0.147640
v -0.106110 -0.600522 -0.158805
v -0.090034 -0.600522 -0.168441
v -0.073090 -0.600522 -0.176455
v -0.055442 -0.600522 -0.182769
v -0.037261 -0.600522 -0.187323
v -0.018721 -0.600522 -0.190074
v 0.000000 -0.600522 -0.190993
v 0.018721 -0.600522 -0.190074
v 0.037261 -0.600522 -0.187323
v 0.055442 -0.600522 -0.182769
v 0.073090 -0.600522 -0.176455
v 0.090034 -0.600522 -0.168441
v 0.106110 -0.600522 -0.158805
v 0.121165 -0.600522 -0.147640
v 0.135053 -0.600522 -0.135053
v 0.147640 -0.600522 -0.121165
v 0.158805 -0.600522 -0.106110
v 0.168441 -0.600522 -0.090034
v 0.176455 -0.600522 -0.073090
v 0.182769 -0.600522 -0.055442
v 0.187323 -0.600522 -0.037261
v 0.190074 -0.600522 -0.018721
v 0.190993 -0.600522 0.000000
v 0.160555 -0.615505 0.000000
v 0.159782 -0.615505 0.015737
v 0.157470 -0.615505 0.031323
v 0.153642 -0.615505 0.046607
v 0.148334 -0.615505 0.061442
v 0.141597 -0.615505 0.075685
v 0.133497 -0.615505 0.089200
v 0.124111 -0.615505 0.101855
v 0.113530 -0.615505 0.113530
v 0.101855 -0.615505 0.124111
v 0.089200 -0.615505 0.133497
v 0.075685 -0.615505 0.141597
v 0.061442 -0.615505 0.148334
v 0.046607 -0.615505 0.153642
v 0.031323 -0.615505 0.157470
v 0.015737 -0.615505 0.159782
v 0.000000 -0.615505 0.160555
v -0.015737 -0.615505 0.159782
v -0.031323 -0.615505 0.157470
v -0.046607 -0.615505 0.153642
v -0.061442 -0.615505 0.148334
v -0.075685 -0.615505 0.141597
v -0.089200 -0.615505 0.133497
v -0.101855 -0.615505 0.124111
v -0.113530 -0.615505 0.113530
v -0.124111 -0.615505 0.101855
v -0.133497 -0.615505 0.089200
v -0.141597 -0.615505 0.075685
v -0.148334 -0.615505 0.061442
v -0.153642 -0.615505 0.046607
v -0.157470 -0.615505 0.031323
v -0.159782 -0.615505 0.015737
v -0.160555 -0.615505 0.000000
v -0.159782 -0.615505 -0.015737
v -0.157470 -0.615505 -0.031323
v -0.153642 -0.615505 -0.046607
v -0.148334 -0.615505 -0.061442
v -0.141597 -0.615505 -0.075685
v -0.133497 -0.615505 -0.089200
v -0.124111 -0.615505 -0.101855
v -0.113530 -0.615505 -0.113530
v -0.101855 -0.615505 -0.124111
v -0.089200 -0.615505 -0.133497
v -0.075685 -0.615505 -0.141597
v -0.061442 -0.615505 -0.148334
v -0.046607 -0.615505 -0.153642
v -0.031323 -0.615505 -0.157470
v -0.015737 -0.615505 -0.159782
v 0.000000 -0.615505 -0.160555
v 0.015737 -0.615505 -0.159782
v 0.031323 -0.615505 -0.157470
v 0.046607 -0.615505 -0.153642
v 0.061442 -0.615505 -0.148334
v 0.075685 -0.615505 -0.141597
v 0.089200 -0.615505 -0.133497
v 0.101855 -0.615505 -0.124111
v 0.113530 -0.615505 -0.113530
v 0.124111 -0.615505 -0.101855
v 0.133497 -0.615505 -0.089200
v 0.141597 -0.615505 -0.075685
v 0.148334 -0.615505 -0.061442
v 0.153642 -0.615505 -0.046607
v 0.157470 -0.615505 -0.031323
v 0.159782 -0.615505 -0.015737
v 0.160555 -0.615505 0.000000
v 0.129344 -0.627852 0.000000
v 0.128722 -0.627852 0.012678
v 0.126859 -0.627852 0.025234
v 0.123775 -0.627852 0.037547
v 0.119499 -0.627852 0.049498
v 0.114072 -0.627852 0.060973
v 0.107546 -0.627852 0.071860
v 0.099985 -0.627852 0.082055
v 0.091460 -0.627852 0.091460
v 0.082055 -0.627852 0.099985
v 0.071860 -0.627852 0.107546
v 0.060973 -0.627852 0.114072
v 0.049498 -0.627852 0.119499
v 0.037547 -0.627852 0.123775
v 0.025234 -0.627852 0.126859
v 0.012678 -0.627852 0.128722
v 0.000000 -0.627852 0.129344
v -0.012678 -0.627852 0.128722
v -0.025234 -0.627852 0.126859
v -0.037547 -0.627852 0.123775
v -0.049498 -0.627852 0.119499
v -0.060973 -0.627852 0.114072
v -0.071860 -0.627852 0.107546
v -0.082055 -0.627852 0.099985
v -0.091460 -0.627852 0.091460
v -0.099985 -0.627852 0.082055
v -0.107546 -0.627852 0.071860
v -0.114072 -0.627852 0.060973
v -0.119499 -0.627852 0.049498
v -0.123775 -0.627852 0.037547
v -0.126859 -0.627852 0.025234
v -0.128722 -0.627852 0.012678
v -0.129344 -0.627852 0.000000
v -0.128722 -0.627852 -0.012678
v -0.126859 -0.627852 -0.025234
v -0.123775 -0.627852 -0.037547
v -0.119499 -0.627852 -0.049498
v -0.114072 -0.627852 -0.060973
v -0.107546 -0.627852 -0.071860
v -0.099985 -0.627852 -0.082055
v -0.091460 -0.627852 -0.091460
v -0.082055 -0.627852 -0.099985
v -0.071860 -0.627852 -0.107546
v -0.060973 -0.627852 -0.114072
v -0.049498 -0.627852 -0.119499
v -0.037547 -0.627852 -0.123775
v -0.025234 -0.627852 -0.126859
v -0.012678 -0.627852 -0.128722
v 0.000000 -0.627852 -0.129344
v 0.012678 -0.627852 -0.128722
v 0.025234 -0.627852 -0.126859
v 0.037547 -0.627852 -0.123775
v 0.049498 -0.627852 -0.119499
v 0.060973 -0.627852 -0.114072
v 0.071860 -0.627852 -0.107546
v 0.082055 -0.627852 -0.099985
v 0.091460 -0.627852 -0.091460
v 0.099985 -0.627852 -0.082055
v 0.107546 -0.627852 -0.071860
v 0.114072 -0.627852 -0.060973
v 0.119499 -0.627852 -0.049498
v 0.123775 -0.627852 -0.037547
v 0.126859 -0.627852 -0.025234
v 0.128722 -0.627852 -0.012678
v 0.129344 -0.627852 0.000000
v 0.097526 -0.637510 0.000000
v 0.097056 -0.637510 0.009559
v 0.095652 -0.637510 0.019026
v 0.093326 -0.637510 0.028310
v 0.090102 -0.637510 0.037321
v 0.086010 -0.637510 0.045973
v 0.081090 -0.637510 0.054182
v 0.075388 -0.637510 0.061870
v 0.068961 -0.637510 0.068961
v 0.061870 -0.637510 0.075388
v 0.054182 -0.637510 0.081090
v 0.045973 -0.637510 0.086010
v 0.037321 -0.637510 0.090102
v 0.028310 -0.637510 0.093326
v 0.019026 -0.637510 0.095652
v 0.009559 -0.637510 0.097056
v 0.000000 -0.637510 0.097526
v -0.009559 -0.637510 0.097056
v -0.019026 -0.637510 0.095652
v -0.028310 -0.637510 0.093326
v -0.037321 -0.637510 0.090102
v -0.045973 -0.637510 0.086010
v -0.054182 -0.637510 0.081090
v -0.061870 -0.637510 0.075388
v -0.068961 -0.637510 0.068961
v -0.075388 -0.637510 0.061870
v -0.081090 -0.637510 0.054182
v -0.086010 -0.637510 0.045973
v -0.090102 -0.637510 0.037321
v -0.093326 -0.637510 0.028310
v -0.095652 -0.637510 0.019026
v -0.097056 -0.637510 0.009559
v -0.097526 -0.637510 0.000000
v -0.097056 -0.637510 -0.009559
v -0.095652 -0.637510 -0.019026
v -0.093326 -0.637510 -0.028310
v -0.090102 -0.637510 -0.037321
v -0.086010 -0.637510 -0.045973
v -0.081090 -0.637510 -0.054182
v -0.075388 -0.637510 -0.061870
v -0.068961 -0.637510 -0.068961
v -0.061870 -0.637510 -0.075388
v -0.054182 -0.637510 -0.081090
v -0.045973 -0.637510 -0.086010
v -0.037321 -0.637510 -0.090102
v -0.028310 -0.637510 -0.093326
v -0.019026 -0.637510 -0.095652
v -0.009559 -0.637510 -0.097056
v 0.000000 -0.637510 -0.097526
v 0.009559 -0.637510 -0.097056
v 0.019026 -0.637510 -0.095652
v 0.028310 -0.637510 -0.093326
v 0.037321 -0.637510 -0.090102
v 0.045973 -0.637510 -0.086010
v 0.054182 -0.637510 -0.081090
v 0.061870 -0.637510 -0.075388
v 0.068961 -0.637510 -0.068961
v 0.075388 -0.637510 -0.061870
v 0.081090 -0.637510 -0.054182
v 0.086010 -0.637510 -0.045973
v 0.090102 -0.637510 -0.037321
v 0.093326 -0.637510 -0.028310
v 0.095652 -0.637510 -0.019026
v 0.097056 -0.637510 -0.009559
v 0.097526 -0.637510 0.000000
v 0.065259 -0.644439 0.000000
v 0.064945 -0.644439 0.006397
v 0.064006 -0.644439 0.012731
v 0.062449 -0.644439 0.018944
v 0.060292 -0.644439 0.024974
v 0.057554 -0.644439 0.030763
v 0.054261 -0.644439 0.036256
v 0.050446 -0.644439 0.041400
v 0.046145 -0.644439 0.046145
v 0.041400 -0.644439 0.050446
v 0.036256 -0.644439 0.054261
v 0.030763 -0.644439 0.057554
v 0.024974 -0.644439 0.060292
v 0.018944 -0.644439 0.062449
v 0.012731 -0.644439 0.064006
v 0.006397 -0.644439 0.064945
v 0.000000 -0.644439 0.065259
v -0.006397 -0.644439 0.064945
v -0.012731 -0.644439 0.064006
v -0.018944 -0.644439 0.062449
v -0.024974 -0.644439 0.060292
v -0.030763 -0.644439 0.057554
v -0.036256 -0.644439 0.054261
v -0.041400 -0.644439 0.050446
v -0.046145 -0.644439 0.046145
v -0.050446 -0.644439 0.041400
v -0.054261 -0.644439 0.036256
v -0.057554 -0.644439 0.030763
v -0.060292 -0.644439 0.024974
v -0.062449 -0.644439 0.018944
v -0.064006 -0.644439 0.012731
v -0.064945 -0.644439 0.006397
v -0.065259 -0.644439 0.000000
v -0.064945 -0.644439 -0.006397
v -0.064006 -0.644439 -0.012731
v -0.062449 -0.644439 -0.018944
v -0.060292 -0.644439 -0.024974
v -0.057554 -0.644439 -0.030763
v -0.054261 -0.644439 -0.036256
v -0.050446 -0.644439 -0.041400
v -0.046145 -0.644439 -0.046145
v -0.041400 -0.644439 -0.050446
v -0.036256 -0.644439 -0.054261
v -0.030763 -0.644439 -0.057554
v -0.024974 -0.644439 -0.060292
v -0.018944 -0.644439 -0.062449
v -0.012731 -0.644439 -0.064006
v -0.006397 -0.644439 -0.064945
v 0.000000 -0.644439 -0.065259
v 0.006397 -0.644439 -0.064945
v 0.012731 -0.644439 -0.064006
v 0.018944 -0.644439 -0.062449
v 0.024974 -0.644439 -0.060292
v 0.030763 -0.644439 -0.057554
v 0.036256 -0.644439 -0.054261
v 0.041400 -0.644439 -0.050446
v 0.046145 -0.644439 -0.046145
v 0.050446 -0.644439 -0.041400
v 0.054261 -0.644439 -0.036256
v 0.057554 -0.644439 -0.030763
v 0.060292 -0.644439 -0.024974
v 0.062449 -0.644439 -0.018944
v 0.064006 -0.644439 -0.012731
v 0.064945 -0.644439 -0.006397
v 0.065259 -0.644439 0.000000
v 0.032701 -0.648608 0.000000
v 0.032544 -0.648608 0.003205
v 0.032073 -0.648608 0.006380
v 0.031293 -0.648608 0.009493
v 0.030212 -0.648608 0.012514
v 0.028840 -0.648608 0.015415
v 0.027190 -0.648608 0.018168
v 0.025278 -0.648608 0.020746
v 0.023123 -0.648608 0.023123
v 0.020746 -0.648608 0.025278
v 0.018168 -0.648608 0.027190
v 0.015415 -0.648608 0.028840
v 0.012514 -0.648608 0.030212
v 0.009493 -0.648608 0.031293
v 0.006380 -0.648608 0.032073
v 0.003205 -0.648608 0.032544
v 0.000000 -0.648608 0.032701
v -0.003205 -0.648608 0.032544
v -0.006380 -0.648608 0.032073
v -0.009493 -0.648608 0.031293
v -0.012514 -0.648608 0.030212
v -0.015415 -0.648608 0.028840
v -0.018168 -0.648608 0.027190
v -0.020746 -0.648608 0.025278
v -0.023123 -0.648608 0.023123
v -0.025278 -0.648608 0.020746
v -0.027190 -0.648608 0.018168
v -0.028840 -0.648608 0.015415
v -0.030212 -0.648608 0.012514
v -0.031293 -0.648608 0.009493
v -0.032073 -0.648608 0.006380
v -0.032544 -0.648608 0.003205
v -0.032701 -0.648608 0.000000
v -0.032544 -0.648608 -0.003205
v -0.032073 -0.648608 -0.006380
v -0.031293 -0.648608 -0.009493
v -0.030212 -0.648608 -0.012514
v -0.028840 -0.648608 -0.015415
v -0.027190 -0.648608 -0.018168
v -0.025278 -0.648608 -0.020746
v -0.023123 -0.648608 -0.023123
v -0.020746 -0.648608 -0.025278
v -0.018168 -0.648608 -0.027190
v -0.015415 -0.648608 -0.028840
v -0.012514 -0.648608 -0.030212
v -0.009493 -0.648608 -0.031293
v -0.006380 -0.648608 -0.032073
v -0.003205 -0.648608 -0.032544
v 0.000000 -0.648608 -0.032701
v 0.003205 -0.648608 -0.032544
v 0.006380 -0.648608 -0.032073
v 0.009493 -0.648608 -0.031293
v 0.012514 -0.648608 -0.030212
v 0.015415 -0.648608 -0.028840
v 0.018168 -0.648608 -0.027190
v 0.020746 -0.648608 -0.025278
v 0.023123 -0.648608 -0.023123
v 0.025278 -0.648608 -0.020746
v 0.027190 -0.648608 -0.018168
v 0.028840 -0.648608 -0.015415
v 0.030212 -0.648608 -0.012514
v 0.031293 -0.648608 -0.009493
v 0.032073 -0.648608 -0.006380
v 0.032544 -0.648608 -0.003205
v 0.032701 -0.648608 0.000000
v 0.000000 -0.650000 0.000000
v 0.000000 -0.650000 0.000000
v 0.000000 -0.650000 0.000000
v 0.000000 -0.650000 0.000000
v 0.000000 -0.650000 0.000000
v 0.000000 -0.650000 0.000000
v 0.000000 -0.650000 0.000000
v 0.000000 -0.650000 0.000000
v 0.000000 -0.650000 0.000000
v 0.000000 -0.650000 0.000000
v 0.000000 -0.650000 0.000000
v 0.000000 -0.650000 0.000000
v 0.000000 -0.650000 0.000000
v 0.000000 -0.650000 0.000000
v 0.000000 -0.650000 0.000000
v 0.000000 -0.650000 0.000000
v 0.000000 -0.650000 0.000000
v 0.000000 -0.650000 0.000000
v 0.000000 -0.650000 0.000000
v 0.000000 -0.650000 0.000000
v 0.000000 -0.650000 0.000000
v 0.000000 -0.650000 0.000000
v 0.000000 -0.650000 0.000000
v 0.000000 -0.650000 0.000000
v 0.000000 -0.650000 0.000000
v 0.000000 -0.650000 0.000000
v 0.000000 -0.650000 0.000000
v 0.000000 -0.650000 0.000000
v 0.000000 -0.650000 0.000000
v 0.000000 -0.650000 0.000000
v 0.000000 -0.650000 0.000000
v 0.000000 -0.650000 0.000000
v 0.000000 -0.650000 0.000000
v 0.000000 -0.650000 0.000000
v 0.000000 -0.650000 0.000000
v 0.000000 -0.650000 0.000000
v 0.000000 -0.650000 0.000000
v 0.000000 -0.650000 0.000000
v 0.000000 -0.650000 0.000000
v 0.000000 -0.650000 0.000000
v 0.000000 -0.650000 0.000000
v 0.000000 -0.650000 0.000000
v 0.000000 -0.650000 0.000000
v 0.000000 -0.650000 0.000000
v 0.000000 -0.650000 0.000000
v 0.000000 -0.650000 0.000000
v 0.000000 -0.650000 0.000000
v 0.000000 -0.650000 0.000000
v 0.000000 -0.650000 0.000000
v 0.000000 -0.650000 0.000000
v 0.000000 -0.650000 0.000000
v 0.000000 -0.650000 0.000000
v 0.000000 -0.650000 0.000000
v 0.000000 -0.650000 0.000000
v 0.000000 -0.650000 0.000000
v 0.000000 -0.650000 0.000000
v 0.000000 -0.650000 0.000000
v 0.000000 -0.650000 0.000000
v 0.000000 -0.650000 0.000000
v 0.000000 -0.650000 0.000000
v 0.000000 -0.650000 0.000000
v 0.000000 -0.650000 0.000000
v 0.000000 -0.650000 0.000000
v 0.000000 -0.650000 0.000000
v 0.000000 -0.650000 0.000000
vn -0.0000 -0.0000 1.0000
vn -0.1276 -0.9918 -0.0063
vn -0.0020 -0.0311 0.9995
vn -0.1480 -0.9889 -0.0115
vn -0.1462 -0.9889 -0.0259
vn -0.0019 -0.0311 0.9995
vn -0.1429 -0.9889 -0.0401
vn -0.1383 -0.9889 -0.0539
vn -0.0018 -0.0311 0.9995
vn -0.1323 -0.9889 -0.0672
vn 0.0017 0.0311 -0.9995
vn -0.1251 -0.9889 -0.0798
vn 0.0016 0.0311 -0.9995
vn -0.1167 -0.9889 -0.0917
vn 0.0015 0.0311 -0.9995
vn -0.1071 -0.9889 -0.1027
vn 0.0013 0.0311 -0.9995
vn -0.0965 -0.9889 -0.1127
vn 0.0012 0.0311 -0.9995
vn -0.0850 -0.9889 -0.1216
vn 0.0010 0.0311 -0.9995
vn -0.0727 -0.9889 -0.1294
vn 0.0009 0.0312 -0.9995
vn -0.0597 -0.9889 -0.1359
vn 0.0007 0.0312 -0.9995
vn -0.0461 -0.9889 -0.1411
vn 0.0005 0.0312 -0.9995
vn -0.0320 -0.9889 -0.1449
vn 0.0003 0.0312 -0.9995
vn -0.0177 -0.9889 -0.1474
vn 0.0001 0.0312 -0.9995
vn -0.0031 -0.9889 -0.1484
vn -0.0001 0.0312 -0.9995
vn 0.0114 -0.9889 -0.1480
vn -0.0003 0.0312 -0.9995
vn 0.0259 -0.9889 -0.1462
vn -0.0005 0.0312 -0.9995
vn 0.0401 -0.9889 -0.1429
vn -0.0007 0.0312 -0.9995
vn 0.0539 -0.9889 -0.1383
vn -0.0009 0.0312 -0.9995
vn 0.0672 -0.9889 -0.1324
vn -0.0010 0.0311 -0.9995
vn 0.0798 -0.9889 -0.1251
vn -0.0012 0.0311 -0.9995
vn 0.0917 -0.9889 -0.1167
vn -0.0013 0.0311 -0.9995
vn 0.1027 -0.9889 -0.1071
vn -0.0015 0.0311 -0.9995
vn 0.1127 -0.9889 -0.0966
vn -0.0016 0.0311 -0.9995
vn 0.1216 -0.9889 -0.0850
vn -0.0017 0.0311 -0.9995
vn 0.1294 -0.9889 -0.0727
vn 0.0018 -0.0311 0.9995
vn 0.1359 -0.9889 -0.0597
vn 0.0019 -0.0311 0.9995
vn 0.1411 -0.9889 -0.0461
vn 0.1449 -0.9889 -0.0320
vn 0.0020 -0.0311 0.9995
vn 0.1474 -0.9889 -0.0177
vn 0.1484 -0.9889 -0.0031
vn 0.1480 -0.9889 0.0114
vn 0.1462 -0.9889 0.0259
vn 0.1429 -0.9889 0.0401
vn 0.1383 -0.9889 0.0539
vn 0.1323 -0.9889 0.0672
vn 0.0017 -0.0311 0.9995
vn 0.1251 -0.9889 0.0798
vn 0.0016 -0.0311 0.9995
vn 0.1167 -0.9889 0.0917
vn 0.0015 -0.0311 0.9995
vn 0.1071 -0.9889 0.1027
vn 0.0013 -0.0311 0.9995
vn 0.0965 -0.9889 0.1127
vn 0.0012 -0.0310 0.9995
vn 0.0850 -0.9889 0.1216
vn 0.0010 -0.0310 0.9995
vn 0.0727 -0.9889 0.1294
vn 0.0009 -0.0310 0.9995
vn 0.0597 -0.9889 0.1359
vn 0.0007 -0.0310 0.9995
vn 0.0461 -0.9889 0.1411
vn 0.0005 -0.0310 0.9995
vn 0.0320 -0.9889 0.1449
vn 0.0003 -0.0310 0.9995
vn 0.0176 -0.9889 0.1473
vn 0.0001 -0.0310 0.9995
vn 0.0031 -0.9889 0.1484
vn -0.0001 -0.0310 0.9995
vn -0.0114 -0.9889 0.1479
vn -0.0003 -0.0310 0.9995
vn -0.0259 -0.9889 0.1462
vn -0.0005 -0.0310 0.9995
vn -0.0401 -0.9889 0.1429
vn -0.0007 -0.0310 0.9995
vn -0.0539 -0.9889 0.1383
vn -0.0009 -0.0310 0.9995
vn -0.0672 -0.9889 0.1323
vn -0.0010 -0.0310 0.9995
vn -0.0798 -0.9889 0.1251
vn -0.0012 -0.0310 0.9995
vn -0.0917 -0.9889 0.1167
vn -0.0013 -0.0311 0.9995
vn -0.1027 -0.9889 0.1071
vn -0.0015 -0.0311 0.9995
vn -0.1127 -0.9889 0.0966
vn -0.0016 -0.0311 0.9995
vn -0.1216 -0.9889 0.0850
vn -0.0017 -0.0311 0.9995
vn -0.1294 -0.9889 0.0727
vn -0.1359 -0.9889 0.0597
vn -0.1411 -0.9889 0.0461
vn -0.1449 -0.9889 0.0320
vn -0.1474 -0.9889 0.0176
vn -0.0040 -0.0621 0.9981
vn -0.1587 -0.9873 0.0078
vn -0.2367 -0.9715 -0.0116
vn -0.2570 -0.9662 -0.0223
vn -0.2536 -0.9662 -0.0473
vn -0.2477 -0.9662 -0.0720
vn -0.2395 -0.9662 -0.0959
vn -0.2289 -0.9661 -0.1189
vn -0.2161 -0.9662 -0.1408
vn -0.2013 -0.9662 -0.1613
vn -0.1846 -0.9661 -0.1803
vn -0.1660 -0.9662 -0.1975
vn -0.1458 -0.9662 -0.2128
vn -0.1243 -0.9662 -0.2261
vn -0.1015 -0.9661 -0.2372
vn -0.0778 -0.9661 -0.2460
vn -0.0533 -0.9661 -0.2524
vn -0.0283 -0.9662 -0.2564
vn -0.0030 -0.9662 -0.2579
vn 0.0223 -0.9661 -0.2570
vn 0.0473 -0.9662 -0.2536
vn 0.0720 -0.9661 -0.2477
vn 0.0959 -0.9662 -0.2394
vn 0.1189 -0.9661 -0.2289
vn 0.1408 -0.9662 -0.2162
vn 0.1613 -0.9662 -0.2013
vn 0.1802 -0.9662 -0.1845
vn 0.1975 -0.9662 -0.1660
vn 0.2128 -0.9661 -0.1458
vn 0.2260 -0.9662 -0.1243
vn 0.2371 -0.9662 -0.1015
vn 0.2460 -0.9661 -0.0778
vn 0.2524 -0.9662 -0.0533
vn 0.2564 -0.9662 -0.0283
vn 0.2579 -0.9662 -0.0030
vn 0.2570 -0.9662 0.0223
vn 0.2536 -0.9662 0.0473
vn 0.2477 -0.9662 0.0720
vn 0.2395 -0.9662 0.0959
vn 0.2289 -0.9661 0.1189
vn 0.2161 -0.9662 0.1408
vn 0.2013 -0.9662 0.1613
vn 0.1846 -0.9661 0.1803
vn 0.1660 -0.9662 0.1975
vn 0.1458 -0.9662 0.2128
vn 0.1243 -0.9662 0.2261
vn 0.1015 -0.9661 0.2372
vn 0.0778 -0.9661 0.2460
vn 0.0533 -0.9661 0.2524
vn 0.0283 -0.9662 0.2564
vn 0.0030 -0.9662 0.2579
vn -0.0223 -0.9661 0.2570
vn -0.0473 -0.9662 0.2536
vn -0.0720 -0.9661 0.2477
vn -0.0959 -0.9662 0.2394
vn -0.1189 -0.9661 0.2289
vn -0.1408 -0.9662 0.2162
vn -0.1613 -0.9662 0.2013
vn -0.1802 -0.9662 0.1845
vn -0.1975 -0.9662 0.1660
vn -0.2128 -0.9661 0.1458
vn -0.2260 -0.9662 0.1243
vn -0.2371 -0.9662 0.1015
vn -0.2460 -0.9661 0.0778
vn -0.2524 -0.9662 0.0533
vn -0.2564 -0.9662 0.0283
vn -0.2728 -0.9620 0.0134
vn -0.3443 -0.9387 -0.0169
vn -0.3614 -0.9319 -0.0327
vn -0.3564 -0.9319 -0.0679
vn -0.3480 -0.9319 -0.1025
vn -0.3363 -0.9319 -0.1362
vn -0.3214 -0.9319 -0.1685
vn -0.3033 -0.9319 -0.1991
vn -0.2823 -0.9319 -0.2279
vn -0.2586 -0.9319 -0.2545
vn -0.2324 -0.9319 -0.2786
vn -0.2040 -0.9319 -0.3001
vn -0.1736 -0.9319 -0.3186
vn -0.1415 -0.9319 -0.3341
vn -0.1081 -0.9319 -0.3464
vn -0.0736 -0.9319 -0.3553
vn -0.0385 -0.9319 -0.3608
vn -0.0029 -0.9319 -0.3628
vn 0.0327 -0.9319 -0.3614
vn 0.0679 -0.9319 -0.3564
vn 0.1025 -0.9319 -0.3480
vn 0.1362 -0.9319 -0.3363
vn 0.1685 -0.9319 -0.3214
vn 0.1991 -0.9319 -0.3033
vn 0.2279 -0.9319 -0.2823
vn 0.2545 -0.9319 -0.2586
vn 0.2786 -0.9319 -0.2324
vn 0.3001 -0.9319 -0.2040
vn 0.3186 -0.9319 -0.1736
vn 0.3341 -0.9319 -0.1415
vn 0.3464 -0.9319 -0.1081
vn 0.3553 -0.9319 -0.0736
vn 0.3608 -0.9319 -0.0385
vn 0.3628 -0.9319 -0.0029
vn 0.3614 -0.9319 0.0327
vn 0.3564 -0.9319 0.0679
vn 0.3480 -0.9319 0.1025
vn 0.3363 -0.9319 0.1362
vn 0.3214 -0.9319 0.1685
vn 0.3033 -0.9319 0.1991
vn 0.2823 -0.9319 0.2279
vn 0.2586 -0.9319 0.2545
vn 0.2324 -0.9319 0.2786
vn 0.2040 -0.9319 0.3001
vn 0.1736 -0.9319 0.3186
vn 0.1415 -0.9319 0.3341
vn 0.1081 -0.9319 0.3464
vn 0.0736 -0.9319 0.3553
vn 0.0385 -0.9319 0.3608
vn 0.0029 -0.9319 0.3628
vn -0.0327 -0.9319 0.3614
vn -0.0679 -0.9319 0.3564
vn -0.1025 -0.9319 0.3480
vn -0.1362 -0.9319 0.3363
vn -0.1685 -0.9319 0.3214
vn -0.1991 -0.9319 0.3033
vn -0.2279 -0.9319 0.2823
vn -0.2545 -0.9319 0.2586
vn -0.2786 -0.9319 0.2324
vn -0.3001 -0.9319 0.2040
vn -0.3186 -0.9319 0.1736
vn -0.3341 -0.9319 0.1415
vn -0.3464 -0.9319 0.1081
vn -0.3553 -0.9319 0.0736
vn -0.3608 -0.9319 0.0385
vn -0.3772 -0.9259 0.0185
vn -0.4395 -0.8980 -0.0216
vn -0.4532 -0.8904 -0.0419
vn -0.4469 -0.8904 -0.0861
vn -0.4363 -0.8904 -0.1295
vn -0.4215 -0.8904 -0.1716
vn -0.4026 -0.8904 -0.2121
vn -0.3800 -0.8904 -0.2506
vn -0.3536 -0.8904 -0.2866
vn -0.3238 -0.8904 -0.3199
vn -0.2908 -0.8904 -0.3501
vn -0.2551 -0.8904 -0.3769
vn -0.2170 -0.8904 -0.4001
vn -0.1767 -0.8904 -0.4194
vn -0.1348 -0.8904 -0.4347
vn -0.0915 -0.8904 -0.4458
vn -0.0473 -0.8905 -0.4526
vn -0.0028 -0.8904 -0.4551
vn 0.0419 -0.8904 -0.4532
vn 0.0861 -0.8904 -0.4469
vn 0.1295 -0.8904 -0.4363
vn 0.1716 -0.8904 -0.4215
vn 0.2121 -0.8904 -0.4026
vn 0.2506 -0.8904 -0.3799
vn 0.2866 -0.8904 -0.3535
vn 0.3199 -0.8904 -0.3237
vn 0.3501 -0.8904 -0.2908
vn 0.3769 -0.8904 -0.2551
vn 0.4001 -0.8904 -0.2170
vn 0.4194 -0.8904 -0.1767
vn 0.4347 -0.8904 -0.1347
vn 0.4458 -0.8904 -0.0915
vn 0.4526 -0.8904 -0.0473
vn 0.4551 -0.8904 -0.0027
vn 0.4532 -0.8904 0.0419
vn 0.4469 -0.8904 0.0861
vn 0.4363 -0.8904 0.1295
vn 0.4215 -0.8904 0.1716
vn 0.4026 -0.8904 0.2121
vn 0.3800 -0.8904 0.2506
vn 0.3536 -0.8904 0.2866
vn 0.3238 -0.8904 0.3199
vn 0.2908 -0.8904 0.3501
vn 0.2551 -0.8904 0.3769
vn 0.2170 -0.8904 0.4001
vn 0.1767 -0.8904 0.4194
vn 0.1348 -0.8904 0.4347
vn 0.0915 -0.8904 0.4458
vn 0.0473 -0.8905 0.4526
vn 0.0028 -0.8904 0.4551
vn -0.0419 -0.8904 0.4532
vn -0.0861 -0.8904 0.4469
vn -0.1295 -0.8904 0.4363
vn -0.1716 -0.8904 0.4215
vn -0.2121 -0.8904 0.4026
vn -0.2506 -0.8904 0.3799
vn -0.2866 -0.8904 0.3535
vn -0.3199 -0.8904 0.3237
vn -0.3501 -0.8904 0.2908
vn -0.3769 -0.8904 0.2551
vn -0.4001 -0.8904 0.2170
vn -0.4194 -0.8904 0.1767
vn -0.4347 -0.8904 0.1347
vn -0.4458 -0.8904 0.0915
vn -0.4526 -0.8904 0.0473
vn -0.4679 -0.8835 0.0230
vn -0.5205 -0.8535 -0.0256
vn -0.5312 -0.8458 -0.0497
vn -0.5238 -0.8458 -0.1016
vn -0.5113 -0.8458 -0.1524
vn -0.4939 -0.8458 -0.2018
vn -0.4718 -0.8458 -0.2492
vn -0.4451 -0.8458 -0.2943
vn -0.4141 -0.8458 -0.3365
vn -0.3791 -0.8458 -0.3755
vn -0.3405 -0.8458 -0.4108
vn -0.2986 -0.8458 -0.4422
vn -0.2538 -0.8458 -0.4693
vn -0.2066 -0.8458 -0.4920
vn -0.1574 -0.8458 -0.5098
vn -0.1066 -0.8458 -0.5228
vn -0.0548 -0.8458 -0.5307
vn -0.0026 -0.8458 -0.5335
vn 0.0498 -0.8458 -0.5312
vn 0.1016 -0.8458 -0.5238
vn 0.1524 -0.8458 -0.5113
vn 0.2018 -0.8458 -0.4939
vn 0.2492 -0.8458 -0.4717
vn 0.2943 -0.8458 -0.4451
vn 0.3365 -0.8458 -0.4141
vn 0.3755 -0.8458 -0.3791
vn 0.4108 -0.8458 -0.3405
vn 0.4422 -0.8458 -0.2986
vn 0.4694 -0.8457 -0.2538
vn 0.4920 -0.8458 -0.2066
vn 0.5098 -0.8458 -0.1574
vn 0.5228 -0.8458 -0.1066
vn 0.5307 -0.8458 -0.0548
vn 0.5335 -0.8458 -0.0026
vn 0.5312 -0.8458 0.0497
vn 0.5238 -0.8458 0.1016
vn 0.5113 -0.8458 0.1524
vn 0.4939 -0.8458 0.2018
vn 0.4718 -0.8458 0.2492
vn 0.4451 -0.8458 0.2943
vn 0.4141 -0.8458 0.3365
vn 0.3791 -0.8458 0.3755
vn 0.3405 -0.8458 0.4108
vn 0.2986 -0.8458 0.4422
vn 0.2538 -0.8458 0.4693
vn 0.2066 -0.8458 0.4920
vn 0.1574 -0.8458 0.5098
vn 0.1066 -0.8458 0.5228
vn 0.0548 -0.8458 0.5307
vn 0.0026 -0.8458 0.5335
vn -0.0498 -0.8458 0.5312
vn -0.1016 -0.8458 0.5238
vn -0.1524 -0.8458 0.5113
vn -0.2018 -0.8458 0.4939
vn -0.2492 -0.8458 0.4717
vn -0.2943 -0.8458 0.4451
vn -0.3365 -0.8458 0.4141
vn -0.3755 -0.8458 0.3791
vn -0.4108 -0.8458 0.3405
vn -0.4422 -0.8458 0.2986
vn -0.4694 -0.8457 0.2538
vn -0.4920 -0.8458 0.2066
vn -0.5098 -0.8458 0.1574
vn -0.5228 -0.8458 0.1066
vn -0.5307 -0.8458 0.0548
vn -0.5443 -0.8384 0.0267
vn -0.5882 -0.8082 -0.0289
vn -0.5963 -0.8008 -0.0563
vn -0.5880 -0.8007 -0.1145
vn -0.5739 -0.8007 -0.1716
vn -0.5543 -0.8007 -0.2270
vn -0.5294 -0.8007 -0.2802
vn -0.4994 -0.8007 -0.3308
vn -0.4645 -0.8008 -0.3782
vn -0.4253 -0.8007 -0.4219
vn -0.3819 -0.8007 -0.4615
vn -0.3348 -0.8008 -0.4967
vn -0.2844 -0.8008 -0.5271
vn -0.2315 -0.8007 -0.5525
vn -0.1761 -0.8008 -0.5725
vn -0.1192 -0.8008 -0.5870
vn -0.0611 -0.8008 -0.5959
vn -0.0024 -0.8007 -0.5990
vn 0.0563 -0.8008 -0.5963
vn 0.1145 -0.8007 -0.5880
vn 0.1716 -0.8008 -0.5739
vn 0.2270 -0.8008 -0.5543
vn 0.2803 -0.8008 -0.5294
vn 0.3308 -0.8008 -0.4993
vn 0.3782 -0.8008 -0.4645
vn 0.4219 -0.8007 -0.4253
vn 0.4615 -0.8007 -0.3819
vn 0.4967 -0.8008 -0.3348
vn 0.5271 -0.8008 -0.2845
vn 0.5525 -0.8008 -0.2314
vn 0.5725 -0.8008 -0.1761
vn 0.5870 -0.8008 -0.1192
vn 0.5959 -0.8008 -0.0611
vn 0.5990 -0.8008 -0.0024
vn 0.5963 -0.8008 0.0563
vn 0.5880 -0.8007 0.1145
vn 0.5739 -0.8007 0.1716
vn 0.5543 -0.8007 0.2270
vn 0.5294 -0.8007 0.2802
vn 0.4994 -0.8007 0.3308
vn 0.4645 -0.8008 0.3782
vn 0.4253 -0.8007 0.4219
vn 0.3819 -0.8007 0.4615
vn 0.3348 -0.8008 0.4967
vn 0.2844 -0.8008 0.5271
vn 0.2315 -0.8007 0.5525
vn 0.1761 -0.8008 0.5725
vn 0.1192 -0.8008 0.5870
vn 0.0611 -0.8008 0.5959
vn 0.0024 -0.8007 0.5990
vn -0.0563 -0.8008 0.5963
vn -0.1145 -0.8007 0.5880
vn -0.1716 -0.8008 0.5739
vn -0.2270 -0.8008 0.5543
vn -0.2803 -0.8008 0.5294
vn -0.3308 -0.8008 0.4993
vn -0.3782 -0.8008 0.4645
vn -0.4219 -0.8007 0.4253
vn -0.4615 -0.8007 0.3819
vn -0.4967 -0.8008 0.3348
vn -0.5271 -0.8008 0.2845
vn -0.5525 -0.8008 0.2314
vn -0.5725 -0.8008 0.1761
vn -0.5870 -0.8008 0.1192
vn -0.5959 -0.8008 0.0611
vn -0.6080 -0.7934 0.0299
vn -0.6442 -0.7642 -0.0316
vn -0.6503 -0.7571 -0.0618
vn -0.6412 -0.7571 -0.1252
vn -0.6258 -0.7571 -0.1875
vn -0.6044 -0.7571 -0.2479
vn -0.5772 -0.7571 -0.3060
vn -0.5444 -0.7571 -0.3611
vn -0.5064 -0.7571 -0.4127
vn -0.4635 -0.7571 -0.4603
vn -0.4161 -0.7571 -0.5036
vn -0.3648 -0.7571 -0.5419
vn -0.3099 -0.7571 -0.5751
vn -0.2520 -0.7571 -0.6027
vn -0.1918 -0.7571 -0.6245
vn -0.1296 -0.7571 -0.6403
vn -0.0662 -0.7571 -0.6499
vn -0.0022 -0.7572 -0.6532
vn 0.0618 -0.7571 -0.6503
vn 0.1253 -0.7571 -0.6411
vn 0.1875 -0.7571 -0.6258
vn 0.2479 -0.7571 -0.6044
vn 0.3059 -0.7571 -0.5772
vn 0.3611 -0.7571 -0.5444
vn 0.4127 -0.7571 -0.5064
vn 0.4603 -0.7571 -0.4635
vn 0.5036 -0.7571 -0.4161
vn 0.5419 -0.7571 -0.3648
vn 0.5751 -0.7571 -0.3099
vn 0.6027 -0.7571 -0.2520
vn 0.6245 -0.7572 -0.1917
vn 0.6402 -0.7572 -0.1296
vn 0.6499 -0.7571 -0.0662
vn 0.6532 -0.7571 -0.0022
vn 0.6503 -0.7571 0.0618
vn 0.6412 -0.7571 0.1252
vn 0.6258 -0.7571 0.1875
vn 0.6044 -0.7571 0.2479
vn 0.5772 -0.7571 0.3060
vn 0.5444 -0.7571 0.3611
vn 0.5064 -0.7571 0.4127
vn 0.4635 -0.7571 0.4603
vn 0.4161 -0.7571 0.5036
vn 0.3648 -0.7571 0.5419
vn 0.3099 -0.7571 0.5751
vn 0.2520 -0.7571 0.6027
vn 0.1918 -0.7571 0.6245
vn 0.1296 -0.7571 0.6403
vn 0.0662 -0.7571 0.6499
vn 0.0022 -0.7572 0.6532
vn -0.0618 -0.7571 0.6503
vn -0.1253 -0.7571 0.6411
vn -0.1875 -0.7571 0.6258
vn -0.2479 -0.7571 0.6044
vn -0.3059 -0.7571 0.5772
vn -0.3611 -0.7571 0.5444
vn -0.4127 -0.7571 0.5064
vn -0.4603 -0.7571 0.4635
vn -0.5036 -0.7571 0.4161
vn -0.5419 -0.7571 0.3648
vn -0.5751 -0.7571 0.3099
vn -0.6027 -0.7571 0.2520
vn -0.6245 -0.7572 0.1917
vn -0.6402 -0.7572 0.1296
vn -0.6499 -0.7571 0.0662
vn -0.6606 -0.7500 0.0325
vn -0.6907 -0.7224 -0.0339
vn -0.6952 -0.7158 -0.0663
vn -0.6853 -0.7158 -0.1342
vn -0.6688 -0.7158 -0.2007
vn -0.6459 -0.7158 -0.2653
vn -0.6168 -0.7158 -0.3274
vn -0.5817 -0.7158 -0.3862
vn -0.5411 -0.7158 -0.4414
vn -0.4952 -0.7158 -0.4923
vn -0.4446 -0.7158 -0.5385
vn -0.3896 -0.7158 -0.5795
vn -0.3310 -0.7158 -0.6149
vn -0.2691 -0.7158 -0.6443
vn -0.2047 -0.7158 -0.6676
vn -0.1383 -0.7158 -0.6845
vn -0.0704 -0.7158 -0.6947
vn -0.0020 -0.7158 -0.6983
vn 0.0664 -0.7158 -0.6951
vn 0.1342 -0.7158 -0.6853
vn 0.2007 -0.7158 -0.6688
vn 0.2653 -0.7158 -0.6459
vn 0.3273 -0.7158 -0.6168
vn 0.3862 -0.7158 -0.5818
vn 0.4414 -0.7158 -0.5411
vn 0.4923 -0.7158 -0.4952
vn 0.5385 -0.7158 -0.4446
vn 0.5795 -0.7158 -0.3897
vn 0.6149 -0.7158 -0.3310
vn 0.6443 -0.7158 -0.2691
vn 0.6676 -0.7158 -0.2047
vn 0.6845 -0.7158 -0.1382
vn 0.6947 -0.7158 -0.0705
vn 0.6983 -0.7158 -0.0020
vn 0.6952 -0.7158 0.0663
vn 0.6853 -0.7158 0.1342
vn 0.6688 -0.7158 0.2007
vn 0.6459 -0.7158 0.2653
vn 0.6168 -0.7158 0.3274
vn 0.5817 -0.7158 0.3862
vn 0.5411 -0.7158 0.4414
vn 0.4952 -0.7158 0.4923
vn 0.4446 -0.7158 0.5385
vn 0.3896 -0.7158 0.5795
vn 0.3310 -0.7158 0.6149
vn 0.2691 -0.7158 0.6443
vn 0.2047 -0.7158 0.6676
vn 0.1383 -0.7158 0.6845
vn 0.0704 -0.7158 0.6947
vn 0.0020 -0.7158 0.6983
vn -0.0664 -0.7158 0.6951
vn -0.1342 -0.7158 0.6853
vn -0.2007 -0.7158 0.6688
vn -0.2653 -0.7158 0.6459
vn -0.3273 -0.7158 0.6168
vn -0.3862 -0.7158 0.5818
vn -0.4414 -0.7158 0.5411
vn -0.4923 -0.7158 0.4952
vn -0.5385 -0.7158 0.4446
vn -0.5795 -0.7158 0.3897
vn -0.6149 -0.7158 0.3310
vn -0.6443 -0.7158 0.2691
vn -0.6676 -0.7158 0.2047
vn -0.6845 -0.7158 0.1382
vn -0.6947 -0.7158 0.0705
vn -0.7043 -0.7090 0.0346
vn -0.7295 -0.6831 -0.0358
vn -0.7326 -0.6770 -0.0702
vn -0.7222 -0.6770 -0.1418
vn -0.7048 -0.6770 -0.2119
vn -0.6807 -0.6770 -0.2799
vn -0.6499 -0.6770 -0.3453
vn -0.6129 -0.6770 -0.4073
vn -0.5701 -0.6770 -0.4654
vn -0.5218 -0.6770 -0.5190
vn -0.4683 -0.6771 -0.5677
vn -0.4105 -0.6770 -0.6109
vn -0.3486 -0.6770 -0.6482
vn -0.2834 -0.6770 -0.6792
vn -0.2154 -0.6770 -0.7037
vn -0.1454 -0.6771 -0.7214
vn -0.0740 -0.6770 -0.7322
vn -0.0019 -0.6770 -0.7360
vn 0.0703 -0.6770 -0.7326
vn 0.1418 -0.6770 -0.7222
vn 0.2119 -0.6770 -0.7048
vn 0.2799 -0.6770 -0.6807
vn 0.3453 -0.6770 -0.6499
vn 0.4073 -0.6771 -0.6129
vn 0.4654 -0.6770 -0.5701
vn 0.5190 -0.6770 -0.5218
vn 0.5677 -0.6771 -0.4683
vn 0.6109 -0.6770 -0.4105
vn 0.6482 -0.6770 -0.3486
vn 0.6792 -0.6770 -0.2833
vn 0.7037 -0.6770 -0.2155
vn 0.7214 -0.6770 -0.1455
vn 0.7322 -0.6770 -0.0740
vn 0.7360 -0.6770 -0.0019
vn 0.7326 -0.6770 0.0702
vn 0.7222 -0.6770 0.1418
vn 0.7048 -0.6770 0.2119
vn 0.6807 -0.6770 0.2799
vn 0.6499 -0.6770 0.3453
vn 0.6129 -0.6770 0.4073
vn 0.5701 -0.6770 0.4654
vn 0.5218 -0.6770 0.5190
vn 0.4683 -0.6771 0.5677
vn 0.4105 -0.6770 0.6109
vn 0.3486 -0.6770 0.6482
vn 0.2834 -0.6770 0.6792
vn 0.2154 -0.6770 0.7037
vn 0.1454 -0.6771 0.7214
vn 0.0740 -0.6770 0.7322
vn 0.0019 -0.6770 0.7360
vn -0.0703 -0.6770 0.7326
vn -0.1418 -0.6770 0.7222
vn -0.2119 -0.6770 0.7048
vn -0.2799 -0.6770 0.6807
vn -0.3453 -0.6770 0.6499
vn -0.4073 -0.6771 0.6129
vn -0.4654 -0.6770 0.5701
vn -0.5190 -0.6770 0.5218
vn -0.5677 -0.6771 0.4683
vn -0.6109 -0.6770 0.4105
vn -0.6482 -0.6770 0.3486
vn -0.6792 -0.6770 0.2833
vn -0.7037 -0.6770 0.2155
vn -0.7214 -0.6770 0.1455
vn -0.7322 -0.6770 0.0740
vn -0.7409 -0.6706 0.0364
vn -0.7622 -0.6462 -0.0374
vn -0.7643 -0.6406 -0.0735
vn -0.7534 -0.6406 -0.1481
vn -0.7353 -0.6406 -0.2212
vn -0.7101 -0.6406 -0.2922
vn -0.6781 -0.6406 -0.3604
vn -0.6394 -0.6406 -0.4251
vn -0.5946 -0.6406 -0.4858
vn -0.5442 -0.6406 -0.5417
vn -0.4885 -0.6406 -0.5924
vn -0.4281 -0.6406 -0.6375
vn -0.3635 -0.6406 -0.6764
vn -0.2954 -0.6406 -0.7087
vn -0.2246 -0.6406 -0.7343
vn -0.1516 -0.6406 -0.7528
vn -0.0770 -0.6406 -0.7640
vn -0.0018 -0.6406 -0.7679
vn 0.0735 -0.6406 -0.7643
vn 0.1481 -0.6406 -0.7534
vn 0.2212 -0.6406 -0.7353
vn 0.2922 -0.6406 -0.7101
vn 0.3604 -0.6406 -0.6780
vn 0.4251 -0.6406 -0.6395
vn 0.4858 -0.6406 -0.5947
vn 0.5417 -0.6406 -0.5442
vn 0.5924 -0.6406 -0.4885
vn 0.6375 -0.6406 -0.4281
vn 0.6764 -0.6406 -0.3635
vn 0.7087 -0.6406 -0.2954
vn 0.7343 -0.6406 -0.2246
vn 0.7528 -0.6406 -0.1515
vn 0.7640 -0.6406 -0.0770
vn 0.7678 -0.6406 -0.0017
vn 0.7643 -0.6406 0.0735
vn 0.7534 -0.6406 0.1481
vn 0.7353 -0.6406 0.2212
vn 0.7101 -0.6406 0.2922
vn 0.6781 -0.6406 0.3604
vn 0.6394 -0.6406 0.4251
vn 0.5946 -0.6406 0.4858
vn 0.5442 -0.6406 0.5417
vn 0.4885 -0.6406 0.5924
vn 0.4281 -0.6406 0.6375
vn 0.3635 -0.6406 0.6764
vn 0.2954 -0.6406 0.7087
vn 0.2246 -0.6406 0.7343
vn 0.1516 -0.6406 0.7528
vn 0.0770 -0.6406 0.7640
vn 0.0018 -0.6406 0.7679
vn -0.0735 -0.6406 0.7643
vn -0.1481 -0.6406 0.7534
vn -0.2212 -0.6406 0.7353
vn -0.2922 -0.6406 0.7101
vn -0.3604 -0.6406 0.6780
vn -0.4251 -0.6406 0.6395
vn -0.4858 -0.6406 0.5947
vn -0.5417 -0.6406 0.5442
vn -0.5924 -0.6406 0.4885
vn -0.6375 -0.6406 0.4281
vn -0.6764 -0.6406 0.3635
vn -0.7087 -0.6406 0.2954
vn -0.7343 -0.6406 0.2246
vn -0.7528 -0.6406 0.1515
vn -0.7640 -0.6406 0.0770
vn -0.7720 -0.6345 0.0379
vn -0.7903 -0.6115 -0.0388
vn -0.7916 -0.6063 -0.0764
vn -0.7803 -0.6062 -0.1535
vn -0.7615 -0.6062 -0.2293
vn -0.7354 -0.6062 -0.3028
vn -0.7021 -0.6063 -0.3736
vn -0.6622 -0.6062 -0.4405
vn -0.6158 -0.6062 -0.5033
vn -0.5635 -0.6062 -0.5612
vn -0.5058 -0.6062 -0.6138
vn -0.4432 -0.6062 -0.6604
vn -0.3764 -0.6062 -0.7006
vn -0.3059 -0.6062 -0.7341
vn -0.2324 -0.6062 -0.7606
vn -0.1568 -0.6062 -0.7797
vn -0.0796 -0.6062 -0.7913
vn -0.0017 -0.6062 -0.7953
vn 0.0764 -0.6062 -0.7916
vn 0.1536 -0.6062 -0.7803
vn 0.2292 -0.6062 -0.7616
vn 0.3029 -0.6062 -0.7353
vn 0.3735 -0.6062 -0.7021
vn 0.4405 -0.6062 -0.6622
vn 0.5033 -0.6062 -0.6158
vn 0.5612 -0.6062 -0.5635
vn 0.6137 -0.6062 -0.5058
vn 0.6604 -0.6062 -0.4432
vn 0.7006 -0.6062 -0.3764
vn 0.7341 -0.6062 -0.3059
vn 0.7606 -0.6062 -0.2324
vn 0.7797 -0.6062 -0.1567
vn 0.7913 -0.6062 -0.0796
vn 0.7953 -0.6062 -0.0017
vn 0.7916 -0.6063 0.0764
vn 0.7803 -0.6062 0.1535
vn 0.7615 -0.6062 0.2293
vn 0.7354 -0.6062 0.3028
vn 0.7021 -0.6063 0.3736
vn 0.6622 -0.6062 0.4405
vn 0.6158 -0.6062 0.5033
vn 0.5635 -0.6062 0.5612
vn 0.5058 -0.6062 0.6138
vn 0.4432 -0.6062 0.6604
vn 0.3764 -0.6062 0.7006
vn 0.3059 -0.6062 0.7341
vn 0.2324 -0.6062 0.7606
vn 0.1568 -0.6062 0.7797
vn 0.0796 -0.6062 0.7913
vn 0.0017 -0.6062 0.7953
vn -0.0764 -0.6062 0.7916
vn -0.1536 -0.6062 0.7803
vn -0.2292 -0.6062 0.7616
vn -0.3029 -0.6062 0.7353
vn -0.3735 -0.6062 0.7021
vn -0.4405 -0.6062 0.6622
vn -0.5033 -0.6062 0.6158
vn -0.5612 -0.6062 0.5635
vn -0.6137 -0.6062 0.5058
vn -0.6604 -0.6062 0.4432
vn -0.7006 -0.6062 0.3764
vn -0.7341 -0.6062 0.3059
vn -0.7606 -0.6062 0.2324
vn -0.7797 -0.6062 0.1567
vn -0.7913 -0.6062 0.0796
vn -0.7988 -0.6004 0.0392
vn -0.8147 -0.5784 -0.0400
vn -0.8155 -0.5734 -0.0788
vn -0.8039 -0.5734 -0.1583
vn -0.7845 -0.5734 -0.2364
vn -0.7575 -0.5734 -0.3121
vn -0.7232 -0.5734 -0.3849
vn -0.6820 -0.5734 -0.4540
vn -0.6343 -0.5734 -0.5186
vn -0.5804 -0.5734 -0.5782
vn -0.5209 -0.5734 -0.6324
vn -0.4565 -0.5734 -0.6804
vn -0.3875 -0.5734 -0.7219
vn -0.3149 -0.5734 -0.7564
vn -0.2393 -0.5734 -0.7836
vn -0.1613 -0.5734 -0.8033
vn -0.0818 -0.5734 -0.8152
vn -0.0015 -0.5734 -0.8193
vn 0.0788 -0.5734 -0.8155
vn 0.1583 -0.5734 -0.8039
vn 0.2364 -0.5734 -0.7844
vn 0.3122 -0.5734 -0.7575
vn 0.3849 -0.5734 -0.7232
vn 0.4540 -0.5734 -0.6820
vn 0.5186 -0.5734 -0.6343
vn 0.5782 -0.5734 -0.5804
vn 0.6324 -0.5734 -0.5209
vn 0.6804 -0.5734 -0.4564
vn 0.7218 -0.5734 -0.3876
vn 0.7564 -0.5734 -0.3149
vn 0.7836 -0.5734 -0.2392
vn 0.8033 -0.5734 -0.1613
vn 0.8152 -0.5734 -0.0818
vn 0.8193 -0.5734 -0.0014
vn 0.8155 -0.5734 0.0788
vn 0.8039 -0.5734 0.1583
vn 0.7845 -0.5734 0.2364
vn 0.7575 -0.5734 0.3121
vn 0.7232 -0.5734 0.3849
vn 0.6820 -0.5734 0.4540
vn 0.6343 -0.5734 0.5186
vn 0.5804 -0.5734 0.5782
vn 0.5209 -0.5734 0.6324
vn 0.4565 -0.5734 0.6804
vn 0.3875 -0.5734 0.7219
vn 0.3149 -0.5734 0.7564
vn 0.2393 -0.5734 0.7836
vn 0.1613 -0.5734 0.8033
vn 0.0818 -0.5734 0.8152
vn 0.0015 -0.5734 0.8193
vn -0.0788 -0.5734 0.8155
vn -0.1583 -0.5734 0.8039
vn -0.2364 -0.5734 0.7844
vn -0.3122 -0.5734 0.7575
vn -0.3849 -0.5734 0.7232
vn -0.4540 -0.5734 0.6820
vn -0.5186 -0.5734 0.6343
vn -0.5782 -0.5734 0.5804
vn -0.6324 -0.5734 0.5209
vn -0.6804 -0.5734 0.4564
vn -0.7218 -0.5734 0.3876
vn -0.7564 -0.5734 0.3149
vn -0.7836 -0.5734 0.2392
vn -0.8033 -0.5734 0.1613
vn -0.8152 -0.5734 0.0818
vn -0.8222 -0.5677 0.0404
vn -0.8365 -0.5465 -0.0411
vn -0.8367 -0.5416 -0.0811
vn -0.8247 -0.5416 -0.1627
vn -0.8049 -0.5416 -0.2427
vn -0.7772 -0.5416 -0.3204
vn -0.7420 -0.5416 -0.3951
vn -0.6997 -0.5416 -0.4659
vn -0.6506 -0.5416 -0.5323
vn -0.5953 -0.5416 -0.5935
vn -0.5344 -0.5416 -0.6489
vn -0.4681 -0.5416 -0.6982
vn -0.3975 -0.5416 -0.7407
vn -0.3229 -0.5416 -0.7761
vn -0.2453 -0.5416 -0.8041
vn -0.1654 -0.5416 -0.8242
vn -0.0838 -0.5416 -0.8365
vn -0.0014 -0.5416 -0.8406
vn 0.0811 -0.5416 -0.8367
vn 0.1627 -0.5416 -0.8247
vn 0.2427 -0.5416 -0.8048
vn 0.3205 -0.5416 -0.7772
vn 0.3951 -0.5416 -0.7420
vn 0.4659 -0.5416 -0.6997
vn 0.5322 -0.5416 -0.6507
vn 0.5935 -0.5416 -0.5953
vn 0.6490 -0.5416 -0.5343
vn 0.6982 -0.5416 -0.4682
vn 0.7407 -0.5416 -0.3975
vn 0.7762 -0.5416 -0.3229
vn 0.8041 -0.5416 -0.2453
vn 0.8242 -0.5416 -0.1654
vn 0.8365 -0.5416 -0.0836
vn 0.8406 -0.5416 -0.0014
vn 0.8367 -0.5416 0.0811
vn 0.8247 -0.5416 0.1627
vn 0.8049 -0.5416 0.2427
vn 0.7772 -0.5416 0.3204
vn 0.7420 -0.5416 0.3951
vn 0.6997 -0.5416 0.4659
vn 0.6506 -0.5416 0.5323
vn 0.5953 -0.5416 0.5935
vn 0.5344 -0.5416 0.6489
vn 0.4681 -0.5416 0.6982
vn 0.3975 -0.5416 0.7407
vn 0.3229 -0.5416 0.7761
vn 0.2453 -0.5416 0.8041
vn 0.1654 -0.5416 0.8242
vn 0.0838 -0.5416 0.8365
vn 0.0014 -0.5416 0.8406
vn -0.0811 -0.5416 0.8367
vn -0.1627 -0.5416 0.8247
vn -0.2427 -0.5416 0.8048
vn -0.3205 -0.5416 0.7772
vn -0.3951 -0.5416 0.7420
vn -0.4659 -0.5416 0.6997
vn -0.5322 -0.5416 0.6507
vn -0.5935 -0.5416 0.5953
vn -0.6490 -0.5416 0.5343
vn -0.6982 -0.5416 0.4682
vn -0.7407 -0.5416 0.3975
vn -0.7762 -0.5416 0.3229
vn -0.8041 -0.5416 0.2453
vn -0.8242 -0.5416 0.1654
vn -0.8365 -0.5416 0.0836
vn -0.8432 -0.5360 0.0414
vn -0.8560 -0.5152 -0.0421
vn -0.8559 -0.5104 -0.0831
vn -0.8437 -0.5103 -0.1665
vn -0.8233 -0.5103 -0.2484
vn -0.7950 -0.5104 -0.3279
vn -0.7590 -0.5103 -0.4043
vn -0.7157 -0.5103 -0.4767
vn -0.6656 -0.5103 -0.5446
vn -0.6089 -0.5104 -0.6073
vn -0.5464 -0.5104 -0.6640
vn -0.4788 -0.5103 -0.7143
vn -0.4065 -0.5103 -0.7578
vn -0.3303 -0.5103 -0.7940
vn -0.2508 -0.5103 -0.8226
vn -0.1690 -0.5103 -0.8432
vn -0.0856 -0.5103 -0.8557
vn -0.0013 -0.5103 -0.8600
vn 0.0830 -0.5103 -0.8559
vn 0.1667 -0.5104 -0.8436
vn 0.2485 -0.5104 -0.8232
vn 0.3279 -0.5103 -0.7950
vn 0.4043 -0.5103 -0.7590
vn 0.4767 -0.5103 -0.7157
vn 0.5446 -0.5103 -0.6656
vn 0.6073 -0.5104 -0.6089
vn 0.6641 -0.5104 -0.5464
vn 0.7143 -0.5103 -0.4788
vn 0.7578 -0.5103 -0.4065
vn 0.7940 -0.5103 -0.3303
vn 0.8226 -0.5103 -0.2508
vn 0.8432 -0.5103 -0.1690
vn 0.8557 -0.5103 -0.0856
vn 0.8600 -0.5103 -0.0013
vn 0.8559 -0.5104 0.0831
vn 0.8437 -0.5103 0.1665
vn 0.8233 -0.5103 0.2484
vn 0.7950 -0.5104 0.3279
vn 0.7590 -0.5103 0.4043
vn 0.7157 -0.5103 0.4767
vn 0.6656 -0.5103 0.5446
vn 0.6089 -0.5104 0.6073
vn 0.5464 -0.5104 0.6640
vn 0.4788 -0.5103 0.7143
vn 0.4065 -0.5103 0.7578
vn 0.3303 -0.5103 0.7940
vn 0.2508 -0.5103 0.8226
vn 0.1690 -0.5103 0.8432
vn 0.0856 -0.5103 0.8557
vn 0.0013 -0.5103 0.8600
vn -0.0830 -0.5103 0.8559
vn -0.1667 -0.5104 0.8436
vn -0.2485 -0.5104 0.8232
vn -0.3279 -0.5103 0.7950
vn -0.4043 -0.5103 0.7590
vn -0.4767 -0.5103 0.7157
vn -0.5446 -0.5103 0.6656
vn -0.6073 -0.5104 0.6089
vn -0.6641 -0.5104 0.5464
vn -0.7143 -0.5103 0.4788
vn -0.7578 -0.5103 0.4065
vn -0.7940 -0.5103 0.3303
vn -0.8226 -0.5103 0.2508
vn -0.8432 -0.5103 0.1690
vn -0.8557 -0.5103 0.0856
vn -0.8622 -0.5048 0.0424
vn -0.8740 -0.4840 -0.0429
vn -0.8736 -0.4792 -0.0848
vn -0.8611 -0.4792 -0.1702
vn -0.8403 -0.4792 -0.2537
vn -0.8113 -0.4792 -0.3349
vn -0.7746 -0.4792 -0.4128
vn -0.7304 -0.4792 -0.4867
vn -0.6791 -0.4792 -0.5560
vn -0.6214 -0.4792 -0.6199
vn -0.5576 -0.4792 -0.6778
vn -0.4885 -0.4792 -0.7292
vn -0.4148 -0.4792 -0.7735
vn -0.3369 -0.4792 -0.8105
vn -0.2558 -0.4792 -0.8396
vn -0.1724 -0.4792 -0.8606
vn -0.0872 -0.4792 -0.8734
vn -0.0011 -0.4792 -0.8777
vn 0.0850 -0.4792 -0.8736
vn 0.1702 -0.4792 -0.8610
vn 0.2537 -0.4792 -0.8403
vn 0.3349 -0.4792 -0.8113
vn 0.4128 -0.4792 -0.7746
vn 0.4867 -0.4792 -0.7304
vn 0.5559 -0.4792 -0.6792
vn 0.6199 -0.4792 -0.6214
vn 0.6778 -0.4792 -0.5577
vn 0.7292 -0.4792 -0.4885
vn 0.7735 -0.4792 -0.4148
vn 0.8105 -0.4792 -0.3368
vn 0.8396 -0.4792 -0.2558
vn 0.8606 -0.4792 -0.1723
vn 0.8734 -0.4792 -0.0871
vn 0.8777 -0.4792 -0.0012
vn 0.8736 -0.4792 0.0848
vn 0.8611 -0.4792 0.1702
vn 0.8403 -0.4792 0.2537
vn 0.8113 -0.4792 0.3349
vn 0.7746 -0.4792 0.4128
vn 0.7304 -0.4792 0.4867
vn 0.6791 -0.4792 0.5560
vn 0.6214 -0.4792 0.6199
vn 0.5576 -0.4792 0.6778
vn 0.4885 -0.4792 0.7292
vn 0.4148 -0.4792 0.7735
vn 0.3369 -0.4792 0.8105
vn 0.2558 -0.4792 0.8396
vn 0.1724 -0.4792 0.8606
vn 0.0872 -0.4792 0.8734
vn 0.0011 -0.4792 0.8777
vn -0.0850 -0.4792 0.8736
vn -0.1702 -0.4792 0.8610
vn -0.2537 -0.4792 0.8403
vn -0.3349 -0.4792 0.8113
vn -0.4128 -0.4792 0.7746
vn -0.4867 -0.4792 0.7304
vn -0.5559 -0.4792 0.6792
vn -0.6199 -0.4792 0.6214
vn -0.6778 -0.4792 0.5577
vn -0.7292 -0.4792 0.4885
vn -0.7735 -0.4792 0.4148
vn -0.8105 -0.4792 0.3368
vn -0.8396 -0.4792 0.2558
vn -0.8606 -0.4792 0.1723
vn -0.8734 -0.4792 0.0871
vn -0.8797 -0.4736 0.0432
vn -0.8907 -0.4526 -0.0438
vn -0.8900 -0.4476 -0.0866
vn -0.8772 -0.4476 -0.1735
vn -0.8560 -0.4476 -0.2587
vn -0.8265 -0.4476 -0.3413
vn -0.7891 -0.4476 -0.4206
vn -0.7441 -0.4476 -0.4959
vn -0.6919 -0.4476 -0.5665
vn -0.6330 -0.4476 -0.6316
vn -0.5681 -0.4476 -0.6906
vn -0.4976 -0.4476 -0.7430
vn -0.4224 -0.4476 -0.7882
vn -0.3431 -0.4476 -0.8258
vn -0.2605 -0.4476 -0.8554
vn -0.1755 -0.4476 -0.8768
vn -0.0886 -0.4476 -0.8898
vn -0.0010 -0.4476 -0.8942
vn 0.0867 -0.4476 -0.8900
vn 0.1734 -0.4476 -0.8773
vn 0.2586 -0.4476 -0.8560
vn 0.3412 -0.4476 -0.8266
vn 0.4206 -0.4476 -0.7891
vn 0.4959 -0.4476 -0.7441
vn 0.5666 -0.4476 -0.6918
vn 0.6315 -0.4476 -0.6331
vn 0.6906 -0.4476 -0.5680
vn 0.7430 -0.4476 -0.4976
vn 0.7882 -0.4476 -0.4224
vn 0.8258 -0.4476 -0.3431
vn 0.8554 -0.4476 -0.2605
vn 0.8768 -0.4476 -0.1755
vn 0.8898 -0.4476 -0.0887
vn 0.8942 -0.4476 -0.0010
vn 0.8900 -0.4476 0.0866
vn 0.8772 -0.4476 0.1735
vn 0.8560 -0.4476 0.2587
vn 0.8265 -0.4476 0.3413
vn 0.7891 -0.4476 0.4206
vn 0.7441 -0.4476 0.4959
vn 0.6919 -0.4476 0.5665
vn 0.6330 -0.4476 0.6316
vn 0.5681 -0.4476 0.6906
vn 0.4976 -0.4476 0.7430
vn 0.4224 -0.4476 0.7882
vn 0.3431 -0.4476 0.8258
vn 0.2605 -0.4476 0.8554
vn 0.1755 -0.4476 0.8768
vn 0.0886 -0.4476 0.8898
vn 0.0010 -0.4476 0.8942
vn -0.0867 -0.4476 0.8900
vn -0.1734 -0.4476 0.8773
vn -0.2586 -0.4476 0.8560
vn -0.3412 -0.4476 0.8266
vn -0.4206 -0.4476 0.7891
vn -0.4959 -0.4476 0.7441
vn -0.5666 -0.4476 0.6918
vn -0.6315 -0.4476 0.6331
vn -0.6906 -0.4476 0.5680
vn -0.7430 -0.4476 0.4976
vn -0.7882 -0.4476 0.4224
vn -0.8258 -0.4476 0.3431
vn -0.8554 -0.4476 0.2605
vn -0.8768 -0.4476 0.1755
vn -0.8898 -0.4476 0.0887
vn -0.8959 -0.4420 0.0440
vn -0.9063 -0.4203 -0.0445
vn -0.9055 -0.4152 -0.0881
vn -0.8924 -0.4152 -0.1767
vn -0.8707 -0.4152 -0.2634
vn -0.8409 -0.4152 -0.3473
vn -0.8027 -0.4152 -0.4281
vn -0.7570 -0.4152 -0.5045
vn -0.7039 -0.4152 -0.5764
vn -0.6439 -0.4152 -0.6427
vn -0.5778 -0.4152 -0.7027
vn -0.5061 -0.4152 -0.7559
vn -0.4297 -0.4152 -0.8019
vn -0.3491 -0.4152 -0.8401
vn -0.2651 -0.4152 -0.8703
vn -0.1783 -0.4152 -0.8921
vn -0.0900 -0.4152 -0.9053
vn -0.0010 -0.4152 -0.9097
vn 0.0882 -0.4152 -0.9055
vn 0.1765 -0.4152 -0.8924
vn 0.2634 -0.4152 -0.8707
vn 0.3473 -0.4152 -0.8409
vn 0.4281 -0.4152 -0.8027
vn 0.5045 -0.4152 -0.7570
vn 0.5764 -0.4152 -0.7038
vn 0.6427 -0.4152 -0.6438
vn 0.7026 -0.4152 -0.5780
vn 0.7559 -0.4152 -0.5061
vn 0.8019 -0.4152 -0.4297
vn 0.8401 -0.4152 -0.3491
vn 0.8703 -0.4152 -0.2647
vn 0.8921 -0.4152 -0.1784
vn 0.9053 -0.4152 -0.0900
vn 0.9097 -0.4152 -0.0011
vn 0.9055 -0.4152 0.0881
vn 0.8924 -0.4152 0.1767
vn 0.8707 -0.4152 0.2634
vn 0.8409 -0.4152 0.3473
vn 0.8027 -0.4152 0.4281
vn 0.7570 -0.4152 0.5045
vn 0.7039 -0.4152 0.5764
vn 0.6439 -0.4152 0.6427
vn 0.5778 -0.4152 0.7027
vn 0.5061 -0.4152 0.7559
vn 0.4297 -0.4152 0.8019
vn 0.3491 -0.4152 0.8401
vn 0.2651 -0.4152 0.8703
vn 0.1783 -0.4152 0.8921
vn 0.0900 -0.4152 0.9053
vn 0.0010 -0.4152 0.9097
vn -0.0882 -0.4152 0.9055
vn -0.1765 -0.4152 0.8924
vn -0.2634 -0.4152 0.8707
vn -0.3473 -0.4152 0.8409
vn -0.4281 -0.4152 0.8027
vn -0.5045 -0.4152 0.7570
vn -0.5764 -0.4152 0.7038
vn -0.6427 -0.4152 0.6438
vn -0.7026 -0.4152 0.5780
vn -0.7559 -0.4152 0.5061
vn -0.8019 -0.4152 0.4297
vn -0.8401 -0.4152 0.3491
vn -0.8703 -0.4152 0.2647
vn -0.8921 -0.4152 0.1784
vn -0.9053 -0.4152 0.0900
vn -0.9112 -0.4094 0.0448
vn -0.9210 -0.3870 -0.0452
vn -0.9200 -0.3816 -0.0897
vn -0.9067 -0.3816 -0.1796
vn -0.8847 -0.3816 -0.2676
vn -0.8542 -0.3816 -0.3531
vn -0.8155 -0.3816 -0.4351
vn -0.7690 -0.3816 -0.5128
vn -0.7151 -0.3816 -0.5858
vn -0.6541 -0.3816 -0.6531
vn -0.5870 -0.3816 -0.7140
vn -0.5139 -0.3816 -0.7683
vn -0.4364 -0.3816 -0.8148
vn -0.3545 -0.3816 -0.8537
vn -0.2691 -0.3816 -0.8843
vn -0.1813 -0.3815 -0.9064
vn -0.0913 -0.3816 -0.9198
vn -0.0007 -0.3816 -0.9243
vn 0.0898 -0.3816 -0.9200
vn 0.1796 -0.3816 -0.9067
vn 0.2676 -0.3816 -0.8847
vn 0.3530 -0.3816 -0.8543
vn 0.4351 -0.3816 -0.8155
vn 0.5128 -0.3816 -0.7690
vn 0.5859 -0.3816 -0.7150
vn 0.6530 -0.3816 -0.6542
vn 0.7140 -0.3816 -0.5870
vn 0.7681 -0.3816 -0.5142
vn 0.8149 -0.3816 -0.4363
vn 0.8538 -0.3816 -0.3541
vn 0.8843 -0.3816 -0.2691
vn 0.9064 -0.3816 -0.1812
vn 0.9198 -0.3816 -0.0912
vn 0.9243 -0.3816 -0.0008
vn 0.9200 -0.3816 0.0897
vn 0.9067 -0.3816 0.1796
vn 0.8847 -0.3816 0.2676
vn 0.8542 -0.3816 0.3531
vn 0.8155 -0.3816 0.4351
vn 0.7690 -0.3816 0.5128
vn 0.7151 -0.3816 0.5858
vn 0.6541 -0.3816 0.6531
vn 0.5870 -0.3816 0.7140
vn 0.5139 -0.3816 0.7683
vn 0.4364 -0.3816 0.8148
vn 0.3545 -0.3816 0.8537
vn 0.2691 -0.3816 0.8843
vn 0.1813 -0.3815 0.9064
vn 0.0913 -0.3816 0.9198
vn 0.0007 -0.3816 0.9243
vn -0.0898 -0.3816 0.9200
vn -0.1796 -0.3816 0.9067
vn -0.2676 -0.3816 0.8847
vn -0.3530 -0.3816 0.8543
vn -0.4351 -0.3816 0.8155
vn -0.5128 -0.3816 0.7690
vn -0.5859 -0.3816 0.7150
vn -0.6530 -0.3816 0.6542
vn -0.7140 -0.3816 0.5870
vn -0.7681 -0.3816 0.5142
vn -0.8149 -0.3816 0.4363
vn -0.8538 -0.3816 0.3541
vn -0.8843 -0.3816 0.2691
vn -0.9064 -0.3816 0.1812
vn -0.9198 -0.3816 0.0912
vn -0.9257 -0.3756 0.0455
vn -0.9348 -0.3521 -0.0459
vn -0.9337 -0.3464 -0.0913
vn -0.9202 -0.3464 -0.1823
vn -0.8979 -0.3464 -0.2717
vn -0.8669 -0.3464 -0.3584
vn -0.8277 -0.3464 -0.4416
vn -0.7803 -0.3464 -0.5207
vn -0.7255 -0.3464 -0.5947
vn -0.6637 -0.3464 -0.6630
vn -0.5957 -0.3464 -0.7247
vn -0.5219 -0.3463 -0.7795
vn -0.4428 -0.3464 -0.8270
vn -0.3594 -0.3464 -0.8665
vn -0.2730 -0.3464 -0.8975
vn -0.1835 -0.3464 -0.9200
vn -0.0926 -0.3464 -0.9335
vn -0.0007 -0.3464 -0.9381
vn 0.0913 -0.3464 -0.9337
vn 0.1826 -0.3464 -0.9202
vn 0.2715 -0.3463 -0.8980
vn 0.3583 -0.3464 -0.8670
vn 0.4416 -0.3464 -0.8277
vn 0.5207 -0.3464 -0.7803
vn 0.5948 -0.3464 -0.7254
vn 0.6628 -0.3464 -0.6638
vn 0.7247 -0.3464 -0.5957
vn 0.7796 -0.3464 -0.5218
vn 0.8270 -0.3464 -0.4428
vn 0.8665 -0.3464 -0.3594
vn 0.8975 -0.3464 -0.2730
vn 0.9200 -0.3464 -0.1835
vn 0.9335 -0.3464 -0.0926
vn 0.9381 -0.3464 -0.0006
vn 0.9337 -0.3464 0.0913
vn 0.9202 -0.3464 0.1823
vn 0.8979 -0.3464 0.2717
vn 0.8669 -0.3464 0.3584
vn 0.8277 -0.3464 0.4416
vn 0.7803 -0.3464 0.5207
vn 0.7255 -0.3464 0.5947
vn 0.6637 -0.3464 0.6630
vn 0.5957 -0.3464 0.7247
vn 0.5219 -0.3463 0.7795
vn 0.4428 -0.3464 0.8270
vn 0.3594 -0.3464 0.8665
vn 0.2730 -0.3464 0.8975
vn 0.1835 -0.3464 0.9200
vn 0.0926 -0.3464 0.9335
vn 0.0007 -0.3464 0.9381
vn -0.0913 -0.3464 0.9337
vn -0.1826 -0.3464 0.9202
vn -0.2715 -0.3463 0.8980
vn -0.3583 -0.3464 0.8670
vn -0.4416 -0.3464 0.8277
vn -0.5207 -0.3464 0.7803
vn -0.5948 -0.3464 0.7254
vn -0.6628 -0.3464 0.6638
vn -0.7247 -0.3464 0.5957
vn -0.7796 -0.3464 0.5218
vn -0.8270 -0.3464 0.4428
vn -0.8665 -0.3464 0.3594
vn -0.8975 -0.3464 0.2730
vn -0.9200 -0.3464 0.1835
vn -0.9335 -0.3464 0.0926
vn -0.9393 -0.3401 0.0461
vn -0.9478 -0.3153 -0.0466
vn -0.9465 -0.3092 -0.0928
vn -0.9328 -0.3092 -0.1851
vn -0.9102 -0.3092 -0.2756
vn -0.8788 -0.3092 -0.3634
vn -0.8390 -0.3092 -0.4478
vn -0.7911 -0.3092 -0.5278
vn -0.7355 -0.3092 -0.6028
vn -0.6729 -0.3092 -0.6720
vn -0.6035 -0.3092 -0.7349
vn -0.5287 -0.3092 -0.7905
vn -0.4488 -0.3092 -0.8384
vn -0.3644 -0.3092 -0.8784
vn -0.2768 -0.3092 -0.9098
vn -0.1860 -0.3092 -0.9326
vn -0.0938 -0.3092 -0.9464
vn -0.0006 -0.3092 -0.9510
vn 0.0924 -0.3092 -0.9465
vn 0.1851 -0.3092 -0.9328
vn 0.2756 -0.3092 -0.9102
vn 0.3634 -0.3092 -0.8788
vn 0.4477 -0.3092 -0.8390
vn 0.5278 -0.3092 -0.7911
vn 0.6028 -0.3092 -0.7356
vn 0.6720 -0.3092 -0.6729
vn 0.7348 -0.3092 -0.6037
vn 0.7905 -0.3092 -0.5287
vn 0.8384 -0.3092 -0.4489
vn 0.8785 -0.3092 -0.3642
vn 0.9098 -0.3092 -0.2768
vn 0.9326 -0.3092 -0.1858
vn 0.9463 -0.3092 -0.0939
vn 0.9510 -0.3092 -0.0005
vn 0.9465 -0.3092 0.0928
vn 0.9328 -0.3092 0.1851
vn 0.9102 -0.3092 0.2756
vn 0.8788 -0.3092 0.3634
vn 0.8390 -0.3092 0.4478
vn 0.7911 -0.3092 0.5278
vn 0.7355 -0.3092 0.6028
vn 0.6729 -0.3092 0.6720
vn 0.6035 -0.3092 0.7349
vn 0.5287 -0.3092 0.7905
vn 0.4488 -0.3092 0.8384
vn 0.3644 -0.3092 0.8784
vn 0.2768 -0.3092 0.9098
vn 0.1860 -0.3092 0.9326
vn 0.0938 -0.3092 0.9464
vn 0.0006 -0.3092 0.9510
vn -0.0924 -0.3092 0.9465
vn -0.1851 -0.3092 0.9328
vn -0.2756 -0.3092 0.9102
vn -0.3634 -0.3092 0.8788
vn -0.4477 -0.3092 0.8390
vn -0.5278 -0.3092 0.7911
vn -0.6028 -0.3092 0.7356
vn -0.6720 -0.3092 0.6729
vn -0.7348 -0.3092 0.6037
vn -0.7905 -0.3092 0.5287
vn -0.8384 -0.3092 0.4489
vn -0.8785 -0.3092 0.3642
vn -0.9098 -0.3092 0.2768
vn -0.9326 -0.3092 0.1858
vn -0.9463 -0.3092 0.0939
vn -0.9520 -0.3026 0.0468
vn -0.9599 -0.2764 -0.0472
vn -0.9583 -0.2699 -0.0939
vn -0.9444 -0.2699 -0.1879
vn -0.9215 -0.2699 -0.2792
vn -0.8898 -0.2699 -0.3681
vn -0.8495 -0.2698 -0.4533
vn -0.8009 -0.2699 -0.5346
vn -0.7445 -0.2699 -0.6106
vn -0.6809 -0.2699 -0.6809
vn -0.6108 -0.2699 -0.7443
vn -0.5355 -0.2699 -0.8003
vn -0.4543 -0.2699 -0.8490
vn -0.3688 -0.2699 -0.8895
vn -0.2798 -0.2699 -0.9213
vn -0.1883 -0.2699 -0.9443
vn -0.0948 -0.2699 -0.9582
vn -0.0005 -0.2699 -0.9629
vn 0.0941 -0.2699 -0.9583
vn 0.1874 -0.2699 -0.9445
vn 0.2792 -0.2699 -0.9215
vn 0.3681 -0.2699 -0.8898
vn 0.4535 -0.2699 -0.8494
vn 0.5346 -0.2699 -0.8009
vn 0.6108 -0.2699 -0.7443
vn 0.6806 -0.2699 -0.6811
vn 0.7439 -0.2698 -0.6114
vn 0.8004 -0.2699 -0.5353
vn 0.8490 -0.2699 -0.4543
vn 0.8896 -0.2699 -0.3685
vn 0.9214 -0.2699 -0.2795
vn 0.9443 -0.2699 -0.1882
vn 0.9582 -0.2699 -0.0948
vn 0.9629 -0.2699 -0.0005
vn 0.9583 -0.2699 0.0939
vn 0.9444 -0.2699 0.1879
vn 0.9215 -0.2699 0.2792
vn 0.8898 -0.2699 0.3681
vn 0.8495 -0.2698 0.4533
vn 0.8009 -0.2699 0.5346
vn 0.7445 -0.2699 0.6106
vn 0.6809 -0.2699 0.6809
vn 0.6108 -0.2699 0.7443
vn 0.5355 -0.2698 0.8003
vn 0.4543 -0.2699 0.8490
vn 0.3688 -0.2699 0.8895
vn 0.2798 -0.2699 0.9213
vn 0.1883 -0.2699 0.9443
vn 0.0948 -0.2699 0.9582
vn 0.0005 -0.2699 0.9629
vn -0.0941 -0.2699 0.9583
vn -0.1874 -0.2699 0.9445
vn -0.2792 -0.2699 0.9215
vn -0.3681 -0.2699 0.8898
vn -0.4535 -0.2699 0.8494
vn -0.5346 -0.2699 0.8009
vn -0.6108 -0.2699 0.7443
vn -0.6806 -0.2699 0.6811
vn -0.7439 -0.2698 0.6114
vn -0.8004 -0.2699 0.5353
vn -0.8490 -0.2699 0.4543
vn -0.8896 -0.2699 0.3685
vn -0.9214 -0.2699 0.2795
vn -0.9443 -0.2699 0.1882
vn -0.9582 -0.2699 0.0948
vn -0.9637 -0.2629 0.0472
vn -0.9708 -0.2350 -0.0478
vn -0.9690 -0.2280 -0.0954
vn -0.9549 -0.2280 -0.1899
vn -0.9319 -0.2280 -0.2822
vn -0.8997 -0.2280 -0.3722
vn -0.8587 -0.2280 -0.4590
vn -0.8096 -0.2280 -0.5409
vn -0.7526 -0.2280 -0.6177
vn -0.6885 -0.2280 -0.6885
vn -0.6179 -0.2280 -0.7524
vn -0.5412 -0.2280 -0.8094
vn -0.4590 -0.2280 -0.8587
vn -0.3730 -0.2280 -0.8994
vn -0.2829 -0.2280 -0.9316
vn -0.1899 -0.2280 -0.9549
vn -0.0954 -0.2280 -0.9690
vn -0.0005 -0.2280 -0.9737
vn 0.0954 -0.2280 -0.9690
vn 0.1896 -0.2280 -0.9550
vn 0.2822 -0.2280 -0.9319
vn 0.3723 -0.2280 -0.8997
vn 0.4586 -0.2280 -0.8589
vn 0.5409 -0.2280 -0.8096
vn 0.6177 -0.2280 -0.7526
vn 0.6885 -0.2280 -0.6885
vn 0.7526 -0.2280 -0.6177
vn 0.8096 -0.2280 -0.5409
vn 0.8587 -0.2280 -0.4590
vn 0.8994 -0.2280 -0.3730
vn 0.9317 -0.2280 -0.2826
vn 0.9549 -0.2280 -0.1899
vn 0.9690 -0.2280 -0.0954
vn 0.9737 -0.2280 -0.0003
vn 0.9690 -0.2280 0.0954
vn 0.9549 -0.2280 0.1899
vn 0.9319 -0.2280 0.2822
vn 0.8997 -0.2280 0.3722
vn 0.8587 -0.2280 0.4590
vn 0.8096 -0.2280 0.5409
vn 0.7526 -0.2280 0.6177
vn 0.6885 -0.2280 0.6885
vn 0.6179 -0.2280 0.7524
vn 0.5412 -0.2280 0.8094
vn 0.4590 -0.2280 0.8587
vn 0.3730 -0.2280 0.8994
vn 0.2829 -0.2280 0.9316
vn 0.1899 -0.2280 0.9549
vn 0.0954 -0.2280 0.9690
vn 0.0005 -0.2280 0.9737
vn -0.0954 -0.2280 0.9690
vn -0.1896 -0.2280 0.9550
vn -0.2822 -0.2280 0.9319
vn -0.3723 -0.2280 0.8997
vn -0.4586 -0.2280 0.8589
vn -0.5409 -0.2280 0.8096
vn -0.6177 -0.2280 0.7526
vn -0.6885 -0.2280 0.6885
vn -0.7526 -0.2280 0.6177
vn -0.8096 -0.2280 0.5409
vn -0.8587 -0.2280 0.4590
vn -0.8994 -0.2280 0.3730
vn -0.9317 -0.2280 0.2826
vn -0.9549 -0.2280 0.1899
vn -0.9690 -0.2280 0.0954
vn -0.9742 -0.2207 0.0478
vn -0.9804 -0.1910 -0.0482
vn -0.9783 -0.1835 -0.0964
vn -0.9641 -0.1835 -0.1918
vn -0.9407 -0.1835 -0.2854
vn -0.9082 -0.1835 -0.3762
vn -0.8669 -0.1835 -0.4634
vn -0.8173 -0.1835 -0.5461
vn -0.7599 -0.1835 -0.6236
vn -0.6953 -0.1836 -0.6949
vn -0.6236 -0.1835 -0.7599
vn -0.5461 -0.1835 -0.8173
vn -0.4634 -0.1835 -0.8669
vn -0.3762 -0.1835 -0.9082
vn -0.2854 -0.1835 -0.9407
vn -0.1918 -0.1835 -0.9641
vn -0.0964 -0.1835 -0.9783
vn -0.0000 -0.1835 -0.9830
vn 0.0964 -0.1835 -0.9783
vn 0.1918 -0.1835 -0.9641
vn 0.2854 -0.1835 -0.9407
vn 0.3762 -0.1835 -0.9082
vn 0.4634 -0.1835 -0.8669
vn 0.5461 -0.1835 -0.8173
vn 0.6236 -0.1835 -0.7599
vn 0.6951 -0.1835 -0.6951
vn 0.7599 -0.1835 -0.6236
vn 0.8173 -0.1835 -0.5461
vn 0.8669 -0.1835 -0.4634
vn 0.9082 -0.1835 -0.3762
vn 0.9406 -0.1836 -0.2857
vn 0.9641 -0.1835 -0.1918
vn 0.9783 -0.1835 -0.0964
vn 0.9830 -0.1835 -0.0000
vn 0.9783 -0.1835 0.0964
vn 0.9641 -0.1835 0.1918
vn 0.9407 -0.1835 0.2854
vn 0.9082 -0.1835 0.3762
vn 0.8669 -0.1835 0.4634
vn 0.8173 -0.1835 0.5461
vn 0.7599 -0.1835 0.6236
vn 0.6953 -0.1836 0.6949
vn 0.6236 -0.1835 0.7599
vn 0.5461 -0.1835 0.8173
vn 0.4634 -0.1835 0.8669
vn 0.3762 -0.1835 0.9082
vn 0.2854 -0.1835 0.9407
vn 0.1918 -0.1835 0.9641
vn 0.0964 -0.1835 0.9783
vn -0.0000 -0.1835 0.9830
vn -0.0964 -0.1835 0.9783
vn -0.1918 -0.1835 0.9641
vn -0.2854 -0.1835 0.9407
vn -0.3762 -0.1835 0.9082
vn -0.4634 -0.1835 0.8669
vn -0.5461 -0.1835 0.8173
vn -0.6236 -0.1835 0.7599
vn -0.6951 -0.1835 0.6951
vn -0.7599 -0.1835 0.6236
vn -0.8173 -0.1835 0.5461
vn -0.8669 -0.1835 0.4634
vn -0.9082 -0.1835 0.3762
vn -0.9406 -0.1836 0.2857
vn -0.9641 -0.1835 0.1918
vn -0.9783 -0.1835 0.0964
vn -0.9832 -0.1758 0.0482
vn -0.9883 -0.1443 -0.0486
vn -0.9859 -0.1363 -0.0971
vn -0.9716 -0.1362 -0.1933
vn -0.9480 -0.1362 -0.2876
vn -0.9153 -0.1362 -0.3791
vn -0.8737 -0.1362 -0.4670
vn -0.8237 -0.1362 -0.5504
vn -0.7658 -0.1363 -0.6285
vn -0.7005 -0.1363 -0.7005
vn -0.6287 -0.1364 -0.7656
vn -0.5504 -0.1362 -0.8237
vn -0.4670 -0.1362 -0.8737
vn -0.3791 -0.1362 -0.9153
vn -0.2876 -0.1362 -0.9480
vn -0.1933 -0.1363 -0.9716
vn -0.0971 -0.1363 -0.9859
vn -0.0000 -0.1362 -0.9907
vn 0.0971 -0.1363 -0.9859
vn 0.1933 -0.1363 -0.9716
vn 0.2876 -0.1362 -0.9480
vn 0.3791 -0.1362 -0.9153
vn 0.4670 -0.1362 -0.8737
vn 0.5504 -0.1362 -0.8237
vn 0.6285 -0.1363 -0.7658
vn 0.7005 -0.1363 -0.7005
vn 0.7658 -0.1363 -0.6285
vn 0.8237 -0.1362 -0.5504
vn 0.8737 -0.1362 -0.4670
vn 0.9151 -0.1364 -0.3795
vn 0.9480 -0.1362 -0.2876
vn 0.9716 -0.1363 -0.1933
vn 0.9859 -0.1363 -0.0971
vn 0.9907 -0.1362 -0.0000
vn 0.9859 -0.1363 0.0971
vn 0.9716 -0.1362 0.1933
vn 0.9480 -0.1362 0.2876
vn 0.9153 -0.1362 0.3791
vn 0.8737 -0.1362 0.4670
vn 0.8237 -0.1362 0.5504
vn 0.7658 -0.1363 0.6285
vn 0.7005 -0.1363 0.7005
vn 0.6287 -0.1364 0.7656
vn 0.5504 -0.1362 0.8237
vn 0.4670 -0.1362 0.8737
vn 0.3791 -0.1362 0.9153
vn 0.2876 -0.1362 0.9480
vn 0.1933 -0.1363 0.9716
vn 0.0971 -0.1363 0.9859
vn -0.0000 -0.1362 0.9907
vn -0.0971 -0.1363 0.9859
vn -0.1933 -0.1363 0.9716
vn -0.2876 -0.1362 0.9480
vn -0.3791 -0.1362 0.9153
vn -0.4670 -0.1362 0.8737
vn -0.5504 -0.1362 0.8237
vn -0.6285 -0.1363 0.7658
vn -0.7005 -0.1362 0.7005
vn -0.7658 -0.1363 0.6285
vn -0.8237 -0.1362 0.5504
vn -0.8737 -0.1362 0.4670
vn -0.9151 -0.1364 0.3795
vn -0.9480 -0.1362 0.2876
vn -0.9716 -0.1363 0.1933
vn -0.9859 -0.1363 0.0971
vn -0.9906 -0.1281 0.0486
vn -0.9943 -0.0947 -0.0489
vn -0.9915 -0.0861 -0.0976
vn -0.9771 -0.0861 -0.1944
vn -0.9534 -0.0861 -0.2892
vn -0.9204 -0.0861 -0.3813
vn -0.8786 -0.0861 -0.4696
vn -0.8284 -0.0861 -0.5535
vn -0.7701 -0.0861 -0.6320
vn -0.7045 -0.0861 -0.7045
vn -0.6320 -0.0861 -0.7701
vn -0.5535 -0.0861 -0.8284
vn -0.4696 -0.0861 -0.8786
vn -0.3815 -0.0865 -0.9203
vn -0.2892 -0.0861 -0.9534
vn -0.1944 -0.0861 -0.9771
vn -0.0976 -0.0861 -0.9915
vn -0.0000 -0.0861 -0.9963
vn 0.0976 -0.0861 -0.9915
vn 0.1944 -0.0861 -0.9771
vn 0.2892 -0.0861 -0.9534
vn 0.3813 -0.0861 -0.9204
vn 0.4694 -0.0864 -0.8787
vn 0.5535 -0.0861 -0.8284
vn 0.6320 -0.0861 -0.7701
vn 0.7045 -0.0861 -0.7045
vn 0.7701 -0.0861 -0.6320
vn 0.8284 -0.0861 -0.5535
vn 0.8785 -0.0864 -0.4698
vn 0.9204 -0.0861 -0.3813
vn 0.9534 -0.0861 -0.2892
vn 0.9771 -0.0861 -0.1944
vn 0.9915 -0.0861 -0.0976
vn 0.9963 -0.0861 -0.0000
vn 0.9915 -0.0861 0.0976
vn 0.9771 -0.0861 0.1944
vn 0.9534 -0.0861 0.2892
vn 0.9204 -0.0861 0.3813
vn 0.8786 -0.0861 0.4696
vn 0.8284 -0.0861 0.5535
vn 0.7701 -0.0861 0.6320
vn 0.7045 -0.0861 0.7045
vn 0.6320 -0.0861 0.7701
vn 0.5535 -0.0861 0.8284
vn 0.4696 -0.0861 0.8786
vn 0.3815 -0.0865 0.9203
vn 0.2892 -0.0861 0.9534
vn 0.1944 -0.0861 0.9771
vn 0.0976 -0.0861 0.9915
vn -0.0000 -0.0861 0.9963
vn -0.0976 -0.0861 0.9915
vn -0.1944 -0.0861 0.9771
vn -0.2892 -0.0861 0.9534
vn -0.3813 -0.0861 0.9204
vn -0.4694 -0.0864 0.8787
vn -0.5535 -0.0861 0.8284
vn -0.6320 -0.0861 0.7701
vn -0.7045 -0.0861 0.7045
vn -0.7701 -0.0861 0.6320
vn -0.8284 -0.0861 0.5535
vn -0.8785 -0.0864 0.4698
vn -0.9204 -0.0861 0.3813
vn -0.9534 -0.0861 0.2892
vn -0.9771 -0.0861 0.1944
vn -0.9915 -0.0861 0.0976
vn -0.9958 -0.0776 0.0489
vn -0.9979 -0.0423 -0.0490
vn -0.9946 -0.0332 -0.0980
vn -0.9802 -0.0332 -0.1950
vn -0.9564 -0.0335 -0.2902
vn -0.9234 -0.0332 -0.3825
vn -0.8814 -0.0332 -0.4711
vn -0.8310 -0.0332 -0.5553
vn -0.7726 -0.0332 -0.6340
vn -0.7067 -0.0332 -0.7067
vn -0.6340 -0.0332 -0.7726
vn -0.5553 -0.0332 -0.8310
vn -0.4711 -0.0332 -0.8814
vn -0.3825 -0.0332 -0.9234
vn -0.2901 -0.0332 -0.9564
vn -0.1950 -0.0332 -0.9802
vn -0.0979 -0.0337 -0.9946
vn -0.0000 -0.0332 -0.9994
vn 0.0980 -0.0332 -0.9946
vn 0.1950 -0.0332 -0.9802
vn 0.2901 -0.0332 -0.9564
vn 0.3825 -0.0332 -0.9234
vn 0.4712 -0.0335 -0.8814
vn 0.5553 -0.0332 -0.8310
vn 0.6340 -0.0332 -0.7726
vn 0.7067 -0.0332 -0.7067
vn 0.7726 -0.0332 -0.6340
vn 0.8310 -0.0332 -0.5553
vn 0.8814 -0.0332 -0.4711
vn 0.9234 -0.0332 -0.3825
vn 0.9564 -0.0332 -0.2901
vn 0.9802 -0.0332 -0.1950
vn 0.9946 -0.0337 -0.0979
vn 0.9994 -0.0332 -0.0000
vn 0.9946 -0.0332 0.0980
vn 0.9802 -0.0332 0.1950
vn 0.9564 -0.0335 0.2902
vn 0.9234 -0.0332 0.3825
vn 0.8814 -0.0332 0.4711
vn 0.8310 -0.0332 0.5553
vn 0.7726 -0.0332 0.6340
vn 0.7067 -0.0332 0.7067
vn 0.6340 -0.0332 0.7726
vn 0.5553 -0.0332 0.8310
vn 0.4711 -0.0332 0.8814
vn 0.3825 -0.0332 0.9234
vn 0.2901 -0.0332 0.9564
vn 0.1950 -0.0332 0.9802
vn 0.0979 -0.0337 0.9946
vn -0.0000 -0.0332 0.9994
vn -0.0980 -0.0332 0.9946
vn -0.1950 -0.0332 0.9802
vn -0.2901 -0.0332 0.9564
vn -0.3825 -0.0332 0.9234
vn -0.4712 -0.0335 0.8814
vn -0.5553 -0.0332 0.8310
vn -0.6340 -0.0332 0.7726
vn -0.7067 -0.0332 0.7067
vn -0.7726 -0.0332 0.6340
vn -0.8310 -0.0332 0.5553
vn -0.8814 -0.0332 0.4711
vn -0.9234 -0.0332 0.3825
vn -0.9564 -0.0332 0.2901
vn -0.9802 -0.0332 0.1950
vn -0.9946 -0.0337 0.0979
vn -0.9985 -0.0243 0.0490
vn -0.9987 0.0127 -0.0491
vn -0.9949 0.0224 -0.0980
vn -0.9805 0.0224 -0.1950
vn -0.9567 0.0224 -0.2902
vn -0.9236 0.0224 -0.3826
vn -0.8817 0.0224 -0.4713
vn -0.8313 0.0224 -0.5554
vn -0.7728 0.0224 -0.6342
vn -0.7069 0.0224 -0.7069
vn -0.6342 0.0224 -0.7728
vn -0.5554 0.0224 -0.8313
vn -0.4713 0.0224 -0.8817
vn -0.3826 0.0224 -0.9236
vn -0.2902 0.0224 -0.9567
vn -0.1948 0.0221 -0.9806
vn -0.0980 0.0224 -0.9949
vn -0.0000 0.0224 -0.9997
vn 0.0982 0.0221 -0.9949
vn 0.1950 0.0224 -0.9805
vn 0.2902 0.0224 -0.9567
vn 0.3826 0.0224 -0.9236
vn 0.4713 0.0224 -0.8817
vn 0.5554 0.0224 -0.8313
vn 0.6342 0.0224 -0.7728
vn 0.7071 0.0221 -0.7068
vn 0.7728 0.0224 -0.6342
vn 0.8313 0.0224 -0.5554
vn 0.8817 0.0224 -0.4713
vn 0.9236 0.0224 -0.3826
vn 0.9567 0.0224 -0.2902
vn 0.9805 0.0224 -0.1950
vn 0.9949 0.0224 -0.0980
vn 0.9997 0.0224 -0.0000
vn 0.9949 0.0224 0.0980
vn 0.9805 0.0224 0.1950
vn 0.9567 0.0224 0.2902
vn 0.9236 0.0224 0.3826
vn 0.8817 0.0224 0.4713
vn 0.8313 0.0224 0.5554
vn 0.7728 0.0224 0.6342
vn 0.7069 0.0224 0.7069
vn 0.6342 0.0224 0.7728
vn 0.5554 0.0224 0.8313
vn 0.4713 0.0224 0.8817
vn 0.3826 0.0224 0.9236
vn 0.2902 0.0224 0.9567
vn 0.1948 0.0221 0.9806
vn 0.0980 0.0224 0.9949
vn -0.0000 0.0224 0.9997
vn -0.0982 0.0221 0.9949
vn -0.1950 0.0224 0.9805
vn -0.2902 0.0224 0.9567
vn -0.3826 0.0224 0.9236
vn -0.4713 0.0224 0.8817
vn -0.5554 0.0224 0.8313
vn -0.6342 0.0224 0.7728
vn -0.7071 0.0221 0.7068
vn -0.7728 0.0224 0.6342
vn -0.8313 0.0224 0.5554
vn -0.8817 0.0224 0.4713
vn -0.9236 0.0224 0.3826
vn -0.9567 0.0224 0.2902
vn -0.9805 0.0224 0.1950
vn -0.9949 0.0224 0.0980
vn -0.9983 0.0316 0.0491
vn -0.9963 0.0703 -0.0489
vn -0.9920 0.0804 -0.0977
vn -0.9776 0.0804 -0.1945
vn -0.9538 0.0804 -0.2893
vn -0.9209 0.0804 -0.3814
vn -0.8789 0.0801 -0.4702
vn -0.8286 0.0802 -0.5540
vn -0.7705 0.0804 -0.6323
vn -0.7046 0.0802 -0.7050
vn -0.6323 0.0804 -0.7705
vn -0.5538 0.0804 -0.8288
vn -0.4699 0.0804 -0.8791
vn -0.3814 0.0804 -0.9209
vn -0.2893 0.0804 -0.9538
vn -0.1945 0.0804 -0.9776
vn -0.0973 0.0801 -0.9920
vn 0.0004 0.0801 -0.9968
vn 0.0977 0.0804 -0.9920
vn 0.1945 0.0804 -0.9776
vn 0.2893 0.0804 -0.9538
vn 0.3814 0.0804 -0.9209
vn 0.4701 0.0802 -0.8790
vn 0.5538 0.0804 -0.8288
vn 0.6323 0.0804 -0.7705
vn 0.7048 0.0804 -0.7048
vn 0.7705 0.0804 -0.6323
vn 0.8288 0.0804 -0.5538
vn 0.8791 0.0804 -0.4699
vn 0.9209 0.0804 -0.3814
vn 0.9538 0.0804 -0.2893
vn 0.9776 0.0804 -0.1945
vn 0.9920 0.0802 -0.0974
vn 0.9968 0.0801 0.0004
vn 0.9920 0.0804 0.0977
vn 0.9776 0.0804 0.1945
vn 0.9538 0.0804 0.2893
vn 0.9209 0.0804 0.3814
vn 0.8789 0.0801 0.4702
vn 0.8286 0.0802 0.5540
vn 0.7705 0.0804 0.6323
vn 0.7046 0.0802 0.7050
vn 0.6323 0.0804 0.7705
vn 0.5538 0.0804 0.8288
vn 0.4699 0.0804 0.8791
vn 0.3814 0.0804 0.9209
vn 0.2893 0.0804 0.9538
vn 0.1945 0.0804 0.9776
vn 0.0973 0.0801 0.9920
vn -0.0004 0.0801 0.9968
vn -0.0977 0.0804 0.9920
vn -0.1945 0.0804 0.9776
vn -0.2893 0.0804 0.9538
vn -0.3814 0.0804 0.9209
vn -0.4701 0.0802 0.8790
vn -0.5538 0.0804 0.8288
vn -0.6323 0.0804 0.7705
vn -0.7048 0.0804 0.7048
vn -0.7705 0.0804 0.6323
vn -0.8288 0.0804 0.5538
vn -0.8791 0.0804 0.4699
vn -0.9209 0.0804 0.3814
vn -0.9538 0.0804 0.2893
vn -0.9776 0.0804 0.1945
vn -0.9920 0.0802 0.0974
vn -0.9947 0.0900 0.0489
vn -0.9903 0.1301 -0.0486
vn -0.9853 0.1404 -0.0973
vn -0.9710 0.1406 -0.1932
vn -0.9474 0.1404 -0.2877
vn -0.9146 0.1403 -0.3793
vn -0.8730 0.1404 -0.4670
vn -0.8232 0.1406 -0.5501
vn -0.7653 0.1406 -0.6281
vn -0.7001 0.1406 -0.7001
vn -0.6278 0.1403 -0.7656
vn -0.5501 0.1406 -0.8232
vn -0.4667 0.1406 -0.8732
vn -0.3785 0.1403 -0.9149
vn -0.2874 0.1406 -0.9474
vn -0.1929 0.1404 -0.9711
vn -0.0970 0.1406 -0.9853
vn 0.0003 0.1404 -0.9901
vn 0.0975 0.1403 -0.9853
vn 0.1934 0.1404 -0.9710
vn 0.2874 0.1406 -0.9474
vn 0.3792 0.1404 -0.9146
vn 0.4671 0.1403 -0.8730
vn 0.5501 0.1406 -0.8232
vn 0.6281 0.1406 -0.7653
vn 0.7001 0.1406 -0.7001
vn 0.7656 0.1403 -0.6278
vn 0.8232 0.1406 -0.5501
vn 0.8732 0.1406 -0.4667
vn 0.9147 0.1406 -0.3789
vn 0.9474 0.1406 -0.2874
vn 0.9712 0.1403 -0.1928
vn 0.9853 0.1406 -0.0970
vn 0.9901 0.1406 -0.0000
vn 0.9853 0.1404 0.0973
vn 0.9710 0.1406 0.1932
vn 0.9474 0.1404 0.2877
vn 0.9146 0.1403 0.3793
vn 0.8730 0.1404 0.4670
vn 0.8232 0.1406 0.5501
vn 0.7653 0.1406 0.6281
vn 0.7001 0.1406 0.7001
vn 0.6278 0.1403 0.7656
vn 0.5501 0.1406 0.8232
vn 0.4667 0.1406 0.8732
vn 0.3785 0.1403 0.9149
vn 0.2874 0.1406 0.9474
vn 0.1929 0.1404 0.9711
vn 0.0970 0.1406 0.9853
vn -0.0003 0.1404 0.9901
vn -0.0975 0.1403 0.9853
vn -0.1934 0.1404 0.9710
vn -0.2874 0.1406 0.9474
vn -0.3792 0.1404 0.9146
vn -0.4671 0.1403 0.8730
vn -0.5501 0.1406 0.8232
vn -0.6281 0.1406 0.7653
vn -0.7001 0.1406 0.7001
vn -0.7656 0.1403 0.6278
vn -0.8232 0.1406 0.5501
vn -0.8732 0.1406 0.4667
vn -0.9147 0.1406 0.3789
vn -0.9474 0.1406 0.2874
vn -0.9712 0.1403 0.1928
vn -0.9853 0.1406 0.0970
vn -0.9874 0.1504 0.0486
vn -0.9803 0.1916 -0.0480
vn -0.9746 0.2024 -0.0960
vn -0.9604 0.2023 -0.1914
vn -0.9370 0.2022 -0.2847
vn -0.9046 0.2022 -0.3752
vn -0.8634 0.2022 -0.4622
vn -0.8139 0.2022 -0.5446
vn -0.7567 0.2022 -0.6217
vn -0.6922 0.2022 -0.6928
vn -0.6209 0.2022 -0.7573
vn -0.5441 0.2024 -0.8143
vn -0.4613 0.2022 -0.8639
vn -0.3744 0.2022 -0.9050
vn -0.2839 0.2022 -0.9373
vn -0.1908 0.2023 -0.9606
vn -0.0956 0.2022 -0.9747
vn 0.0004 0.2022 -0.9793
vn 0.0960 0.2024 -0.9746
vn 0.1914 0.2023 -0.9604
vn 0.2848 0.2022 -0.9370
vn 0.3752 0.2022 -0.9046
vn 0.4620 0.2022 -0.8635
vn 0.5444 0.2022 -0.8140
vn 0.6218 0.2022 -0.7566
vn 0.6928 0.2022 -0.6922
vn 0.7572 0.2023 -0.6210
vn 0.8144 0.2023 -0.5438
vn 0.8640 0.2022 -0.4612
vn 0.9049 0.2023 -0.3745
vn 0.9373 0.2022 -0.2839
vn 0.9606 0.2022 -0.1906
vn 0.9747 0.2022 -0.0956
vn 0.9793 0.2022 0.0006
vn 0.9746 0.2024 0.0960
vn 0.9604 0.2023 0.1914
vn 0.9370 0.2022 0.2847
vn 0.9046 0.2022 0.3752
vn 0.8634 0.2022 0.4622
vn 0.8139 0.2022 0.5446
vn 0.7567 0.2022 0.6217
vn 0.6922 0.2022 0.6928
vn 0.6209 0.2022 0.7573
vn 0.5441 0.2024 0.8143
vn 0.4613 0.2022 0.8639
vn 0.3744 0.2022 0.9050
vn 0.2839 0.2022 0.9373
vn 0.1908 0.2023 0.9606
vn 0.0956 0.2022 0.9747
vn -0.0004 0.2022 0.9793
vn -0.0960 0.2024 0.9746
vn -0.1914 0.2023 0.9604
vn -0.2848 0.2022 0.9370
vn -0.3752 0.2022 0.9046
vn -0.4620 0.2022 0.8635
vn -0.5444 0.2022 0.8140
vn -0.6218 0.2022 0.7566
vn -0.6928 0.2022 0.6922
vn -0.7572 0.2023 0.6210
vn -0.8144 0.2023 0.5438
vn -0.8640 0.2022 0.4612
vn -0.9049 0.2023 0.3745
vn -0.9373 0.2022 0.2839
vn -0.9606 0.2022 0.1906
vn -0.9747 0.2022 0.0956
vn -0.9760 0.2125 0.0480
vn -0.9659 0.2545 -0.0475
vn -0.9595 0.2653 -0.0949
vn -0.9455 0.2653 -0.1885
vn -0.9225 0.2653 -0.2805
vn -0.8906 0.2653 -0.3694
vn -0.8501 0.2653 -0.4550
vn -0.8015 0.2654 -0.5359
vn -0.7449 0.2653 -0.6122
vn -0.6814 0.2653 -0.6821
vn -0.6113 0.2653 -0.7456
vn -0.5354 0.2654 -0.8018
vn -0.4539 0.2653 -0.8506
vn -0.3686 0.2653 -0.8909
vn -0.2793 0.2653 -0.9228
vn -0.1875 0.2653 -0.9458
vn -0.0939 0.2653 -0.9596
vn 0.0007 0.2653 -0.9642
vn 0.0945 0.2655 -0.9595
vn 0.1887 0.2653 -0.9455
vn 0.2803 0.2653 -0.9225
vn 0.3689 0.2655 -0.8907
vn 0.4549 0.2653 -0.8501
vn 0.5360 0.2653 -0.8014
vn 0.6120 0.2653 -0.7450
vn 0.6822 0.2653 -0.6814
vn 0.7456 0.2653 -0.6113
vn 0.8018 0.2654 -0.5354
vn 0.8505 0.2653 -0.4541
vn 0.8909 0.2653 -0.3686
vn 0.9228 0.2653 -0.2793
vn 0.9458 0.2653 -0.1875
vn 0.9596 0.2653 -0.0939
vn 0.9642 0.2653 0.0007
vn 0.9595 0.2653 0.0949
vn 0.9455 0.2653 0.1885
vn 0.9225 0.2653 0.2805
vn 0.8906 0.2653 0.3694
vn 0.8501 0.2653 0.4550
vn 0.8015 0.2654 0.5359
vn 0.7449 0.2653 0.6122
vn 0.6814 0.2653 0.6821
vn 0.6113 0.2653 0.7456
vn 0.5354 0.2654 0.8018
vn 0.4539 0.2653 0.8506
vn 0.3686 0.2653 0.8909
vn 0.2793 0.2653 0.9228
vn 0.1875 0.2653 0.9458
vn 0.0939 0.2653 0.9596
vn -0.0007 0.2653 0.9642
vn -0.0945 0.2655 0.9595
vn -0.1887 0.2653 0.9455
vn -0.2803 0.2653 0.9225
vn -0.3689 0.2655 0.8907
vn -0.4549 0.2653 0.8501
vn -0.5360 0.2653 0.8014
vn -0.6120 0.2653 0.7450
vn -0.6822 0.2653 0.6814
vn -0.7456 0.2653 0.6113
vn -0.8018 0.2654 0.5354
vn -0.8505 0.2653 0.4541
vn -0.8909 0.2653 0.3686
vn -0.9228 0.2653 0.2793
vn -0.9458 0.2653 0.1875
vn -0.9596 0.2653 0.0939
vn -0.9601 0.2757 0.0473
vn -0.9469 0.3181 -0.0465
vn -0.9397 0.3289 -0.0934
vn -0.9260 0.3290 -0.1850
vn -0.9034 0.3290 -0.2749
vn -0.8722 0.3290 -0.3620
vn -0.8325 0.3290 -0.4459
vn -0.7847 0.3290 -0.5253
vn -0.7296 0.3290 -0.5996
vn -0.6673 0.3290 -0.6682
vn -0.5985 0.3290 -0.7305
vn -0.5240 0.3290 -0.7856
vn -0.4446 0.3290 -0.8331
vn -0.3608 0.3290 -0.8727
vn -0.2734 0.3290 -0.9039
vn -0.1838 0.3291 -0.9262
vn -0.0920 0.3290 -0.9398
vn 0.0004 0.3291 -0.9443
vn 0.0934 0.3290 -0.9397
vn 0.1849 0.3290 -0.9261
vn 0.2749 0.3290 -0.9034
vn 0.3621 0.3290 -0.8722
vn 0.4459 0.3290 -0.8325
vn 0.5252 0.3290 -0.7848
vn 0.5996 0.3290 -0.7296
vn 0.6683 0.3290 -0.6672
vn 0.7304 0.3290 -0.5986
vn 0.7856 0.3290 -0.5240
vn 0.8331 0.3290 -0.4446
vn 0.8727 0.3290 -0.3608
vn 0.9039 0.3290 -0.2734
vn 0.9262 0.3291 -0.1838
vn 0.9398 0.3290 -0.0919
vn 0.9443 0.3290 0.0006
vn 0.9397 0.3289 0.0934
vn 0.9260 0.3290 0.1850
vn 0.9034 0.3290 0.2749
vn 0.8722 0.3290 0.3620
vn 0.8325 0.3290 0.4459
vn 0.7847 0.3290 0.5253
vn 0.7296 0.3290 0.5996
vn 0.6673 0.3290 0.6682
vn 0.5985 0.3290 0.7305
vn 0.5240 0.3290 0.7856
vn 0.4446 0.3290 0.8331
vn 0.3608 0.3290 0.8727
vn 0.2734 0.3290 0.9039
vn 0.1838 0.3291 0.9262
vn 0.0920 0.3290 0.9398
vn -0.0004 0.3291 0.9443
vn -0.0934 0.3290 0.9397
vn -0.1849 0.3290 0.9261
vn -0.2749 0.3290 0.9034
vn -0.3621 0.3290 0.8722
vn -0.4459 0.3290 0.8325
vn -0.5252 0.3290 0.7848
vn -0.5996 0.3290 0.7296
vn -0.6683 0.3290 0.6672
vn -0.7304 0.3290 0.5986
vn -0.7856 0.3290 0.5240
vn -0.8331 0.3290 0.4446
vn -0.8727 0.3290 0.3608
vn -0.9039 0.3290 0.2734
vn -0.9262 0.3291 0.1838
vn -0.9398 0.3290 0.0919
vn -0.9395 0.3394 0.0462
vn -0.9231 0.3819 -0.0453
vn -0.9151 0.3928 -0.0909
vn -0.9018 0.3927 -0.1804
vn -0.8798 0.3928 -0.2677
vn -0.8493 0.3927 -0.3528
vn -0.8106 0.3927 -0.4344
vn -0.7641 0.3927 -0.5117
vn -0.7104 0.3928 -0.5839
vn -0.6497 0.3928 -0.6509
vn -0.5828 0.3928 -0.7114
vn -0.5102 0.3927 -0.7652
vn -0.4327 0.3927 -0.8115
vn -0.3512 0.3928 -0.8499
vn -0.2662 0.3928 -0.8803
vn -0.1785 0.3927 -0.9022
vn -0.0894 0.3928 -0.9153
vn 0.0008 0.3928 -0.9196
vn 0.0909 0.3928 -0.9151
vn 0.1803 0.3927 -0.9018
vn 0.2677 0.3928 -0.8798
vn 0.3527 0.3928 -0.8493
vn 0.4344 0.3927 -0.8106
vn 0.5117 0.3927 -0.7642
vn 0.5841 0.3927 -0.7103
vn 0.6509 0.3928 -0.6497
vn 0.7114 0.3928 -0.5828
vn 0.7652 0.3927 -0.5102
vn 0.8115 0.3927 -0.4327
vn 0.8499 0.3928 -0.3512
vn 0.8803 0.3928 -0.2662
vn 0.9022 0.3927 -0.1784
vn 0.9153 0.3928 -0.0894
vn 0.9196 0.3928 0.0008
vn 0.9151 0.3928 0.0909
vn 0.9018 0.3927 0.1804
vn 0.8798 0.3928 0.2677
vn 0.8493 0.3927 0.3528
vn 0.8106 0.3927 0.4344
vn 0.7641 0.3927 0.5117
vn 0.7104 0.3928 0.5839
vn 0.6497 0.3928 0.6509
vn 0.5828 0.3928 0.7114
vn 0.5102 0.3927 0.7652
vn 0.4327 0.3927 0.8115
vn 0.3512 0.3928 0.8499
vn 0.2662 0.3928 0.8803
vn 0.1785 0.3927 0.9022
vn 0.0894 0.3928 0.9153
vn -0.0008 0.3928 0.9196
vn -0.0909 0.3928 0.9151
vn -0.1803 0.3927 0.9018
vn -0.2677 0.3928 0.8798
vn -0.3527 0.3928 0.8493
vn -0.4344 0.3927 0.8106
vn -0.5117 0.3927 0.7642
vn -0.5841 0.3927 0.7103
vn -0.6509 0.3928 0.6497
vn -0.7114 0.3928 0.5828
vn -0.7652 0.3927 0.5102
vn -0.8115 0.3927 0.4327
vn -0.8499 0.3928 0.3512
vn -0.8803 0.3928 0.2662
vn -0.9022 0.3927 0.1784
vn -0.9153 0.3928 0.0894
vn -0.9141 0.4031 0.0449
vn -0.8943 0.4452 -0.0439
vn -0.8856 0.4559 -0.0884
vn -0.8727 0.4560 -0.1744
vn -0.8514 0.4560 -0.2593
vn -0.8219 0.4560 -0.3415
vn -0.7845 0.4560 -0.4204
vn -0.7395 0.4560 -0.4952
vn -0.6874 0.4560 -0.5652
vn -0.6286 0.4560 -0.6300
vn -0.5638 0.4560 -0.6886
vn -0.4937 0.4560 -0.7405
vn -0.4187 0.4560 -0.7853
vn -0.3396 0.4560 -0.8226
vn -0.2574 0.4560 -0.8520
vn -0.1727 0.4560 -0.8731
vn -0.0862 0.4560 -0.8858
vn 0.0009 0.4560 -0.8900
vn 0.0881 0.4560 -0.8856
vn 0.1745 0.4560 -0.8727
vn 0.2593 0.4560 -0.8514
vn 0.3415 0.4560 -0.8219
vn 0.4204 0.4560 -0.7845
vn 0.4952 0.4560 -0.7395
vn 0.5653 0.4560 -0.6874
vn 0.6300 0.4560 -0.6286
vn 0.6886 0.4560 -0.5638
vn 0.7405 0.4560 -0.4937
vn 0.7853 0.4560 -0.4187
vn 0.8226 0.4560 -0.3396
vn 0.8520 0.4560 -0.2574
vn 0.8731 0.4560 -0.1727
vn 0.8858 0.4560 -0.0862
vn 0.8900 0.4560 0.0009
vn 0.8856 0.4559 0.0884
vn 0.8727 0.4560 0.1744
vn 0.8514 0.4560 0.2593
vn 0.8219 0.4560 0.3415
vn 0.7845 0.4560 0.4204
vn 0.7395 0.4560 0.4952
vn 0.6874 0.4560 0.5652
vn 0.6286 0.4560 0.6300
vn 0.5638 0.4560 0.6886
vn 0.4937 0.4560 0.7405
vn 0.4187 0.4560 0.7853
vn 0.3396 0.4560 0.8226
vn 0.2574 0.4560 0.8520
vn 0.1727 0.4560 0.8731
vn 0.0862 0.4560 0.8858
vn -0.0009 0.4560 0.8900
vn -0.0881 0.4560 0.8856
vn -0.1745 0.4560 0.8727
vn -0.2593 0.4560 0.8514
vn -0.3415 0.4560 0.8219
vn -0.4204 0.4560 0.7845
vn -0.4952 0.4560 0.7395
vn -0.5653 0.4560 0.6874
vn -0.6300 0.4560 0.6286
vn -0.6886 0.4560 0.5638
vn -0.7405 0.4560 0.4937
vn -0.7853 0.4560 0.4187
vn -0.8226 0.4560 0.3396
vn -0.8520 0.4560 0.2574
vn -0.8731 0.4560 0.1727
vn -0.8858 0.4560 0.0862
vn -0.8837 0.4661 0.0434
vn -0.8606 0.5075 -0.0423
vn -0.8511 0.5180 -0.0850
vn -0.8387 0.5181 -0.1679
vn -0.8182 0.5181 -0.2493
vn -0.7899 0.5181 -0.3282
vn -0.7538 0.5180 -0.4043
vn -0.7106 0.5180 -0.4761
vn -0.6605 0.5181 -0.5434
vn -0.6041 0.5181 -0.6056
vn -0.5419 0.5181 -0.6618
vn -0.4743 0.5181 -0.7118
vn -0.4022 0.5180 -0.7549
vn -0.3264 0.5181 -0.7906
vn -0.2473 0.5181 -0.8188
vn -0.1658 0.5180 -0.8391
vn -0.0828 0.5181 -0.8513
vn 0.0011 0.5180 -0.8554
vn 0.0850 0.5180 -0.8511
vn 0.1680 0.5180 -0.8387
vn 0.2494 0.5180 -0.8182
vn 0.3285 0.5180 -0.7898
vn 0.4041 0.5181 -0.7539
vn 0.4762 0.5180 -0.7106
vn 0.5434 0.5181 -0.6605
vn 0.6056 0.5181 -0.6041
vn 0.6618 0.5181 -0.5418
vn 0.7118 0.5181 -0.4743
vn 0.7548 0.5181 -0.4023
vn 0.7906 0.5181 -0.3264
vn 0.8188 0.5181 -0.2473
vn 0.8391 0.5180 -0.1658
vn 0.8513 0.5180 -0.0827
vn 0.8554 0.5180 0.0012
vn 0.8511 0.5180 0.0850
vn 0.8387 0.5181 0.1679
vn 0.8182 0.5181 0.2493
vn 0.7899 0.5181 0.3282
vn 0.7538 0.5180 0.4043
vn 0.7106 0.5180 0.4761
vn 0.6605 0.5181 0.5434
vn 0.6041 0.5181 0.6056
vn 0.5419 0.5181 0.6618
vn 0.4743 0.5181 0.7118
vn 0.4022 0.5180 0.7549
vn 0.3264 0.5181 0.7906
vn 0.2473 0.5181 0.8188
vn 0.1658 0.5180 0.8391
vn 0.0828 0.5181 0.8513
vn -0.0011 0.5180 0.8554
vn -0.0850 0.5180 0.8511
vn -0.1680 0.5180 0.8387
vn -0.2494 0.5180 0.8182
vn -0.3285 0.5180 0.7898
vn -0.4041 0.5181 0.7539
vn -0.4762 0.5180 0.7106
vn -0.5434 0.5181 0.6605
vn -0.6056 0.5181 0.6041
vn -0.6618 0.5181 0.5418
vn -0.7118 0.5181 0.4743
vn -0.7548 0.5181 0.4023
vn -0.7906 0.5181 0.3264
vn -0.8188 0.5181 0.2473
vn -0.8391 0.5180 0.1658
vn -0.8513 0.5180 0.0827
vn -0.8483 0.5279 0.0417
vn -0.8219 0.5682 -0.0404
vn -0.8117 0.5784 -0.0811
vn -0.7998 0.5784 -0.1604
vn -0.7803 0.5784 -0.2379
vn -0.7532 0.5784 -0.3133
vn -0.7188 0.5784 -0.3857
vn -0.6776 0.5784 -0.4542
vn -0.6298 0.5784 -0.5185
vn -0.5759 0.5784 -0.5777
vn -0.5165 0.5784 -0.6314
vn -0.4522 0.5784 -0.6789
vn -0.3835 0.5784 -0.7200
vn -0.3110 0.5784 -0.7541
vn -0.2356 0.5784 -0.7810
vn -0.1579 0.5784 -0.8003
vn -0.0788 0.5784 -0.8119
vn 0.0012 0.5784 -0.8157
vn 0.0812 0.5784 -0.8117
vn 0.1604 0.5784 -0.7998
vn 0.2379 0.5784 -0.7803
vn 0.3133 0.5784 -0.7532
vn 0.3857 0.5784 -0.7188
vn 0.4542 0.5784 -0.6776
vn 0.5185 0.5784 -0.6298
vn 0.5777 0.5784 -0.5759
vn 0.6314 0.5784 -0.5165
vn 0.6789 0.5784 -0.4522
vn 0.7200 0.5784 -0.3835
vn 0.7541 0.5784 -0.3111
vn 0.7810 0.5784 -0.2357
vn 0.8003 0.5784 -0.1579
vn 0.8119 0.5784 -0.0787
vn 0.8157 0.5784 0.0012
vn 0.8117 0.5784 0.0811
vn 0.7998 0.5784 0.1604
vn 0.7803 0.5784 0.2379
vn 0.7532 0.5784 0.3133
vn 0.7188 0.5784 0.3857
vn 0.6776 0.5784 0.4542
vn 0.6298 0.5784 0.5185
vn 0.5759 0.5784 0.5777
vn 0.5165 0.5784 0.6314
vn 0.4522 0.5784 0.6789
vn 0.3835 0.5784 0.7200
vn 0.3110 0.5784 0.7541
vn 0.2356 0.5784 0.7810
vn 0.1579 0.5784 0.8003
vn 0.0788 0.5784 0.8119
vn -0.0012 0.5784 0.8157
vn -0.0812 0.5784 0.8117
vn -0.1604 0.5784 0.7998
vn -0.2379 0.5784 0.7803
vn -0.3133 0.5784 0.7532
vn -0.3857 0.5784 0.7188
vn -0.4542 0.5784 0.6776
vn -0.5185 0.5784 0.6298
vn -0.5777 0.5784 0.5759
vn -0.6314 0.5784 0.5165
vn -0.6789 0.5784 0.4522
vn -0.7200 0.5784 0.3835
vn -0.7541 0.5784 0.3111
vn -0.7810 0.5784 0.2357
vn -0.8003 0.5784 0.1579
vn -0.8119 0.5784 0.0787
vn -0.8079 0.5880 0.0397
vn -0.7782 0.6268 -0.0382
vn -0.7674 0.6365 -0.0770
vn -0.7562 0.6365 -0.1518
vn -0.7376 0.6366 -0.2251
vn -0.7120 0.6365 -0.2964
vn -0.6795 0.6366 -0.3647
vn -0.6405 0.6366 -0.4296
vn -0.5953 0.6365 -0.4903
vn -0.5444 0.6365 -0.5463
vn -0.4882 0.6365 -0.5971
vn -0.4274 0.6366 -0.6420
vn -0.3624 0.6366 -0.6807
vn -0.2939 0.6365 -0.7131
vn -0.2227 0.6366 -0.7384
vn -0.1491 0.6365 -0.7567
vn -0.0743 0.6366 -0.7676
vn 0.0014 0.6365 -0.7712
vn 0.0769 0.6366 -0.7674
vn 0.1517 0.6366 -0.7562
vn 0.2252 0.6366 -0.7376
vn 0.2964 0.6366 -0.7120
vn 0.3647 0.6366 -0.6795
vn 0.4296 0.6366 -0.6405
vn 0.4903 0.6366 -0.5953
vn 0.5463 0.6366 -0.5444
vn 0.5971 0.6365 -0.4882
vn 0.6420 0.6366 -0.4274
vn 0.6808 0.6366 -0.3624
vn 0.7130 0.6366 -0.2939
vn 0.7384 0.6366 -0.2226
vn 0.7567 0.6365 -0.1491
vn 0.7676 0.6366 -0.0743
vn 0.7712 0.6366 0.0013
vn 0.7674 0.6365 0.0770
vn 0.7561 0.6365 0.1518
vn 0.7376 0.6366 0.2251
vn 0.7120 0.6365 0.2964
vn 0.6795 0.6366 0.3647
vn 0.6405 0.6366 0.4296
vn 0.5953 0.6365 0.4903
vn 0.5444 0.6365 0.5463
vn 0.4882 0.6365 0.5971
vn 0.4274 0.6366 0.6420
vn 0.3624 0.6366 0.6807
vn 0.2939 0.6365 0.7131
vn 0.2227 0.6366 0.7384
vn 0.1491 0.6365 0.7567
vn 0.0743 0.6366 0.7676
vn -0.0014 0.6365 0.7712
vn -0.0769 0.6366 0.7674
vn -0.1517 0.6366 0.7562
vn -0.2252 0.6366 0.7376
vn -0.2964 0.6366 0.7120
vn -0.3647 0.6366 0.6795
vn -0.4296 0.6366 0.6405
vn -0.4903 0.6366 0.5953
vn -0.5463 0.6366 0.5444
vn -0.5971 0.6365 0.4882
vn -0.6420 0.6366 0.4274
vn -0.6808 0.6366 0.3624
vn -0.7130 0.6366 0.2939
vn -0.7384 0.6366 0.2226
vn -0.7567 0.6365 0.1491
vn -0.7676 0.6366 0.0743
vn -0.7626 0.6458 0.0375
vn -0.7297 0.6828 -0.0359
vn -0.7183 0.6920 -0.0722
vn -0.7078 0.6920 -0.1422
vn -0.6904 0.6920 -0.2109
vn -0.6664 0.6920 -0.2776
vn -0.6360 0.6920 -0.3416
vn -0.5995 0.6920 -0.4022
vn -0.5572 0.6920 -0.4590
vn -0.5095 0.6920 -0.5115
vn -0.4568 0.6920 -0.5590
vn -0.3999 0.6920 -0.6010
vn -0.3390 0.6920 -0.6374
vn -0.2749 0.6920 -0.6675
vn -0.2082 0.6920 -0.6913
vn -0.1394 0.6920 -0.7083
vn -0.0694 0.6920 -0.7186
vn 0.0014 0.6920 -0.7219
vn 0.0722 0.6920 -0.7183
vn 0.1423 0.6920 -0.7078
vn 0.2109 0.6920 -0.6904
vn 0.2776 0.6920 -0.6664
vn 0.3416 0.6920 -0.6360
vn 0.4022 0.6920 -0.5995
vn 0.4591 0.6920 -0.5571
vn 0.5115 0.6920 -0.5094
vn 0.5589 0.6920 -0.4569
vn 0.6010 0.6920 -0.3999
vn 0.6374 0.6920 -0.3390
vn 0.6675 0.6920 -0.2749
vn 0.6913 0.6920 -0.2081
vn 0.7083 0.6920 -0.1395
vn 0.7186 0.6920 -0.0692
vn 0.7219 0.6920 0.0015
vn 0.7183 0.6920 0.0722
vn 0.7078 0.6920 0.1422
vn 0.6904 0.6920 0.2109
vn 0.6664 0.6920 0.2776
vn 0.6360 0.6920 0.3416
vn 0.5995 0.6920 0.4022
vn 0.5572 0.6920 0.4590
vn 0.5095 0.6920 0.5115
vn 0.4568 0.6920 0.5590
vn 0.3999 0.6920 0.6010
vn 0.3390 0.6920 0.6374
vn 0.2749 0.6920 0.6675
vn 0.2082 0.6920 0.6913
vn 0.1394 0.6920 0.7083
vn 0.0694 0.6920 0.7186
vn -0.0014 0.6920 0.7219
vn -0.0722 0.6920 0.7183
vn -0.1423 0.6920 0.7078
vn -0.2109 0.6920 0.6904
vn -0.2776 0.6920 0.6664
vn -0.3416 0.6920 0.6360
vn -0.4022 0.6920 0.5995
vn -0.4591 0.6920 0.5571
vn -0.5115 0.6920 0.5094
vn -0.5589 0.6920 0.4569
vn -0.6010 0.6920 0.3999
vn -0.6374 0.6920 0.3390
vn -0.6675 0.6920 0.2749
vn -0.6913 0.6920 0.2081
vn -0.7083 0.6920 0.1395
vn -0.7186 0.6920 0.0692
vn -0.7126 0.7007 0.0350
vn -0.6765 0.7357 -0.0332
vn -0.6645 0.7443 -0.0670
vn -0.6547 0.7443 -0.1318
vn -0.6387 0.7443 -0.1953
vn -0.6165 0.7443 -0.2570
vn -0.5883 0.7443 -0.3162
vn -0.5545 0.7443 -0.3723
vn -0.5153 0.7443 -0.4249
vn -0.4712 0.7443 -0.4733
vn -0.4225 0.7443 -0.5172
vn -0.3697 0.7443 -0.5562
vn -0.3135 0.7443 -0.5897
vn -0.2542 0.7443 -0.6176
vn -0.1924 0.7443 -0.6396
vn -0.1288 0.7443 -0.6553
vn -0.0639 0.7443 -0.6648
vn 0.0016 0.7443 -0.6679
vn 0.0670 0.7443 -0.6645
vn 0.1318 0.7443 -0.6547
vn 0.1953 0.7443 -0.6387
vn 0.2570 0.7443 -0.6165
vn 0.3162 0.7443 -0.5883
vn 0.3723 0.7443 -0.5545
vn 0.4248 0.7443 -0.5153
vn 0.4733 0.7443 -0.4712
vn 0.5172 0.7443 -0.4225
vn 0.5562 0.7442 -0.3697
vn 0.5897 0.7443 -0.3135
vn 0.6176 0.7443 -0.2542
vn 0.6396 0.7442 -0.1923
vn 0.6553 0.7443 -0.1288
vn 0.6648 0.7443 -0.0640
vn 0.6679 0.7443 0.0016
vn 0.6645 0.7443 0.0670
vn 0.6547 0.7443 0.1318
vn 0.6387 0.7443 0.1953
vn 0.6165 0.7443 0.2570
vn 0.5883 0.7443 0.3162
vn 0.5545 0.7443 0.3723
vn 0.5153 0.7443 0.4249
vn 0.4712 0.7443 0.4733
vn 0.4225 0.7443 0.5172
vn 0.3697 0.7443 0.5562
vn 0.3135 0.7443 0.5897
vn 0.2542 0.7443 0.6176
vn 0.1924 0.7443 0.6396
vn 0.1288 0.7443 0.6553
vn 0.0639 0.7443 0.6648
vn -0.0016 0.7443 0.6679
vn -0.0670 0.7443 0.6645
vn -0.1318 0.7443 0.6547
vn -0.1953 0.7443 0.6387
vn -0.2570 0.7443 0.6165
vn -0.3162 0.7443 0.5883
vn -0.3723 0.7443 0.5545
vn -0.4248 0.7443 0.5153
vn -0.4733 0.7443 0.4712
vn -0.5172 0.7443 0.4225
vn -0.5562 0.7442 0.3697
vn -0.5897 0.7443 0.3135
vn -0.6176 0.7443 0.2542
vn -0.6396 0.7442 0.1923
vn -0.6553 0.7443 0.1288
vn -0.6648 0.7443 0.0640
vn -0.6578 0.7525 0.0323
vn -0.6187 0.7850 -0.0304
vn -0.6062 0.7930 -0.0613
vn -0.5972 0.7930 -0.1204
vn -0.5826 0.7930 -0.1784
vn -0.5623 0.7930 -0.2347
vn -0.5366 0.7930 -0.2886
vn -0.5057 0.7930 -0.3398
vn -0.4699 0.7930 -0.3878
vn -0.4297 0.7930 -0.4320
vn -0.3853 0.7930 -0.4720
vn -0.3371 0.7929 -0.5076
vn -0.2857 0.7929 -0.5381
vn -0.2317 0.7930 -0.5635
vn -0.1752 0.7929 -0.5836
vn -0.1173 0.7930 -0.5979
vn -0.0581 0.7930 -0.6065
vn 0.0017 0.7930 -0.6093
vn 0.0614 0.7929 -0.6062
vn 0.1205 0.7930 -0.5972
vn 0.1784 0.7930 -0.5826
vn 0.2347 0.7930 -0.5623
vn 0.2886 0.7930 -0.5366
vn 0.3398 0.7930 -0.5057
vn 0.3878 0.7930 -0.4699
vn 0.4320 0.7930 -0.4297
vn 0.4720 0.7930 -0.3852
vn 0.5074 0.7930 -0.3372
vn 0.5381 0.7930 -0.2857
vn 0.5635 0.7930 -0.2317
vn 0.5835 0.7929 -0.1753
vn 0.5979 0.7930 -0.1173
vn 0.6065 0.7930 -0.0581
vn 0.6093 0.7930 0.0017
vn 0.6062 0.7930 0.0613
vn 0.5972 0.7930 0.1204
vn 0.5826 0.7930 0.1784
vn 0.5623 0.7930 0.2347
vn 0.5366 0.7930 0.2886
vn 0.5057 0.7930 0.3398
vn 0.4699 0.7930 0.3878
vn 0.4297 0.7930 0.4320
vn 0.3853 0.7930 0.4720
vn 0.3371 0.7929 0.5076
vn 0.2857 0.7930 0.5381
vn 0.2317 0.7930 0.5635
vn 0.1752 0.7929 0.5836
vn 0.1173 0.7930 0.5979
vn 0.0581 0.7930 0.6065
vn -0.0017 0.7930 0.6093
vn -0.0614 0.7930 0.6062
vn -0.1205 0.7930 0.5972
vn -0.1784 0.7930 0.5826
vn -0.2347 0.7930 0.5623
vn -0.2886 0.7930 0.5366
vn -0.3398 0.7930 0.5057
vn -0.3878 0.7930 0.4699
vn -0.4320 0.7930 0.4297
vn -0.4720 0.7930 0.3852
vn -0.5074 0.7930 0.3372
vn -0.5381 0.7930 0.2857
vn -0.5635 0.7930 0.2317
vn -0.5835 0.7929 0.1753
vn -0.5979 0.7930 0.1173
vn -0.6065 0.7930 0.0581
vn -0.5985 0.8006 0.0294
vn -0.5563 0.8305 -0.0273
vn -0.5434 0.8376 -0.0552
vn -0.5354 0.8376 -0.1084
vn -0.5222 0.8376 -0.1602
vn -0.5040 0.8376 -0.2107
vn -0.4809 0.8376 -0.2590
vn -0.4532 0.8377 -0.3048
vn -0.4211 0.8376 -0.3479
vn -0.3850 0.8376 -0.3875
vn -0.3452 0.8376 -0.4233
vn -0.3020 0.8376 -0.4551
vn -0.2560 0.8376 -0.4826
vn -0.2074 0.8376 -0.5053
vn -0.1569 0.8376 -0.5232
vn -0.1049 0.8376 -0.5361
vn -0.0519 0.8377 -0.5437
vn 0.0017 0.8377 -0.5462
vn 0.0553 0.8376 -0.5434
vn 0.1083 0.8376 -0.5354
vn 0.1602 0.8376 -0.5222
vn 0.2107 0.8376 -0.5040
vn 0.2590 0.8376 -0.4809
vn 0.3049 0.8376 -0.4532
vn 0.3479 0.8376 -0.4211
vn 0.3875 0.8376 -0.3850
vn 0.4233 0.8376 -0.3452
vn 0.4551 0.8376 -0.3020
vn 0.4825 0.8376 -0.2560
vn 0.5053 0.8376 -0.2075
vn 0.5232 0.8376 -0.1569
vn 0.5361 0.8376 -0.1049
vn 0.5437 0.8377 -0.0519
vn 0.5462 0.8376 0.0017
vn 0.5434 0.8376 0.0552
vn 0.5354 0.8376 0.1084
vn 0.5222 0.8376 0.1602
vn 0.5040 0.8376 0.2107
vn 0.4809 0.8376 0.2590
vn 0.4532 0.8377 0.3048
vn 0.4211 0.8376 0.3479
vn 0.3850 0.8376 0.3875
vn 0.3452 0.8376 0.4233
vn 0.3020 0.8376 0.4551
vn 0.2560 0.8376 0.4825
vn 0.2074 0.8376 0.5053
vn 0.1569 0.8376 0.5232
vn 0.1049 0.8376 0.5361
vn 0.0519 0.8377 0.5437
vn -0.0017 0.8377 0.5462
vn -0.0553 0.8376 0.5434
vn -0.1083 0.8376 0.5354
vn -0.1602 0.8376 0.5222
vn -0.2107 0.8376 0.5040
vn -0.2590 0.8376 0.4809
vn -0.3049 0.8376 0.4532
vn -0.3479 0.8376 0.4211
vn -0.3875 0.8376 0.3850
vn -0.4233 0.8376 0.3452
vn -0.4551 0.8376 0.3020
vn -0.4825 0.8376 0.2560
vn -0.5053 0.8376 0.2075
vn -0.5232 0.8376 0.1569
vn -0.5361 0.8376 0.1049
vn -0.5437 0.8377 0.0519
vn -0.5347 0.8447 0.0263
vn -0.4897 0.8716 -0.0241
vn -0.4764 0.8779 -0.0487
vn -0.4693 0.8779 -0.0952
vn -0.4578 0.8779 -0.1408
vn -0.4418 0.8779 -0.1849
vn -0.4215 0.8779 -0.2274
vn -0.3972 0.8779 -0.2676
vn -0.3691 0.8779 -0.3052
vn -0.3374 0.8779 -0.3400
vn -0.3024 0.8778 -0.3714
vn -0.2646 0.8779 -0.3992
vn -0.2241 0.8779 -0.4232
vn -0.1816 0.8779 -0.4432
vn -0.1373 0.8779 -0.4588
vn -0.0916 0.8779 -0.4701
vn -0.0451 0.8779 -0.4768
vn 0.0018 0.8779 -0.4789
vn 0.0487 0.8779 -0.4764
vn 0.0952 0.8779 -0.4693
vn 0.1408 0.8779 -0.4578
vn 0.1850 0.8779 -0.4418
vn 0.2274 0.8779 -0.4215
vn 0.2676 0.8779 -0.3972
vn 0.3052 0.8779 -0.3691
vn 0.3400 0.8779 -0.3374
vn 0.3714 0.8778 -0.3024
vn 0.3992 0.8779 -0.2646
vn 0.4232 0.8779 -0.2241
vn 0.4432 0.8779 -0.1816
vn 0.4588 0.8779 -0.1373
vn 0.4701 0.8779 -0.0917
vn 0.4768 0.8779 -0.0452
vn 0.4789 0.8779 0.0018
vn 0.4764 0.8779 0.0487
vn 0.4693 0.8779 0.0952
vn 0.4578 0.8779 0.1408
vn 0.4418 0.8779 0.1849
vn 0.4215 0.8779 0.2274
vn 0.3972 0.8779 0.2676
vn 0.3691 0.8779 0.3052
vn 0.3374 0.8779 0.3400
vn 0.3024 0.8778 0.3714
vn 0.2646 0.8779 0.3992
vn 0.2241 0.8779 0.4232
vn 0.1816 0.8779 0.4432
vn 0.1373 0.8779 0.4588
vn 0.0916 0.8779 0.4701
vn 0.0451 0.8779 0.4768
vn -0.0018 0.8779 0.4789
vn -0.0487 0.8779 0.4764
vn -0.0952 0.8779 0.4693
vn -0.1408 0.8779 0.4578
vn -0.1850 0.8779 0.4418
vn -0.2274 0.8779 0.4215
vn -0.2676 0.8779 0.3972
vn -0.3052 0.8779 0.3691
vn -0.3400 0.8779 0.3374
vn -0.3714 0.8778 0.3024
vn -0.3992 0.8779 0.2646
vn -0.4232 0.8779 0.2241
vn -0.4432 0.8779 0.1816
vn -0.4588 0.8779 0.1373
vn -0.4701 0.8779 0.0917
vn -0.4768 0.8779 0.0452
vn -0.4666 0.8842 0.0229
vn -0.4189 0.9078 -0.0206
vn -0.4055 0.9132 -0.0418
vn -0.3994 0.9131 -0.0814
vn -0.3895 0.9132 -0.1201
vn -0.3759 0.9132 -0.1577
vn -0.3586 0.9132 -0.1938
vn -0.3379 0.9132 -0.2280
vn -0.3139 0.9132 -0.2600
vn -0.2869 0.9131 -0.2896
vn -0.2571 0.9132 -0.3163
vn -0.2249 0.9132 -0.3400
vn -0.1905 0.9132 -0.3604
vn -0.1542 0.9132 -0.3773
vn -0.1165 0.9132 -0.3906
vn -0.0777 0.9132 -0.4002
vn -0.0381 0.9132 -0.4058
vn 0.0019 0.9131 -0.4076
vn 0.0418 0.9132 -0.4055
vn 0.0814 0.9131 -0.3995
vn 0.1201 0.9132 -0.3895
vn 0.1578 0.9131 -0.3759
vn 0.1938 0.9132 -0.3586
vn 0.2280 0.9132 -0.3379
vn 0.2600 0.9132 -0.3139
vn 0.2896 0.9132 -0.2869
vn 0.3163 0.9131 -0.2571
vn 0.3400 0.9132 -0.2249
vn 0.3604 0.9132 -0.1905
vn 0.3773 0.9132 -0.1542
vn 0.3906 0.9132 -0.1165
vn 0.4001 0.9132 -0.0777
vn 0.4058 0.9132 -0.0381
vn 0.4076 0.9131 0.0019
vn 0.4055 0.9132 0.0418
vn 0.3994 0.9131 0.0814
vn 0.3895 0.9132 0.1201
vn 0.3759 0.9132 0.1577
vn 0.3586 0.9132 0.1938
vn 0.3379 0.9132 0.2280
vn 0.3139 0.9132 0.2600
vn 0.2869 0.9131 0.2896
vn 0.2571 0.9132 0.3163
vn 0.2249 0.9132 0.3400
vn 0.1905 0.9132 0.3604
vn 0.1542 0.9132 0.3773
vn 0.1165 0.9132 0.3906
vn 0.0777 0.9132 0.4001
vn 0.0381 0.9132 0.4058
vn -0.0019 0.9131 0.4076
vn -0.0418 0.9132 0.4055
vn -0.0814 0.9131 0.3995
vn -0.1201 0.9132 0.3895
vn -0.1578 0.9131 0.3759
vn -0.1938 0.9132 0.3586
vn -0.2280 0.9132 0.3379
vn -0.2600 0.9132 0.3139
vn -0.2896 0.9132 0.2869
vn -0.3163 0.9131 0.2571
vn -0.3400 0.9132 0.2249
vn -0.3604 0.9132 0.1905
vn -0.3773 0.9132 0.1542
vn -0.3906 0.9132 0.1165
vn -0.4001 0.9132 0.0777
vn -0.4058 0.9132 0.0381
vn -0.3946 0.9187 0.0194
vn -0.3443 0.9387 -0.0169
vn -0.3310 0.9430 -0.0346
vn -0.3260 0.9430 -0.0669
vn -0.3179 0.9430 -0.0985
vn -0.3067 0.9430 -0.1292
vn -0.2925 0.9430 -0.1585
vn -0.2756 0.9430 -0.1865
vn -0.2560 0.9430 -0.2126
vn -0.2339 0.9430 -0.2367
vn -0.2096 0.9430 -0.2584
vn -0.1832 0.9430 -0.2778
vn -0.1551 0.9430 -0.2944
vn -0.1255 0.9430 -0.3082
vn -0.0947 0.9430 -0.3190
vn -0.0630 0.9430 -0.3267
vn -0.0307 0.9430 -0.3313
vn 0.0020 0.9430 -0.3328
vn 0.0345 0.9430 -0.3309
vn 0.0669 0.9430 -0.3260
vn 0.0984 0.9430 -0.3178
vn 0.1292 0.9430 -0.3067
vn 0.1586 0.9430 -0.2925
vn 0.1865 0.9430 -0.2756
vn 0.2126 0.9430 -0.2560
vn 0.2366 0.9430 -0.2339
vn 0.2585 0.9430 -0.2096
vn 0.2778 0.9430 -0.1832
vn 0.2944 0.9430 -0.1551
vn 0.3082 0.9430 -0.1255
vn 0.3190 0.9430 -0.0947
vn 0.3268 0.9430 -0.0630
vn 0.3313 0.9430 -0.0307
vn 0.3327 0.9430 0.0019
vn 0.3310 0.9430 0.0346
vn 0.3260 0.9430 0.0669
vn 0.3179 0.9430 0.0985
vn 0.3067 0.9430 0.1292
vn 0.2925 0.9430 0.1585
vn 0.2756 0.9430 0.1865
vn 0.2560 0.9430 0.2126
vn 0.2339 0.9430 0.2367
vn 0.2096 0.9430 0.2584
vn 0.1832 0.9430 0.2778
vn 0.1551 0.9430 0.2944
vn 0.1255 0.9430 0.3082
vn 0.0947 0.9430 0.3190
vn 0.0630 0.9430 0.3267
vn 0.0307 0.9430 0.3313
vn -0.0020 0.9430 0.3328
vn -0.0345 0.9430 0.3309
vn -0.0669 0.9430 0.3260
vn -0.0984 0.9430 0.3178
vn -0.1292 0.9430 0.3067
vn -0.1586 0.9430 0.2925
vn -0.1865 0.9430 0.2756
vn -0.2126 0.9430 0.2560
vn -0.2366 0.9430 0.2339
vn -0.2585 0.9430 0.2096
vn -0.2778 0.9430 0.1832
vn -0.2944 0.9430 0.1551
vn -0.3082 0.9430 0.1255
vn -0.3190 0.9430 0.0947
vn -0.3268 0.9430 0.0630
vn -0.3313 0.9430 0.0307
vn -0.3189 0.9476 0.0157
vn -0.2666 0.9637 -0.0131
vn -0.2535 0.9669 -0.0270
vn -0.2497 0.9669 -0.0517
vn -0.2434 0.9669 -0.0759
vn -0.2348 0.9669 -0.0994
vn -0.2239 0.9669 -0.1220
vn -0.2109 0.9669 -0.1433
vn -0.1958 0.9669 -0.1633
vn -0.1789 0.9669 -0.1817
vn -0.1602 0.9669 -0.1984
vn -0.1400 0.9669 -0.2131
vn -0.1184 0.9669 -0.2258
vn -0.0957 0.9669 -0.2363
vn -0.0721 0.9669 -0.2446
vn -0.0478 0.9669 -0.2505
vn -0.0230 0.9669 -0.2539
vn 0.0020 0.9669 -0.2550
vn 0.0270 0.9669 -0.2535
vn 0.0517 0.9669 -0.2497
vn 0.0759 0.9669 -0.2434
vn 0.0994 0.9669 -0.2348
vn 0.1220 0.9669 -0.2239
vn 0.1433 0.9669 -0.2109
vn 0.1633 0.9669 -0.1958
vn 0.1818 0.9669 -0.1789
vn 0.1984 0.9669 -0.1602
vn 0.2131 0.9669 -0.1400
vn 0.2258 0.9669 -0.1184
vn 0.2363 0.9669 -0.0957
vn 0.2446 0.9669 -0.0721
vn 0.2505 0.9669 -0.0478
vn 0.2539 0.9669 -0.0230
vn 0.2550 0.9669 0.0020
vn 0.2535 0.9669 0.0270
vn 0.2497 0.9669 0.0517
vn 0.2434 0.9669 0.0759
vn 0.2348 0.9669 0.0994
vn 0.2239 0.9669 0.1220
vn 0.2109 0.9669 0.1433
vn 0.1958 0.9669 0.1633
vn 0.1789 0.9669 0.1817
vn 0.1602 0.9669 0.1984
vn 0.1400 0.9669 0.2131
vn 0.1184 0.9669 0.2258
vn 0.0957 0.9669 0.2363
vn 0.0721 0.9669 0.2446
vn 0.0478 0.9669 0.2505
vn 0.0230 0.9669 0.2539
vn -0.0020 0.9669 0.2550
vn -0.0270 0.9669 0.2535
vn -0.0517 0.9669 0.2497
vn -0.0759 0.9669 0.2434
vn -0.0994 0.9669 0.2348
vn -0.1220 0.9669 0.2239
vn -0.1433 0.9669 0.2109
vn -0.1633 0.9669 0.1958
vn -0.1818 0.9669 0.1789
vn -0.1984 0.9669 0.1602
vn -0.2131 0.9669 0.1400
vn -0.2258 0.9669 0.1184
vn -0.2363 0.9669 0.0957
vn -0.2446 0.9669 0.0721
vn -0.2505 0.9669 0.0478
vn -0.2539 0.9669 0.0230
vn -0.2404 0.9706 0.0118
vn -0.1864 0.9824 -0.0092
vn -0.1745 0.9845 -0.0192
vn -0.1718 0.9845 -0.0363
vn -0.1675 0.9845 -0.0530
vn -0.1614 0.9845 -0.0691
vn -0.1539 0.9845 -0.0846
vn -0.1449 0.9845 -0.0993
vn -0.1344 0.9845 -0.1130
vn -0.1227 0.9845 -0.1256
vn -0.1098 0.9845 -0.1370
vn -0.0959 0.9845 -0.1472
vn -0.0810 0.9845 -0.1558
vn -0.0653 0.9845 -0.1630
vn -0.0490 0.9845 -0.1686
vn -0.0322 0.9845 -0.1726
vn -0.0152 0.9845 -0.1749
vn 0.0021 0.9845 -0.1756
vn 0.0192 0.9845 -0.1745
vn 0.0363 0.9845 -0.1718
vn 0.0529 0.9845 -0.1674
vn 0.0691 0.9845 -0.1614
vn 0.0846 0.9845 -0.1539
vn 0.0993 0.9845 -0.1449
vn 0.1130 0.9845 -0.1344
vn 0.1256 0.9845 -0.1227
vn 0.1371 0.9845 -0.1098
vn 0.1471 0.9845 -0.0958
vn 0.1559 0.9845 -0.0810
vn 0.1630 0.9845 -0.0653
vn 0.1686 0.9845 -0.0490
vn 0.1727 0.9845 -0.0322
vn 0.1749 0.9845 -0.0152
vn 0.1756 0.9845 0.0021
vn 0.1745 0.9845 0.0192
vn 0.1718 0.9845 0.0363
vn 0.1675 0.9845 0.0530
vn 0.1614 0.9845 0.0691
vn 0.1539 0.9845 0.0846
vn 0.1449 0.9845 0.0993
vn 0.1344 0.9845 0.1130
vn 0.1227 0.9845 0.1256
vn 0.1098 0.9845 0.1370
vn 0.0959 0.9845 0.1472
vn 0.0810 0.9845 0.1558
vn 0.0653 0.9845 0.1630
vn 0.0490 0.9845 0.1686
vn 0.0322 0.9845 0.1726
vn 0.0152 0.9845 0.1749
vn -0.0021 0.9845 0.1756
vn -0.0192 0.9845 0.1745
vn -0.0363 0.9845 0.1718
vn -0.0529 0.9845 0.1674
vn -0.0691 0.9845 0.1614
vn -0.0846 0.9845 0.1539
vn -0.0993 0.9845 0.1449
vn -0.1130 0.9845 0.1344
vn -0.1256 0.9845 0.1227
vn -0.1371 0.9845 0.1098
vn -0.1471 0.9845 0.0958
vn -0.1559 0.9845 0.0810
vn -0.1630 0.9845 0.0653
vn -0.1686 0.9845 0.0490
vn -0.1727 0.9845 0.0322
vn -0.1749 0.9845 0.0152
vn -0.1604 0.9870 0.0079
vn -0.1060 0.9944 -0.0052
vn -0.0983 0.9951 -0.0118
vn -0.0967 0.9951 -0.0213
vn -0.0941 0.9951 -0.0307
vn -0.0906 0.9951 -0.0398
vn -0.0863 0.9951 -0.0485
vn -0.0811 0.9951 -0.0568
vn -0.0752 0.9951 -0.0643
vn -0.0685 0.9951 -0.0714
vn -0.0612 0.9951 -0.0778
vn -0.0533 0.9951 -0.0835
vn -0.0448 0.9951 -0.0883
vn -0.0360 0.9951 -0.0923
vn -0.0267 0.9951 -0.0953
vn -0.0173 0.9951 -0.0975
vn -0.0076 0.9951 -0.0987
vn 0.0021 0.9951 -0.0990
vn 0.0118 0.9951 -0.0983
vn 0.0213 0.9951 -0.0967
vn 0.0307 0.9951 -0.0941
vn 0.0398 0.9951 -0.0907
vn 0.0485 0.9951 -0.0863
vn 0.0567 0.9951 -0.0812
vn 0.0644 0.9951 -0.0752
vn 0.0714 0.9951 -0.0684
vn 0.0778 0.9951 -0.0611
vn 0.0835 0.9951 -0.0533
vn 0.0883 0.9951 -0.0448
vn 0.0922 0.9951 -0.0359
vn 0.0953 0.9951 -0.0267
vn 0.0975 0.9951 -0.0173
vn 0.0987 0.9951 -0.0076
vn 0.0990 0.9951 0.0021
vn 0.0983 0.9951 0.0118
vn 0.0967 0.9951 0.0213
vn 0.0941 0.9951 0.0307
vn 0.0906 0.9951 0.0398
vn 0.0863 0.9951 0.0485
vn 0.0811 0.9951 0.0566
vn 0.0752 0.9951 0.0645
vn 0.0685 0.9951 0.0715
vn 0.0612 0.9951 0.0778
vn 0.0533 0.9951 0.0834
vn 0.0448 0.9951 0.0883
vn 0.0359 0.9951 0.0922
vn 0.0267 0.9951 0.0953
vn 0.0173 0.9951 0.0975
vn 0.0076 0.9951 0.0987
vn -0.0021 0.9951 0.0990
vn -0.0118 0.9951 0.0983
vn -0.0213 0.9951 0.0967
vn -0.0307 0.9951 0.0941
vn -0.0398 0.9951 0.0906
vn -0.0485 0.9951 0.0863
vn -0.0567 0.9951 0.0811
vn -0.0644 0.9951 0.0752
vn -0.0714 0.9951 0.0686
vn -0.0778 0.9951 0.0612
vn -0.0834 0.9951 0.0532
vn -0.0883 0.9951 0.0448
vn -0.0922 0.9951 0.0359
vn -0.0953 0.9951 0.0267
vn -0.0975 0.9951 0.0173
vn -0.0987 0.9951 0.0076
vn -0.0850 0.9964 0.0042
vn -0.0026 0.0623 0.9981
vn -0.0013 0.0312 0.9995
vn -0.0012 0.0312 0.9995
vn -0.0011 0.0312 0.9995
vn -0.0010 0.0312 0.9995
vn 0.0009 -0.0312 -0.9995
vn 0.0008 -0.0312 -0.9995
vn 0.0007 -0.0312 -0.9995
vn 0.0006 -0.0312 -0.9995
vn 0.0004 -0.0312 -0.9995
vn 0.0003 -0.0312 -0.9995
vn 0.0002 -0.0312 -0.9995
vn 0.0001 -0.0312 -0.9995
vn -0.0001 -0.0312 -0.9995
vn -0.0002 -0.0312 -0.9995
vn -0.0003 -0.0312 -0.9995
vn -0.0004 -0.0312 -0.9995
vn -0.0006 -0.0312 -0.9995
vn -0.0007 -0.0312 -0.9995
vn -0.0008 -0.0312 -0.9995
vn -0.0009 -0.0312 -0.9995
vn 0.0010 0.0312 0.9995
vn 0.0011 0.0312 0.9995
vn 0.0012 0.0312 0.9995
vn 0.0013 0.0312 0.9995
vn 0.0010 0.0311 0.9995
vn 0.0009 0.0311 0.9995
vn 0.0008 0.0311 0.9995
vn 0.0007 0.0311 0.9995
vn 0.0006 0.0311 0.9995
vn 0.0004 0.0311 0.9995
vn 0.0003 0.0311 0.9995
vn 0.0002 0.0311 0.9995
vn 0.0001 0.0311 0.9995
vn -0.0001 0.0311 0.9995
vn -0.0002 0.0311 0.9995
vn -0.0003 0.0311 0.9995
vn -0.0004 0.0311 0.9995
vn -0.0006 0.0311 0.9995
vn -0.0007 0.0311 0.9995
vn -0.0008 0.0311 0.9995
vn -0.0009 0.0311 0.9995
vn -0.0010 0.0311 0.9995
vt 0.000000 1.000000
vt 0.000000 0.979167
vt 0.015625 1.000000
vt 0.015625 0.979167
vt 0.031250 1.000000
vt 0.031250 0.979167
vt 0.046875 1.000000
vt 0.046875 0.979167
vt 0.062500 1.000000
vt 0.062500 0.979167
vt 0.078125 1.000000
vt 0.078125 0.979167
vt 0.093750 1.000000
vt 0.093750 0.979167
vt 0.109375 1.000000
vt 0.109375 0.979167
vt 0.125000 1.000000
vt 0.125000 0.979167
vt 0.140625 1.000000
vt 0.140625 0.979167
vt 0.156250 1.000000
vt 0.156250 0.979167
vt 0.171875 1.000000
vt 0.171875 0.979167
vt 0.187500 1.000000
vt 0.187500 0.979167
vt 0.203125 1.000000
vt 0.203125 0.979167
vt 0.218750 1.000000
vt 0.218750 0.979167
vt 0.234375 1.000000
vt 0.234375 0.979167
vt 0.250000 1.000000
vt 0.250000 0.979167
vt 0.265625 1.000000
vt 0.265625 0.979167
vt 0.281250 1.000000
vt 0.281250 0.979167
vt 0.296875 1.000000
vt 0.296875 0.979167
vt 0.312500 1.000000
vt 0.312500 0.979167
vt 0.328125 1.000000
vt 0.328125 0.979167
vt 0.343750 1.000000
vt 0.343750 0.979167
vt 0.359375 1.000000
vt 0.359375 0.979167
vt 0.375000 1.000000
vt 0.375000 0.979167
vt 0.390625 1.000000
vt 0.390625 0.979167
vt 0.406250 1.000000
vt 0.406250 0.979167
vt 0.421875 1.000000
vt 0.421875 0.979167
vt 0.437500 1.000000
vt 0.437500 0.979167
vt 0.453125 1.000000
vt 0.453125 0.979167
vt 0.468750 1.000000
vt 0.468750 0.979167
vt 0.484375 1.000000
vt 0.484375 0.979167
vt 0.500000 1.000000
vt 0.500000 0.979167
vt 0.515625 1.000000
vt 0.515625 0.979167
vt 0.531250 1.000000
vt 0.531250 0.979167
vt 0.546875 1.000000
vt 0.546875 0.979167
vt 0.562500 1.000000
vt 0.562500 0.979167
vt 0.578125 1.000000
vt 0.578125 0.979167
vt 0.593750 1.000000
vt 0.593750 0.979167
vt 0.609375 1.000000
vt 0.609375 0.979167
vt 0.625000 1.000000
vt 0.625000 0.979167
vt 0.640625 1.000000
vt 0.640625 0.979167
vt 0.656250 1.000000
vt 0.656250 0.979167
vt 0.671875 1.000000
vt 0.671875 0.979167
vt 0.687500 1.000000
vt 0.687500 0.979167
vt 0.703125 1.000000
vt 0.703125 0.979167
vt 0.718750 1.000000
vt 0.718750 0.979167
vt 0.734375 1.000000
vt 0.734375 0.979167
vt 0.750000 1.000000
vt 0.750000 0.979167
vt 0.765625 1.000000
vt 0.765625 0.979167
vt 0.781250 1.000000
vt 0.781250 0.979167
vt 0.796875 1.000000
vt 0.796875 0.979167
vt 0.812500 1.000000
vt 0.812500 0.979167
vt 0.828125 1.000000
vt 0.828125 0.979167
vt 0.843750 1.000000
vt 0.843750 0.979167
vt 0.859375 1.000000
vt 0.859375 0.979167
vt 0.875000 1.000000
vt 0.875000 0.979167
vt 0.890625 1.000000
vt 0.890625 0.979167
vt 0.906250 1.000000
vt 0.906250 0.979167
vt 0.921875 1.000000
vt 0.921875 0.979167
vt 0.937500 1.000000
vt 0.937500 0.979167
vt 0.953125 1.000000
vt 0.953125 0.979167
vt 0.968750 1.000000
vt 0.968750 0.979167
vt 0.984375 1.000000
vt 0.984375 0.979167
vt 1.000000 1.000000
vt 1.000000 0.979167
vt 0.000000 0.958333
vt 0.015625 0.958333
vt 0.031250 0.958333
vt 0.046875 0.958333
vt 0.062500 0.958333
vt 0.078125 0.958333
vt 0.093750 0.958333
vt 0.109375 0.958333
vt 0.125000 0.958333
vt 0.140625 0.958333
vt 0.156250 0.958333
vt 0.171875 0.958333
vt 0.187500 0.958333
vt 0.203125 0.958333
vt 0.218750 0.958333
vt 0.234375 0.958333
vt 0.250000 0.958333
vt 0.265625 0.958333
vt 0.281250 0.958333
vt 0.296875 0.958333
vt 0.312500 0.958333
vt 0.328125 0.958333
vt 0.343750 0.958333
vt 0.359375 0.958333
vt 0.375000 0.958333
vt 0.390625 0.958333
vt 0.406250 0.958333
vt 0.421875 0.958333
vt 0.437500 0.958333
vt 0.453125 0.958333
vt 0.468750 0.958333
vt 0.484375 0.958333
vt 0.500000 0.958333
vt 0.515625 0.958333
vt 0.531250 0.958333
vt 0.546875 0.958333
vt 0.562500 0.958333
vt 0.578125 0.958333
vt 0.593750 0.958333
vt 0.609375 0.958333
vt 0.625000 0.958333
vt 0.640625 0.958333
vt 0.656250 0.958333
vt 0.671875 0.958333
vt 0.687500 0.958333
vt 0.703125 0.958333
vt 0.718750 0.958333
vt 0.734375 0.958333
vt 0.750000 0.958333
vt 0.765625 0.958333
vt 0.781250 0.958333
vt 0.796875 0.958333
vt 0.812500 0.958333
vt 0.828125 0.958333
vt 0.843750 0.958333
vt 0.859375 0.958333
vt 0.875000 0.958333
vt 0.890625 0.958333
vt 0.906250 0.958333
vt 0.921875 0.958333
vt 0.937500 0.958333
vt 0.953125 0.958333
vt 0.968750 0.958333
vt 0.984375 0.958333
vt 1.000000 0.958333
vt 0.000000 0.937500
vt 0.015625 0.937500
vt 0.031250 0.937500
vt 0.046875 0.937500
vt 0.062500 0.937500
vt 0.078125 0.937500
vt 0.093750 0.937500
vt 0.109375 0.937500
vt 0.125000 0.937500
vt 0.140625 0.937500
vt 0.156250 0.937500
vt 0.171875 0.937500
vt 0.187500 0.937500
vt 0.203125 0.937500
vt 0.218750 0.937500
vt 0.234375 0.937500
vt 0.250000 0.937500
vt 0.265625 0.937500
vt 0.281250 0.937500
vt 0.296875 0.937500
vt 0.312500 0.937500
vt 0.328125 0.937500
vt 0.343750 0.937500
vt 0.359375 0.937500
vt 0.375000 0.937500
vt 0.390625 0.937500
vt 0.406250 0.937500
vt 0.421875 0.937500
vt 0.437500 0.937500
vt 0.453125 0.937500
vt 0.468750 0.937500
vt 0.484375 0.937500
vt 0.500000 0.937500
vt 0.515625 0.937500
vt 0.531250 0.937500
vt 0.546875 0.937500
vt 0.562500 0.937500
vt 0.578125 0.937500
vt 0.593750 0.937500
vt 0.609375 0.937500
vt 0.625000 0.937500
vt 0.640625 0.937500
vt 0.656250 0.937500
vt 0.671875 0.937500
vt 0.687500 0.937500
vt 0.703125 0.937500
vt 0.718750 0.937500
vt 0.734375 0.937500
vt 0.750000 0.937500
vt 0.765625 0.937500
vt 0.781250 0.937500
vt 0.796875 0.937500
vt 0.812500 0.937500
vt 0.828125 0.937500
vt 0.843750 0.937500
vt 0.859375 0.937500
vt 0.875000 0.937500
vt 0.890625 0.937500
vt 0.906250 0.937500
vt 0.921875 0.937500
vt 0.937500 0.937500
vt 0.953125 0.937500
vt 0.968750 0.937500
vt 0.984375 0.937500
vt 1.000000 0.937500
vt 0.000000 0.916667
vt 0.015625 0.916667
vt 0.031250 0.916667
vt 0.046875 0.916667
vt 0.062500 0.916667
vt 0.078125 0.916667
vt 0.093750 0.916667
vt 0.109375 0.916667
vt 0.125000 0.916667
vt 0.140625 0.916667
vt 0.156250 0.916667
vt 0.171875 0.916667
vt 0.187500 0.916667
vt 0.203125 0.916667
vt 0.218750 0.916667
vt 0.234375 0.916667
vt 0.250000 0.916667
vt 0.265625 0.916667
vt 0.281250 0.916667
vt 0.296875 0.916667
vt 0.312500 0.916667
vt 0.328125 0.916667
vt 0.343750 0.916667
vt 0.359375 0.916667
vt 0.375000 0.916667
vt 0.390625 0.916667
vt 0.406250 0.916667
vt 0.421875 0.916667
vt 0.437500 0.916667
vt 0.453125 0.916667
vt 0.468750 0.916667
vt 0.484375 0.916667
vt 0.500000 0.916667
vt 0.515625 0.916667
vt 0.531250 0.916667
vt 0.546875 0.916667
vt 0.562500 0.916667
vt 0.578125 0.916667
vt 0.593750 0.916667
vt 0.609375 0.916667
vt 0.625000 0.916667
vt 0.640625 0.916667
vt 0.656250 0.916667
vt 0.671875 0.916667
vt 0.687500 0.916667
vt 0.703125 0.916667
vt 0.718750 0.916667
vt 0.734375 0.916667
vt 0.750000 0.916667
vt 0.765625 0.916667
vt 0.781250 0.916667
vt 0.796875 0.916667
vt 0.812500 0.916667
vt 0.828125 0.916667
vt 0.843750 0.916667
vt 0.859375 0.916667
vt 0.875000 0.916667
vt 0.890625 0.916667
vt 0.906250 0.916667
vt 0.921875 0.916667
vt 0.937500 0.916667
vt 0.953125 0.916667
vt 0.968750 0.916667
vt 0.984375 0.916667
vt 1.000000 0.916667
vt 0.000000 0.895833
vt 0.015625 0.895833
vt 0.031250 0.895833
vt 0.046875 0.895833
vt 0.062500 0.895833
vt 0.078125 0.895833
vt 0.093750 0.895833
vt 0.109375 0.895833
vt 0.125000 0.895833
vt 0.140625 0.895833
vt 0.156250 0.895833
vt 0.171875 0.895833
vt 0.187500 0.895833
vt 0.203125 0.895833
vt 0.218750 0.895833
vt 0.234375 0.895833
vt 0.250000 0.895833
vt 0.265625 0.895833
vt 0.281250 0.895833
vt 0.296875 0.895833
vt 0.312500 0.895833
vt 0.328125 0.895833
vt 0.343750 0.895833
vt 0.359375 0.895833
vt 0.375000 0.895833
vt 0.390625 0.895833
vt 0.406250 0.895833
vt 0.421875 0.895833
vt 0.437500 0.895833
vt 0.453125 0.895833
vt 0.468750 0.895833
vt 0.484375 0.895833
vt 0.500000 0.895833
vt 0.515625 0.895833
vt 0.531250 0.895833
vt 0.546875 0.895833
vt 0.562500 0.895833
vt 0.578125 0.895833
vt 0.593750 0.895833
vt 0.609375 0.895833
vt 0.625000 0.895833
vt 0.640625 0.895833
vt 0.656250 0.895833
vt 0.671875 0.895833
vt 0.687500 0.895833
vt 0.703125 0.895833
vt 0.718750 0.895833
vt 0.734375 0.895833
vt 0.750000 0.895833
vt 0.765625 0.895833
vt 0.781250 0.895833
vt 0.796875 0.895833
vt 0.812500 0.895833
vt 0.828125 0.895833
vt 0.843750 0.895833
vt 0.859375 0.895833
vt 0.875000 0.895833
vt 0.890625 0.895833
vt 0.906250 0.895833
vt 0.921875 0.895833
vt 0.937500 0.895833
vt 0.953125 0.895833
vt 0.968750 0.895833
vt 0.984375 0.895833
vt 1.000000 0.895833
vt 0.000000 0.875000
vt 0.015625 0.875000
vt 0.031250 0.875000
vt 0.046875 0.875000
vt 0.062500 0.875000
vt 0.078125 0.875000
vt 0.093750 0.875000
vt 0.109375 0.875000
vt 0.125000 0.875000
vt 0.140625 0.875000
vt 0.156250 0.875000
vt 0.171875 0.875000
vt 0.187500 0.875000
vt 0.203125 0.875000
vt 0.218750 0.875000
vt 0.234375 0.875000
vt 0.250000 0.875000
vt 0.265625 0.875000
vt 0.281250 0.875000
vt 0.296875 0.875000
vt 0.312500 0.875000
vt 0.328125 0.875000
vt 0.343750 0.875000
vt 0.359375 0.875000
vt 0.375000 0.875000
vt 0.390625 0.875000
vt 0.406250 0.875000
vt 0.421875 0.875000
vt 0.437500 0.875000
vt 0.453125 0.875000
vt 0.468750 0.875000
vt 0.484375 0.875000
vt 0.500000 0.875000
vt 0.515625 0.875000
vt 0.531250 0.875000
vt 0.546875 0.875000
vt 0.562500 0.875000
vt 0.578125 0.875000
vt 0.593750 0.875000
vt 0.609375 0.875000
vt 0.625000 0.875000
vt 0.640625 0.875000
vt 0.656250 0.875000
vt 0.671875 0.875000
vt 0.687500 0.875000
vt 0.703125 0.875000
vt 0.718750 0.875000
vt 0.734375 0.875000
vt 0.750000 0.875000
vt 0.765625 0.875000
vt 0.781250 0.875000
vt 0.796875 0.875000
vt 0.812500 0.875000
vt 0.828125 0.875000
vt 0.843750 0.875000
vt 0.859375 0.875000
vt 0.875000 0.875000
vt 0.890625 0.875000
vt 0.906250 0.875000
vt 0.921875 0.875000
vt 0.937500 0.875000
vt 0.953125 0.875000
vt 0.968750 0.875000
vt 0.984375 0.875000
vt 1.000000 0.875000
vt 0.000000 0.854167
vt 0.015625 0.854167
vt 0.031250 0.854167
vt 0.046875 0.854167
vt 0.062500 0.854167
vt 0.078125 0.854167
vt 0.093750 0.854167
vt 0.109375 0.854167
vt 0.125000 0.854167
vt 0.140625 0.854167
vt 0.156250 0.854167
vt 0.171875 0.854167
vt 0.187500 0.854167
vt 0.203125 0.854167
vt 0.218750 0.854167
vt 0.234375 0.854167
vt 0.250000 0.854167
vt 0.265625 0.854167
vt 0.281250 0.854167
vt 0.296875 0.854167
vt 0.312500 0.854167
vt 0.328125 0.854167
vt 0.343750 0.854167
vt 0.359375 0.854167
vt 0.375000 0.854167
vt 0.390625 0.854167
vt 0.406250 0.854167
vt 0.421875 0.854167
vt 0.437500 0.854167
vt 0.453125 0.854167
vt 0.468750 0.854167
vt 0.484375 0.854167
vt 0.500000 0.854167
vt 0.515625 0.854167
vt 0.531250 0.854167
vt 0.546875 0.854167
vt 0.562500 0.854167
vt 0.578125 0.854167
vt 0.593750 0.854167
vt 0.609375 0.854167
vt 0.625000 0.854167
vt 0.640625 0.854167
vt 0.656250 0.854167
vt 0.671875 0.854167
vt 0.687500 0.854167
vt 0.703125 0.854167
vt 0.718750 0.854167
vt 0.734375 0.854167
vt 0.750000 0.854167
vt 0.765625 0.854167
vt 0.781250 0.854167
vt 0.796875 0.854167
vt 0.812500 0.854167
vt 0.828125 0.854167
vt 0.843750 0.854167
vt 0.859375 0.854167
vt 0.875000 0.854167
vt 0.890625 0.854167
vt 0.906250 0.854167
vt 0.921875 0.854167
vt 0.937500 0.854167
vt 0.953125 0.854167
vt 0.968750 0.854167
vt 0.984375 0.854167
vt 1.000000 0.854167
vt 0.000000 0.833333
vt 0.015625 0.833333
vt 0.031250 0.833333
vt 0.046875 0.833333
vt 0.062500 0.833333
vt 0.078125 0.833333
vt 0.093750 0.833333
vt 0.109375 0.833333
vt 0.125000 0.833333
vt 0.140625 0.833333
vt 0.156250 0.833333
vt 0.171875 0.833333
vt 0.187500 0.833333
vt 0.203125 0.833333
vt 0.218750 0.833333
vt 0.234375 0.833333
vt 0.250000 0.833333
vt 0.265625 0.833333
vt 0.281250 0.833333
vt 0.296875 0.833333
vt 0.312500 0.833333
vt 0.328125 0.833333
vt 0.343750 0.833333
vt 0.359375 0.833333
vt 0.375000 0.833333
vt 0.390625 0.833333
vt 0.406250 0.833333
vt 0.421875 0.833333
vt 0.437500 0.833333
vt 0.453125 0.833333
vt 0.468750 0.833333
vt 0.484375 0.833333
vt 0.500000 0.833333
vt 0.515625 0.833333
vt 0.531250 0.833333
vt 0.546875 0.833333
vt 0.562500 0.833333
vt 0.578125 0.833333
vt 0.593750 0.833333
vt 0.609375 0.833333
vt 0.625000 0.833333
vt 0.640625 0.833333
vt 0.656250 0.833333
vt 0.671875 0.833333
vt 0.687500 0.833333
vt 0.703125 0.833333
vt 0.718750 0.833333
vt 0.734375 0.833333
vt 0.750000 0.833333
vt 0.765625 0.833333
vt 0.781250 0.833333
vt 0.796875 0.833333
vt 0.812500 0.833333
vt 0.828125 0.833333
vt 0.843750 0.833333
vt 0.859375 0.833333
vt 0.875000 0.833333
vt 0.890625 0.833333
vt 0.906250 0.833333
vt 0.921875 0.833333
vt 0.937500 0.833333
vt 0.953125 0.833333
vt 0.968750 0.833333
vt 0.984375 0.833333
vt 1.000000 0.833333
vt 0.000000 0.812500
vt 0.015625 0.812500
vt 0.031250 0.812500
vt 0.046875 0.812500
vt 0.062500 0.812500
vt 0.078125 0.812500
vt 0.093750 0.812500
vt 0.109375 0.812500
vt 0.125000 0.812500
vt 0.140625 0.812500
vt 0.156250 0.812500
vt 0.171875 0.812500
vt 0.187500 0.812500
vt 0.203125 0.812500
vt 0.218750 0.812500
vt 0.234375 0.812500
vt 0.250000 0.812500
vt 0.265625 0.812500
vt 0.281250 0.812500
vt 0.296875 0.812500
vt 0.312500 0.812500
vt 0.328125 0.812500
vt 0.343750 0.812500
vt 0.359375 0.812500
vt 0.375000 0.812500
vt 0.390625 0.812500
vt 0.406250 0.812500
vt 0.421875 0.812500
vt 0.437500 0.812500
vt 0.453125 0.812500
vt 0.468750 0.812500
vt 0.484375 0.812500
vt 0.500000 0.812500
vt 0.515625 0.812500
vt 0.531250 0.812500
vt 0.546875 0.812500
vt 0.562500 0.812500
vt 0.578125 0.812500
vt 0.593750 0.812500
vt 0.609375 0.812500
vt 0.625000 0.812500
vt 0.640625 0.812500
vt 0.656250 0.812500
vt 0.671875 0.812500
vt 0.687500 0.812500
vt 0.703125 0.812500
vt 0.718750 0.812500
vt 0.734375 0.812500
vt 0.750000 0.812500
vt 0.765625 0.812500
vt 0.781250 0.812500
vt 0.796875 0.812500
vt 0.812500 0.812500
vt 0.828125 0.812500
vt 0.843750 0.812500
vt 0.859375 0.812500
vt 0.875000 0.812500
vt 0.890625 0.812500
vt 0.906250 0.812500
vt 0.921875 0.812500
vt 0.937500 0.812500
vt 0.953125 0.812500
vt 0.968750 0.812500
vt 0.984375 0.812500
vt 1.000000 0.812500
vt 0.000000 0.791667
vt 0.015625 0.791667
vt 0.031250 0.791667
vt 0.046875 0.791667
vt 0.062500 0.791667
vt 0.078125 0.791667
vt 0.093750 0.791667
vt 0.109375 0.791667
vt 0.125000 0.791667
vt 0.140625 0.791667
vt 0.156250 0.791667
vt 0.171875 0.791667
vt 0.187500 0.791667
vt 0.203125 0.791667
vt 0.218750 0.791667
vt 0.234375 0.791667
vt 0.250000 0.791667
vt 0.265625 0.791667
vt 0.281250 0.791667
vt 0.296875 0.791667
vt 0.312500 0.791667
vt 0.328125 0.791667
vt 0.343750 0.791667
vt 0.359375 0.791667
vt 0.375000 0.791667
vt 0.390625 0.791667
vt 0.406250 0.791667
vt 0.421875 0.791667
vt 0.437500 0.791667
vt 0.453125 0.791667
vt 0.468750 0.791667
vt 0.484375 0.791667
vt 0.500000 0.791667
vt 0.515625 0.791667
vt 0.531250 0.791667
vt 0.546875 0.791667
vt 0.562500 0.791667
vt 0.578125 0.791667
vt 0.593750 0.791667
vt 0.609375 0.791667
vt 0.625000 0.791667
vt 0.640625 0.791667
vt 0.656250 0.791667
vt 0.671875 0.791667
vt 0.687500 0.791667
vt 0.703125 0.791667
vt 0.718750 0.791667
vt 0.734375 0.791667
vt 0.750000 0.791667
vt 0.765625 0.791667
vt 0.781250 0.791667
vt 0.796875 0.791667
vt 0.812500 0.791667
vt 0.828125 0.791667
vt 0.843750 0.791667
vt 0.859375 0.791667
vt 0.875000 0.791667
vt 0.890625 0.791667
vt 0.906250 0.791667
vt 0.921875 0.791667
vt 0.937500 0.791667
vt 0.953125 0.791667
vt 0.968750 0.791667
vt 0.984375 0.791667
vt 1.000000 0.791667
vt 0.000000 0.770833
vt 0.015625 0.770833
vt 0.031250 0.770833
vt 0.046875 0.770833
vt 0.062500 0.770833
vt 0.078125 0.770833
vt 0.093750 0.770833
vt 0.109375 0.770833
vt 0.125000 0.770833
vt 0.140625 0.770833
vt 0.156250 0.770833
vt 0.171875 0.770833
vt 0.187500 0.770833
vt 0.203125 0.770833
vt 0.218750 0.770833
vt 0.234375 0.770833
vt 0.250000 0.770833
vt 0.265625 0.770833
vt 0.281250 0.770833
vt 0.296875 0.770833
vt 0.312500 0.770833
vt 0.328125 0.770833
vt 0.343750 0.770833
vt 0.359375 0.770833
vt 0.375000 0.770833
vt 0.390625 0.770833
vt 0.406250 0.770833
vt 0.421875 0.770833
vt 0.437500 0.770833
vt 0.453125 0.770833
vt 0.468750 0.770833
vt 0.484375 0.770833
vt 0.500000 0.770833
vt 0.515625 0.770833
vt 0.531250 0.770833
vt 0.546875 0.770833
vt 0.562500 0.770833
vt 0.578125 0.770833
vt 0.593750 0.770833
vt 0.609375 0.770833
vt 0.625000 0.770833
vt 0.640625 0.770833
vt 0.656250 0.770833
vt 0.671875 0.770833
vt 0.687500 0.770833
vt 0.703125 0.770833
vt 0.718750 0.770833
vt 0.734375 0.770833
vt 0.750000 0.770833
vt 0.765625 0.770833
vt 0.781250 0.770833
vt 0.796875 0.770833
vt 0.812500 0.770833
vt 0.828125 0.770833
vt 0.843750 0.770833
vt 0.859375 0.770833
vt 0.875000 0.770833
vt 0.890625 0.770833
vt 0.906250 0.770833
vt 0.921875 0.770833
vt 0.937500 0.770833
vt 0.953125 0.770833
vt 0.968750 0.770833
vt 0.984375 0.770833
vt 1.000000 0.770833
vt 0.000000 0.750000
vt 0.015625 0.750000
vt 0.031250 0.750000
vt 0.046875 0.750000
vt 0.062500 0.750000
vt 0.078125 0.750000
vt 0.093750 0.750000
vt 0.109375 0.750000
vt 0.125000 0.750000
vt 0.140625 0.750000
vt 0.156250 0.750000
vt 0.171875 0.750000
vt 0.187500 0.750000
vt 0.203125 0.750000
vt 0.218750 0.750000
vt 0.234375 0.750000
vt 0.250000 0.750000
vt 0.265625 0.750000
vt 0.281250 0.750000
vt 0.296875 0.750000
vt 0.312500 0.750000
vt 0.328125 0.750000
vt 0.343750 0.750000
vt 0.359375 0.750000
vt 0.375000 0.750000
vt 0.390625 0.750000
vt 0.406250 0.750000
vt 0.421875 0.750000
vt 0.437500 0.750000
vt 0.453125 0.750000
vt 0.468750 0.750000
vt 0.484375 0.750000
vt 0.500000 0.750000
vt 0.515625 0.750000
vt 0.531250 0.750000
vt 0.546875 0.750000
vt 0.562500 0.750000
vt 0.578125 0.750000
vt 0.593750 0.750000
vt 0.609375 0.750000
vt 0.625000 0.750000
vt 0.640625 0.750000
vt 0.656250 0.750000
vt 0.671875 0.750000
vt 0.687500 0.750000
vt 0.703125 0.750000
vt 0.718750 0.750000
vt 0.734375 0.750000
vt 0.750000 0.750000
vt 0.765625 0.750000
vt 0.781250 0.750000
vt 0.796875 0.750000
vt 0.812500 0.750000
vt 0.828125 0.750000
vt 0.843750 0.750000
vt 0.859375 0.750000
vt 0.875000 0.750000
vt 0.890625 0.750000
vt 0.906250 0.750000
vt 0.921875 0.750000
vt 0.937500 0.750000
vt 0.953125 0.750000
vt 0.968750 0.750000
vt 0.984375 0.750000
vt 1.000000 0.750000
vt 0.000000 0.729167
vt 0.015625 0.729167
vt 0.031250 0.729167
vt 0.046875 0.729167
vt 0.062500 0.729167
vt 0.078125 0.729167
vt 0.093750 0.729167
vt 0.109375 0.729167
vt 0.125000 0.729167
vt 0.140625 0.729167
vt 0.156250 0.729167
vt 0.171875 0.729167
vt 0.187500 0.729167
vt 0.203125 0.729167
vt 0.218750 0.729167
vt 0.234375 0.729167
vt 0.250000 0.729167
vt 0.265625 0.729167
vt 0.281250 0.729167
vt 0.296875 0.729167
vt 0.312500 0.729167
vt 0.328125 0.729167
vt 0.343750 0.729167
vt 0.359375 0.729167
vt 0.375000 0.729167
vt 0.390625 0.729167
vt 0.406250 0.729167
vt 0.421875 0.729167
vt 0.437500 0.729167
vt 0.453125 0.729167
vt 0.468750 0.729167
vt 0.484375 0.729167
vt 0.500000 0.729167
vt 0.515625 0.729167
vt 0.531250 0.729167
vt 0.546875 0.729167
vt 0.562500 0.729167
vt 0.578125 0.729167
vt 0.593750 0.729167
vt 0.609375 0.729167
vt 0.625000 0.729167
vt 0.640625 0.729167
vt 0.656250 0.729167
vt 0.671875 0.729167
vt 0.687500 0.729167
vt 0.703125 0.729167
vt 0.718750 0.729167
vt 0.734375 0.729167
vt 0.750000 0.729167
vt 0.765625 0.729167
vt 0.781250 0.729167
vt 0.796875 0.729167
vt 0.812500 0.729167
vt 0.828125 0.729167
vt 0.843750 0.729167
vt 0.859375 0.729167
vt 0.875000 0.729167
vt 0.890625 0.729167
vt 0.906250 0.729167
vt 0.921875 0.729167
vt 0.937500 0.729167
vt 0.953125 0.729167
vt 0.968750 0.729167
vt 0.984375 0.729167
vt 1.000000 0.729167
vt 0.000000 0.708333
vt 0.015625 0.708333
vt 0.031250 0.708333
vt 0.046875 0.708333
vt 0.062500 0.708333
vt 0.078125 0.708333
vt 0.093750 0.708333
vt 0.109375 0.708333
vt 0.125000 0.708333
vt 0.140625 0.708333
vt 0.156250 0.708333
vt 0.171875 0.708333
vt 0.187500 0.708333
vt 0.203125 0.708333
vt 0.218750 0.708333
vt 0.234375 0.708333
vt 0.250000 0.708333
vt 0.265625 0.708333
vt 0.281250 0.708333
vt 0.296875 0.708333
vt 0.312500 0.708333
vt 0.328125 0.708333
vt 0.343750 0.708333
vt 0.359375 0.708333
vt 0.375000 0.708333
vt 0.390625 0.708333
vt 0.406250 0.708333
vt 0.421875 0.708333
vt 0.437500 0.708333
vt 0.453125 0.708333
vt 0.468750 0.708333
vt 0.484375 0.708333
vt 0.500000 0.708333
vt 0.515625 0.708333
vt 0.531250 0.708333
vt 0.546875 0.708333
vt 0.562500 0.708333
vt 0.578125 0.708333
vt 0.593750 0.708333
vt 0.609375 0.708333
vt 0.625000 0.708333
vt 0.640625 0.708333
vt 0.656250 0.708333
vt 0.671875 0.708333
vt 0.687500 0.708333
vt 0.703125 0.708333
vt 0.718750 0.708333
vt 0.734375 0.708333
vt 0.750000 0.708333
vt 0.765625 0.708333
vt 0.781250 0.708333
vt 0.796875 0.708333
vt 0.812500 0.708333
vt 0.828125 0.708333
vt 0.843750 0.708333
vt 0.859375 0.708333
vt 0.875000 0.708333
vt 0.890625 0.708333
vt 0.906250 0.708333
vt 0.921875 0.708333
vt 0.937500 0.708333
vt 0.953125 0.708333
vt 0.968750 0.708333
vt 0.984375 0.708333
vt 1.000000 0.708333
vt 0.000000 0.687500
vt 0.015625 0.687500
vt 0.031250 0.687500
vt 0.046875 0.687500
vt 0.062500 0.687500
vt 0.078125 0.687500
vt 0.093750 0.687500
vt 0.109375 0.687500
vt 0.125000 0.687500
vt 0.140625 0.687500
vt 0.156250 0.687500
vt 0.171875 0.687500
vt 0.187500 0.687500
vt 0.203125 0.687500
vt 0.218750 0.687500
vt 0.234375 0.687500
vt 0.250000 0.687500
vt 0.265625 0.687500
vt 0.281250 0.687500
vt 0.296875 0.687500
vt 0.312500 0.687500
vt 0.328125 0.687500
vt 0.343750 0.687500
vt 0.359375 0.687500
vt 0.375000 0.687500
vt 0.390625 0.687500
vt 0.406250 0.687500
vt 0.421875 0.687500
vt 0.437500 0.687500
vt 0.453125 0.687500
vt 0.468750 0.687500
vt 0.484375 0.687500
vt 0.500000 0.687500
vt 0.515625 0.687500
vt 0.531250 0.687500
vt 0.546875 0.687500
vt 0.562500 0.687500
vt 0.578125 0.687500
vt 0.593750 0.687500
vt 0.609375 0.687500
vt 0.625000 0.687500
vt 0.640625 0.687500
vt 0.656250 0.687500
vt 0.671875 0.687500
vt 0.687500 0.687500
vt 0.703125 0.687500
vt 0.718750 0.687500
vt 0.734375 0.687500
vt 0.750000 0.687500
vt 0.765625 0.687500
vt 0.781250 0.687500
vt 0.796875 0.687500
vt 0.812500 0.687500
vt 0.828125 0.687500
vt 0.843750 0.687500
vt 0.859375 0.687500
vt 0.875000 0.687500
vt 0.890625 0.687500
vt 0.906250 0.687500
vt 0.921875 0.687500
vt 0.937500 0.687500
vt 0.953125 0.687500
vt 0.968750 0.687500
vt 0.984375 0.687500
vt 1.000000 0.687500
vt 0.000000 0.666667
vt 0.015625 0.666667
vt 0.031250 0.666667
vt 0.046875 0.666667
vt 0.062500 0.666667
vt 0.078125 0.666667
vt 0.093750 0.666667
vt 0.109375 0.666667
vt 0.125000 0.666667
vt 0.140625 0.666667
vt 0.156250 0.666667
vt 0.171875 0.666667
vt 0.187500 0.666667
vt 0.203125 0.666667
vt 0.218750 0.666667
vt 0.234375 0.666667
vt 0.250000 0.666667
vt 0.265625 0.666667
vt 0.281250 0.666667
vt 0.296875 0.666667
vt 0.312500 0.666667
vt 0.328125 0.666667
vt 0.343750 0.666667
vt 0.359375 0.666667
vt 0.375000 0.666667
vt 0.390625 0.666667
vt 0.406250 0.666667
vt 0.421875 0.666667
vt 0.437500 0.666667
vt 0.453125 0.666667
vt 0.468750 0.666667
vt 0.484375 0.666667
vt 0.500000 0.666667
vt 0.515625 0.666667
vt 0.531250 0.666667
vt 0.546875 0.666667
vt 0.562500 0.666667
vt 0.578125 0.666667
vt 0.593750 0.666667
vt 0.609375 0.666667
vt 0.625000 0.666667
vt 0.640625 0.666667
vt 0.656250 0.666667
vt 0.671875 0.666667
vt 0.687500 0.666667
vt 0.703125 0.666667
vt 0.718750 0.666667
vt 0.734375 0.666667
vt 0.750000 0.666667
vt 0.765625 0.666667
vt 0.781250 0.666667
vt 0.796875 0.666667
vt 0.812500 0.666667
vt 0.828125 0.666667
vt 0.843750 0.666667
vt 0.859375 0.666667
vt 0.875000 0.666667
vt 0.890625 0.666667
vt 0.906250 0.666667
vt 0.921875 0.666667
vt 0.937500 0.666667
vt 0.953125 0.666667
vt 0.968750 0.666667
vt 0.984375 0.666667
vt 1.000000 0.666667
vt 0.000000 0.645833
vt 0.015625 0.645833
vt 0.031250 0.645833
vt 0.046875 0.645833
vt 0.062500 0.645833
vt 0.078125 0.645833
vt 0.093750 0.645833
vt 0.109375 0.645833
vt 0.125000 0.645833
vt 0.140625 0.645833
vt 0.156250 0.645833
vt 0.171875 0.645833
vt 0.187500 0.645833
vt 0.203125 0.645833
vt 0.218750 0.645833
vt 0.234375 0.645833
vt 0.250000 0.645833
vt 0.265625 0.645833
vt 0.281250 0.645833
vt 0.296875 0.645833
vt 0.312500 0.645833
vt 0.328125 0.645833
vt 0.343750 0.645833
vt 0.359375 0.645833
vt 0.375000 0.645833
vt 0.390625 0.645833
vt 0.406250 0.645833
vt 0.421875 0.645833
vt 0.437500 0.645833
vt 0.453125 0.645833
vt 0.468750 0.645833
vt 0.484375 0.645833
vt 0.500000 0.645833
vt 0.515625 0.645833
vt 0.531250 0.645833
vt 0.546875 0.645833
vt 0.562500 0.645833
vt 0.578125 0.645833
vt 0.593750 0.645833
vt 0.609375 0.645833
vt 0.625000 0.645833
vt 0.640625 0.645833
vt 0.656250 0.645833
vt 0.671875 0.645833
vt 0.687500 0.645833
vt 0.703125 0.645833
vt 0.718750 0.645833
vt 0.734375 0.645833
vt 0.750000 0.645833
vt 0.765625 0.645833
vt 0.781250 0.645833
vt 0.796875 0.645833
vt 0.812500 0.645833
vt 0.828125 0.645833
vt 0.843750 0.645833
vt 0.859375 0.645833
vt 0.875000 0.645833
vt 0.890625 0.645833
vt 0.906250 0.645833
vt 0.921875 0.645833
vt 0.937500 0.645833
vt 0.953125 0.645833
vt 0.968750 0.645833
vt 0.984375 0.645833
vt 1.000000 0.645833
vt 0.000000 0.625000
vt 0.015625 0.625000
vt 0.031250 0.625000
vt 0.046875 0.625000
vt 0.062500 0.625000
vt 0.078125 0.625000
vt 0.093750 0.625000
vt 0.109375 0.625000
vt 0.125000 0.625000
vt 0.140625 0.625000
vt 0.156250 0.625000
vt 0.171875 0.625000
vt 0.187500 0.625000
vt 0.203125 0.625000
vt 0.218750 0.625000
vt 0.234375 0.625000
vt 0.250000 0.625000
vt 0.265625 0.625000
vt 0.281250 0.625000
vt 0.296875 0.625000
vt 0.312500 0.625000
vt 0.328125 0.625000
vt 0.343750 0.625000
vt 0.359375 0.625000
vt 0.375000 0.625000
vt 0.390625 0.625000
vt 0.406250 0.625000
vt 0.421875 0.625000
vt 0.437500 0.625000
vt 0.453125 0.625000
vt 0.468750 0.625000
vt 0.484375 0.625000
vt 0.500000 0.625000
vt 0.515625 0.625000
vt 0.531250 0.625000
vt 0.546875 0.625000
vt 0.562500 0.625000
vt 0.578125 0.625000
vt 0.593750 0.625000
vt 0.609375 0.625000
vt 0.625000 0.625000
vt 0.640625 0.625000
vt 0.656250 0.625000
vt 0.671875 0.625000
vt 0.687500 0.625000
vt 0.703125 0.625000
vt 0.718750 0.625000
vt 0.734375 0.625000
vt 0.750000 0.625000
vt 0.765625 0.625000
vt 0.781250 0.625000
vt 0.796875 0.625000
vt 0.812500 0.625000
vt 0.828125 0.625000
vt 0.843750 0.625000
vt 0.859375 0.625000
vt 0.875000 0.625000
vt 0.890625 0.625000
vt 0.906250 0.625000
vt 0.921875 0.625000
vt 0.937500 0.625000
vt 0.953125 0.625000
vt 0.968750 0.625000
vt 0.984375 0.625000
vt 1.000000 0.625000
vt 0.000000 0.604167
vt 0.015625 0.604167
vt 0.031250 0.604167
vt 0.046875 0.604167
vt 0.062500 0.604167
vt 0.078125 0.604167
vt 0.093750 0.604167
vt 0.109375 0.604167
vt 0.125000 0.604167
vt 0.140625 0.604167
vt 0.156250 0.604167
vt 0.171875 0.604167
vt 0.187500 0.604167
vt 0.203125 0.604167
vt 0.218750 0.604167
vt 0.234375 0.604167
vt 0.250000 0.604167
vt 0.265625 0.604167
vt 0.281250 0.604167
vt 0.296875 0.604167
vt 0.312500 0.604167
vt 0.328125 0.604167
vt 0.343750 0.604167
vt 0.359375 0.604167
vt 0.375000 0.604167
vt 0.390625 0.604167
vt 0.406250 0.604167
vt 0.421875 0.604167
vt 0.437500 0.604167
vt 0.453125 0.604167
vt 0.468750 0.604167
vt 0.484375 0.604167
vt 0.500000 0.604167
vt 0.515625 0.604167
vt 0.531250 0.604167
vt 0.546875 0.604167
vt 0.562500 0.604167
vt 0.578125 0.604167
vt 0.593750 0.604167
vt 0.609375 0.604167
vt 0.625000 0.604167
vt 0.640625 0.604167
vt 0.656250 0.604167
vt 0.671875 0.604167
vt 0.687500 0.604167
vt 0.703125 0.604167
vt 0.718750 0.604167
vt 0.734375 0.604167
vt 0.750000 0.604167
vt 0.765625 0.604167
vt 0.781250 0.604167
vt 0.796875 0.604167
vt 0.812500 0.604167
vt 0.828125 0.604167
vt 0.843750 0.604167
vt 0.859375 0.604167
vt 0.875000 0.604167
vt 0.890625 0.604167
vt 0.906250 0.604167
vt 0.921875 0.604167
vt 0.937500 0.604167
vt 0.953125 0.604167
vt 0.968750 0.604167
vt 0.984375 0.604167
vt 1.000000 0.604167
vt 0.000000 0.583333
vt 0.015625 0.583333
vt 0.031250 0.583333
vt 0.046875 0.583333
vt 0.062500 0.583333
vt 0.078125 0.583333
vt 0.093750 0.583333
vt 0.109375 0.583333
vt 0.125000 0.583333
vt 0.140625 0.583333
vt 0.156250 0.583333
vt 0.171875 0.583333
vt 0.187500 0.583333
vt 0.203125 0.583333
vt 0.218750 0.583333
vt 0.234375 0.583333
vt 0.250000 0.583333
vt 0.265625 0.583333
vt 0.281250 0.583333
vt 0.296875 0.583333
vt 0.312500 0.583333
vt 0.328125 0.583333
vt 0.343750 0.583333
vt 0.359375 0.583333
vt 0.375000 0.583333
vt 0.390625 0.583333
vt 0.406250 0.583333
vt 0.421875 0.583333
vt 0.437500 0.583333
vt 0.453125 0.583333
vt 0.468750 0.583333
vt 0.484375 0.583333
vt 0.500000 0.583333
vt 0.515625 0.583333
vt 0.531250 0.583333
vt 0.546875 0.583333
vt 0.562500 0.583333
vt 0.578125 0.583333
vt 0.593750 0.583333
vt 0.609375 0.583333
vt 0.625000 0.583333
vt 0.640625 0.583333
vt 0.656250 0.583333
vt 0.671875 0.583333
vt 0.687500 0.583333
vt 0.703125 0.583333
vt 0.718750 0.583333
vt 0.734375 0.583333
vt 0.750000 0.583333
vt 0.765625 0.583333
vt 0.781250 0.583333
vt 0.796875 0.583333
vt 0.812500 0.583333
vt 0.828125 0.583333
vt 0.843750 0.583333
vt 0.859375 0.583333
vt 0.875000 0.583333
vt 0.890625 0.583333
vt 0.906250 0.583333
vt 0.921875 0.583333
vt 0.937500 0.583333
vt 0.953125 0.583333
vt 0.968750 0.583333
vt 0.984375 0.583333
vt 1.000000 0.583333
vt 0.000000 0.562500
vt 0.015625 0.562500
vt 0.031250 0.562500
vt 0.046875 0.562500
vt 0.062500 0.562500
vt 0.078125 0.562500
vt 0.093750 0.562500
vt 0.109375 0.562500
vt 0.125000 0.562500
vt 0.140625 0.562500
vt 0.156250 0.562500
vt 0.171875 0.562500
vt 0.187500 0.562500
vt 0.203125 0.562500
vt 0.218750 0.562500
vt 0.234375 0.562500
vt 0.250000 0.562500
vt 0.265625 0.562500
vt 0.281250 0.562500
vt 0.296875 0.562500
vt 0.312500 0.562500
vt 0.328125 0.562500
vt 0.343750 0.562500
vt 0.359375 0.562500
vt 0.375000 0.562500
vt 0.390625 0.562500
vt 0.406250 0.562500
vt 0.421875 0.562500
vt 0.437500 0.562500
vt 0.453125 0.562500
vt 0.468750 0.562500
vt 0.484375 0.562500
vt 0.500000 0.562500
vt 0.515625 0.562500
vt 0.531250 0.562500
vt 0.546875 0.562500
vt 0.562500 0.562500
vt 0.578125 0.562500
vt 0.593750 0.562500
vt 0.609375 0.562500
vt 0.625000 0.562500
vt 0.640625 0.562500
vt 0.656250 0.562500
vt 0.671875 0.562500
vt 0.687500 0.562500
vt 0.703125 0.562500
vt 0.718750 0.562500
vt 0.734375 0.562500
vt 0.750000 0.562500
vt 0.765625 0.562500
vt 0.781250 0.562500
vt 0.796875 0.562500
vt 0.812500 0.562500
vt 0.828125 0.562500
vt 0.843750 0.562500
vt 0.859375 0.562500
vt 0.875000 0.562500
vt 0.890625 0.562500
vt 0.906250 0.562500
vt 0.921875 0.562500
vt 0.937500 0.562500
vt 0.953125 0.562500
vt 0.968750 0.562500
vt 0.984375 0.562500
vt 1.000000 0.562500
vt 0.000000 0.541667
vt 0.015625 0.541667
vt 0.031250 0.541667
vt 0.046875 0.541667
vt 0.062500 0.541667
vt 0.078125 0.541667
vt 0.093750 0.541667
vt 0.109375 0.541667
vt 0.125000 0.541667
vt 0.140625 0.541667
vt 0.156250 0.541667
vt 0.171875 0.541667
vt 0.187500 0.541667
vt 0.203125 0.541667
vt 0.218750 0.541667
vt 0.234375 0.541667
vt 0.250000 0.541667
vt 0.265625 0.541667
vt 0.281250 0.541667
vt 0.296875 0.541667
vt 0.312500 0.541667
vt 0.328125 0.541667
vt 0.343750 0.541667
vt 0.359375 0.541667
vt 0.375000 0.541667
vt 0.390625 0.541667
vt 0.406250 0.541667
vt 0.421875 0.541667
vt 0.437500 0.541667
vt 0.453125 0.541667
vt 0.468750 0.541667
vt 0.484375 0.541667
vt 0.500000 0.541667
vt 0.515625 0.541667
vt 0.531250 0.541667
vt 0.546875 0.541667
vt 0.562500 0.541667
vt 0.578125 0.541667
vt 0.593750 0.541667
vt 0.609375 0.541667
vt 0.625000 0.541667
vt 0.640625 0.541667
vt 0.656250 0.541667
vt 0.671875 0.541667
vt 0.687500 0.541667
vt 0.703125 0.541667
vt 0.718750 0.541667
vt 0.734375 0.541667
vt 0.750000 0.541667
vt 0.765625 0.541667
vt 0.781250 0.541667
vt 0.796875 0.541667
vt 0.812500 0.541667
vt 0.828125 0.541667
vt 0.843750 0.541667
vt 0.859375 0.541667
vt 0.875000 0.541667
vt 0.890625 0.541667
vt 0.906250 0.541667
vt 0.921875 0.541667
vt 0.937500 0.541667
vt 0.953125 0.541667
vt 0.968750 0.541667
vt 0.984375 0.541667
vt 1.000000 0.541667
vt 0.000000 0.520833
vt 0.015625 0.520833
vt 0.031250 0.520833
vt 0.046875 0.520833
vt 0.062500 0.520833
vt 0.078125 0.520833
vt 0.093750 0.520833
vt 0.109375 0.520833
vt 0.125000 0.520833
vt 0.140625 0.520833
vt 0.156250 0.520833
vt 0.171875 0.520833
vt 0.187500 0.520833
vt 0.203125 0.520833
vt 0.218750 0.520833
vt 0.234375 0.520833
vt 0.250000 0.520833
vt 0.265625 0.520833
vt 0.281250 0.520833
vt 0.296875 0.520833
vt 0.312500 0.520833
vt 0.328125 0.520833
vt 0.343750 0.520833
vt 0.359375 0.520833
vt 0.375000 0.520833
vt 0.390625 0.520833
vt 0.406250 0.520833
vt 0.421875 0.520833
vt 0.437500 0.520833
vt 0.453125 0.520833
vt 0.468750 0.520833
vt 0.484375 0.520833
vt 0.500000 0.520833
vt 0.515625 0.520833
vt 0.531250 0.520833
vt 0.546875 0.520833
vt 0.562500 0.520833
vt 0.578125 0.520833
vt 0.593750 0.520833
vt 0.609375 0.520833
vt 0.625000 0.520833
vt 0.640625 0.520833
vt 0.656250 0.520833
vt 0.671875 0.520833
vt 0.687500 0.520833
vt 0.703125 0.520833
vt 0.718750 0.520833
vt 0.734375 0.520833
vt 0.750000 0.520833
vt 0.765625 0.520833
vt 0.781250 0.520833
vt 0.796875 0.520833
vt 0.812500 0.520833
vt 0.828125 0.520833
vt 0.843750 0.520833
vt 0.859375 0.520833
vt 0.875000 0.520833
vt 0.890625 0.520833
vt 0.906250 0.520833
vt 0.921875 0.520833
vt 0.937500 0.520833
vt 0.953125 0.520833
vt 0.968750 0.520833
vt 0.984375 0.520833
vt 1.000000 0.520833
vt 0.000000 0.500000
vt 0.015625 0.500000
vt 0.031250 0.500000
vt 0.046875 0.500000
vt 0.062500 0.500000
vt 0.078125 0.500000
vt 0.093750 0.500000
vt 0.109375 0.500000
vt 0.125000 0.500000
vt 0.140625 0.500000
vt 0.156250 0.500000
vt 0.171875 0.500000
vt 0.187500 0.500000
vt 0.203125 0.500000
vt 0.218750 0.500000
vt 0.234375 0.500000
vt 0.250000 0.500000
vt 0.265625 0.500000
vt 0.281250 0.500000
vt 0.296875 0.500000
vt 0.312500 0.500000
vt 0.328125 0.500000
vt 0.343750 0.500000
vt 0.359375 0.500000
vt 0.375000 0.500000
vt 0.390625 0.500000
vt 0.406250 0.500000
vt 0.421875 0.500000
vt 0.437500 0.500000
vt 0.453125 0.500000
vt 0.468750 0.500000
vt 0.484375 0.500000
vt 0.500000 0.500000
vt 0.515625 0.500000
vt 0.531250 0.500000
vt 0.546875 0.500000
vt 0.562500 0.500000
vt 0.578125 0.500000
vt 0.593750 0.500000
vt 0.609375 0.500000
vt 0.625000 0.500000
vt 0.640625 0.500000
vt 0.656250 0.500000
vt 0.671875 0.500000
vt 0.687500 0.500000
vt 0.703125 0.500000
vt 0.718750 0.500000
vt 0.734375 0.500000
vt 0.750000 0.500000
vt 0.765625 0.500000
vt 0.781250 0.500000
vt 0.796875 0.500000
vt 0.812500 0.500000
vt 0.828125 0.500000
vt 0.843750 0.500000
vt 0.859375 0.500000
vt 0.875000 0.500000
vt 0.890625 0.500000
vt 0.906250 0.500000
vt 0.921875 0.500000
vt 0.937500 0.500000
vt 0.953125 0.500000
vt 0.968750 0.500000
vt 0.984375 0.500000
vt 1.000000 0.500000
vt 0.000000 0.479167
vt 0.015625 0.479167
vt 0.031250 0.479167
vt 0.046875 0.479167
vt 0.062500 0.479167
vt 0.078125 0.479167
vt 0.093750 0.479167
vt 0.109375 0.479167
vt 0.125000 0.479167
vt 0.140625 0.479167
vt 0.156250 0.479167
vt 0.171875 0.479167
vt 0.187500 0.479167
vt 0.203125 0.479167
vt 0.218750 0.479167
vt 0.234375 0.479167
vt 0.250000 0.479167
vt 0.265625 0.479167
vt 0.281250 0.479167
vt 0.296875 0.479167
vt 0.312500 0.479167
vt 0.328125 0.479167
vt 0.343750 0.479167
vt 0.359375 0.479167
vt 0.375000 0.479167
vt 0.390625 0.479167
vt 0.406250 0.479167
vt 0.421875 0.479167
vt 0.437500 0.479167
vt 0.453125 0.479167
vt 0.468750 0.479167
vt 0.484375 0.479167
vt 0.500000 0.479167
vt 0.515625 0.479167
vt 0.531250 0.479167
vt 0.546875 0.479167
vt 0.562500 0.479167
vt 0.578125 0.479167
vt 0.593750 0.479167
vt 0.609375 0.479167
vt 0.625000 0.479167
vt 0.640625 0.479167
vt 0.656250 0.479167
vt 0.671875 0.479167
vt 0.687500 0.479167
vt 0.703125 0.479167
vt 0.718750 0.479167
vt 0.734375 0.479167
vt 0.750000 0.479167
vt 0.765625 0.479167
vt 0.781250 0.479167
vt 0.796875 0.479167
vt 0.812500 0.479167
vt 0.828125 0.479167
vt 0.843750 0.479167
vt 0.859375 0.479167
vt 0.875000 0.479167
vt 0.890625 0.479167
vt 0.906250 0.479167
vt 0.921875 0.479167
vt 0.937500 0.479167
vt 0.953125 0.479167
vt 0.968750 0.479167
vt 0.984375 0.479167
vt 1.000000 0.479167
vt 0.000000 0.458333
vt 0.015625 0.458333
vt 0.031250 0.458333
vt 0.046875 0.458333
vt 0.062500 0.458333
vt 0.078125 0.458333
vt 0.093750 0.458333
vt 0.109375 0.458333
vt 0.125000 0.458333
vt 0.140625 0.458333
vt 0.156250 0.458333
vt 0.171875 0.458333
vt 0.187500 0.458333
vt 0.203125 0.458333
vt 0.218750 0.458333
vt 0.234375 0.458333
vt 0.250000 0.458333
vt 0.265625 0.458333
vt 0.281250 0.458333
vt 0.296875 0.458333
vt 0.312500 0.458333
vt 0.328125 0.458333
vt 0.343750 0.458333
vt 0.359375 0.458333
vt 0.375000 0.458333
vt 0.390625 0.458333
vt 0.406250 0.458333
vt 0.421875 0.458333
vt 0.437500 0.458333
vt 0.453125 0.458333
vt 0.468750 0.458333
vt 0.484375 0.458333
vt 0.500000 0.458333
vt 0.515625 0.458333
vt 0.531250 0.458333
vt 0.546875 0.458333
vt 0.562500 0.458333
vt 0.578125 0.458333
vt 0.593750 0.458333
vt 0.609375 0.458333
vt 0.625000 0.458333
vt 0.640625 0.458333
vt 0.656250 0.458333
vt 0.671875 0.458333
vt 0.687500 0.458333
vt 0.703125 0.458333
vt 0.718750 0.458333
vt 0.734375 0.458333
vt 0.750000 0.458333
vt 0.765625 0.458333
vt 0.781250 0.458333
vt 0.796875 0.458333
vt 0.812500 0.458333
vt 0.828125 0.458333
vt 0.843750 0.458333
vt 0.859375 0.458333
vt 0.875000 0.458333
vt 0.890625 0.458333
vt 0.906250 0.458333
vt 0.921875 0.458333
vt 0.937500 0.458333
vt 0.953125 0.458333
vt 0.968750 0.458333
vt 0.984375 0.458333
vt 1.000000 0.458333
vt 0.000000 0.437500
vt 0.015625 0.437500
vt 0.031250 0.437500
vt 0.046875 0.437500
vt 0.062500 0.437500
vt 0.078125 0.437500
vt 0.093750 0.437500
vt 0.109375 0.437500
vt 0.125000 0.437500
vt 0.140625 0.437500
vt 0.156250 0.437500
vt 0.171875 0.437500
vt 0.187500 0.437500
vt 0.203125 0.437500
vt 0.218750 0.437500
vt 0.234375 0.437500
vt 0.250000 0.437500
vt 0.265625 0.437500
vt 0.281250 0.437500
vt 0.296875 0.437500
vt 0.312500 0.437500
vt 0.328125 0.437500
vt 0.343750 0.437500
vt 0.359375 0.437500
vt 0.375000 0.437500
vt 0.390625 0.437500
vt 0.406250 0.437500
vt 0.421875 0.437500
vt 0.437500 0.437500
vt 0.453125 0.437500
vt 0.468750 0.437500
vt 0.484375 0.437500
vt 0.500000 0.437500
vt 0.515625 0.437500
vt 0.531250 0.437500
vt 0.546875 0.437500
vt 0.562500 0.437500
vt 0.578125 0.437500
vt 0.593750 0.437500
vt 0.609375 0.437500
vt 0.625000 0.437500
vt 0.640625 0.437500
vt 0.656250 0.437500
vt 0.671875 0.437500
vt 0.687500 0.437500
vt 0.703125 0.437500
vt 0.718750 0.437500
vt 0.734375 0.437500
vt 0.750000 0.437500
vt 0.765625 0.437500
vt 0.781250 0.437500
vt 0.796875 0.437500
vt 0.812500 0.437500
vt 0.828125 0.437500
vt 0.843750 0.437500
vt 0.859375 0.437500
vt 0.875000 0.437500
vt 0.890625 0.437500
vt 0.906250 0.437500
vt 0.921875 0.437500
vt 0.937500 0.437500
vt 0.953125 0.437500
vt 0.968750 0.437500
vt 0.984375 0.437500
vt 1.000000 0.437500
vt 0.000000 0.416667
vt 0.015625 0.416667
vt 0.031250 0.416667
vt 0.046875 0.416667
vt 0.062500 0.416667
vt 0.078125 0.416667
vt 0.093750 0.416667
vt 0.109375 0.416667
vt 0.125000 0.416667
vt 0.140625 0.416667
vt 0.156250 0.416667
vt 0.171875 0.416667
vt 0.187500 0.416667
vt 0.203125 0.416667
vt 0.218750 0.416667
vt 0.234375 0.416667
vt 0.250000 0.416667
vt 0.265625 0.416667
vt 0.281250 0.416667
vt 0.296875 0.416667
vt 0.312500 0.416667
vt 0.328125 0.416667
vt 0.343750 0.416667
vt 0.359375 0.416667
vt 0.375000 0.416667
vt 0.390625 0.416667
vt 0.406250 0.416667
vt 0.421875 0.416667
vt 0.437500 0.416667
vt 0.453125 0.416667
vt 0.468750 0.416667
vt 0.484375 0.416667
vt 0.500000 0.416667
vt 0.515625 0.416667
vt 0.531250 0.416667
vt 0.546875 0.416667
vt 0.562500 0.416667
vt 0.578125 0.416667
vt 0.593750 0.416667
vt 0.609375 0.416667
vt 0.625000 0.416667
vt 0.640625 0.416667
vt 0.656250 0.416667
vt 0.671875 0.416667
vt 0.687500 0.416667
vt 0.703125 0.416667
vt 0.718750 0.416667
vt 0.734375 0.416667
vt 0.750000 0.416667
vt 0.765625 0.416667
vt 0.781250 0.416667
vt 0.796875 0.416667
vt 0.812500 0.416667
vt 0.828125 0.416667
vt 0.843750 0.416667
vt 0.859375 0.416667
vt 0.875000 0.416667
vt 0.890625 0.416667
vt 0.906250 0.416667
vt 0.921875 0.416667
vt 0.937500 0.416667
vt 0.953125 0.416667
vt 0.968750 0.416667
vt 0.984375 0.416667
vt 1.000000 0.416667
vt 0.000000 0.395833
vt 0.015625 0.395833
vt 0.031250 0.395833
vt 0.046875 0.395833
vt 0.062500 0.395833
vt 0.078125 0.395833
vt 0.093750 0.395833
vt 0.109375 0.395833
vt 0.125000 0.395833
vt 0.140625 0.395833
vt 0.156250 0.395833
vt 0.171875 0.395833
vt 0.187500 0.395833
vt 0.203125 0.395833
vt 0.218750 0.395833
vt 0.234375 0.395833
vt 0.250000 0.395833
vt 0.265625 0.395833
vt 0.281250 0.395833
vt 0.296875 0.395833
vt 0.312500 0.395833
vt 0.328125 0.395833
vt 0.343750 0.395833
vt 0.359375 0.395833
vt 0.375000 0.395833
vt 0.390625 0.395833
vt 0.406250 0.395833
vt 0.421875 0.395833
vt 0.437500 0.395833
vt 0.453125 0.395833
vt 0.468750 0.395833
vt 0.484375 0.395833
vt 0.500000 0.395833
vt 0.515625 0.395833
vt 0.531250 0.395833
vt 0.546875 0.395833
vt 0.562500 0.395833
vt 0.578125 0.395833
vt 0.593750 0.395833
vt 0.609375 0.395833
vt 0.625000 0.395833
vt 0.640625 0.395833
vt 0.656250 0.395833
vt 0.671875 0.395833
vt 0.687500 0.395833
vt 0.703125 0.395833
vt 0.718750 0.395833
vt 0.734375 0.395833
vt 0.750000 0.395833
vt 0.765625 0.395833
vt 0.781250 0.395833
vt 0.796875 0.395833
vt 0.812500 0.395833
vt 0.828125 0.395833
vt 0.843750 0.395833
vt 0.859375 0.395833
vt 0.875000 0.395833
vt 0.890625 0.395833
vt 0.906250 0.395833
vt 0.921875 0.395833
vt 0.937500 0.395833
vt 0.953125 0.395833
vt 0.968750 0.395833
vt 0.984375 0.395833
vt 1.000000 0.395833
vt 0.000000 0.375000
vt 0.015625 0.375000
vt 0.031250 0.375000
vt 0.046875 0.375000
vt 0.062500 0.375000
vt 0.078125 0.375000
vt 0.093750 0.375000
vt 0.109375 0.375000
vt 0.125000 0.375000
vt 0.140625 0.375000
vt 0.156250 0.375000
vt 0.171875 0.375000
vt 0.187500 0.375000
vt 0.203125 0.375000
vt 0.218750 0.375000
vt 0.234375 0.375000
vt 0.250000 0.375000
vt 0.265625 0.375000
vt 0.281250 0.375000
vt 0.296875 0.375000
vt 0.312500 0.375000
vt 0.328125 0.375000
vt 0.343750 0.375000
vt 0.359375 0.375000
vt 0.375000 0.375000
vt 0.390625 0.375000
vt 0.406250 0.375000
vt 0.421875 0.375000
vt 0.437500 0.375000
vt 0.453125 0.375000
vt 0.468750 0.375000
vt 0.484375 0.375000
vt 0.500000 0.375000
vt 0.515625 0.375000
vt 0.531250 0.375000
vt 0.546875 0.375000
vt 0.562500 0.375000
vt 0.578125 0.375000
vt 0.593750 0.375000
vt 0.609375 0.375000
vt 0.625000 0.375000
vt 0.640625 0.375000
vt 0.656250 0.375000
vt 0.671875 0.375000
vt 0.687500 0.375000
vt 0.703125 0.375000
vt 0.718750 0.375000
vt 0.734375 0.375000
vt 0.750000 0.375000
vt 0.765625 0.375000
vt 0.781250 0.375000
vt 0.796875 0.375000
vt 0.812500 0.375000
vt 0.828125 0.375000
vt 0.843750 0.375000
vt 0.859375 0.375000
vt 0.875000 0.375000
vt 0.890625 0.375000
vt 0.906250 0.375000
vt 0.921875 0.375000
vt 0.937500 0.375000
vt 0.953125 0.375000
vt 0.968750 0.375000
vt 0.984375 0.375000
vt 1.000000 0.375000
vt 0.000000 0.354167
vt 0.015625 0.354167
vt 0.031250 0.354167
vt 0.046875 0.354167
vt 0.062500 0.354167
vt 0.078125 0.354167
vt 0.093750 0.354167
vt 0.109375 0.354167
vt 0.125000 0.354167
vt 0.140625 0.354167
vt 0.156250 0.354167
vt 0.171875 0.354167
vt 0.187500 0.354167
vt 0.203125 0.354167
vt 0.218750 0.354167
vt 0.234375 0.354167
vt 0.250000 0.354167
vt 0.265625 0.354167
vt 0.281250 0.354167
vt 0.296875 0.354167
vt 0.312500 0.354167
vt 0.328125 0.354167
vt 0.343750 0.354167
vt 0.359375 0.354167
vt 0.375000 0.354167
vt 0.390625 0.354167
vt 0.406250 0.354167
vt 0.421875 0.354167
vt 0.437500 0.354167
vt 0.453125 0.354167
vt 0.468750 0.354167
vt 0.484375 0.354167
vt 0.500000 0.354167
vt 0.515625 0.354167
vt 0.531250 0.354167
vt 0.546875 0.354167
vt 0.562500 0.354167
vt 0.578125 0.354167
vt 0.593750 0.354167
vt 0.609375 0.354167
vt 0.625000 0.354167
vt 0.640625 0.354167
vt 0.656250 0.354167
vt 0.671875 0.354167
vt 0.687500 0.354167
vt 0.703125 0.354167
vt 0.718750 0.354167
vt 0.734375 0.354167
vt 0.750000 0.354167
vt 0.765625 0.354167
vt 0.781250 0.354167
vt 0.796875 0.354167
vt 0.812500 0.354167
vt 0.828125 0.354167
vt 0.843750 0.354167
vt 0.859375 0.354167
vt 0.875000 0.354167
vt 0.890625 0.354167
vt 0.906250 0.354167
vt 0.921875 0.354167
vt 0.937500 0.354167
vt 0.953125 0.354167
vt 0.968750 0.354167
vt 0.984375 0.354167
vt 1.000000 0.354167
vt 0.000000 0.333333
vt 0.015625 0.333333
vt 0.031250 0.333333
vt 0.046875 0.333333
vt 0.062500 0.333333
vt 0.078125 0.333333
vt 0.093750 0.333333
vt 0.109375 0.333333
vt 0.125000 0.333333
vt 0.140625 0.333333
vt 0.156250 0.333333
vt 0.171875 0.333333
vt 0.187500 0.333333
vt 0.203125 0.333333
vt 0.218750 0.333333
vt 0.234375 0.333333
vt 0.250000 0.333333
vt 0.265625 0.333333
vt 0.281250 0.333333
vt 0.296875 0.333333
vt 0.312500 0.333333
vt 0.328125 0.333333
vt 0.343750 0.333333
vt 0.359375 0.333333
vt 0.375000 0.333333
vt 0.390625 0.333333
vt 0.406250 0.333333
vt 0.421875 0.333333
vt 0.437500 0.333333
vt 0.453125 0.333333
vt 0.468750 0.333333
vt 0.484375 0.333333
vt 0.500000 0.333333
vt 0.515625 0.333333
vt 0.531250 0.333333
vt 0.546875 0.333333
vt 0.562500 0.333333
vt 0.578125 0.333333
vt 0.593750 0.333333
vt 0.609375 0.333333
vt 0.625000 0.333333
vt 0.640625 0.333333
vt 0.656250 0.333333
vt 0.671875 0.333333
vt 0.687500 0.333333
vt 0.703125 0.333333
vt 0.718750 0.333333
vt 0.734375 0.333333
vt 0.750000 0.333333
vt 0.765625 0.333333
vt 0.781250 0.333333
vt 0.796875 0.333333
vt 0.812500 0.333333
vt 0.828125 0.333333
vt 0.843750 0.333333
vt 0.859375 0.333333
vt 0.875000 0.333333
vt 0.890625 0.333333
vt 0.906250 0.333333
vt 0.921875 0.333333
vt 0.937500 0.333333
vt 0.953125 0.333333
vt 0.968750 0.333333
vt 0.984375 0.333333
vt 1.000000 0.333333
vt 0.000000 0.312500
vt 0.015625 0.312500
vt 0.031250 0.312500
vt 0.046875 0.312500
vt 0.062500 0.312500
vt 0.078125 0.312500
vt 0.093750 0.312500
vt 0.109375 0.312500
vt 0.125000 0.312500
vt 0.140625 0.312500
vt 0.156250 0.312500
vt 0.171875 0.312500
vt 0.187500 0.312500
vt 0.203125 0.312500
vt 0.218750 0.312500
vt 0.234375 0.312500
vt 0.250000 0.312500
vt 0.265625 0.312500
vt 0.281250 0.312500
vt 0.296875 0.312500
vt 0.312500 0.312500
vt 0.328125 0.312500
vt 0.343750 0.312500
vt 0.359375 0.312500
vt 0.375000 0.312500
vt 0.390625 0.312500
vt 0.406250 0.312500
vt 0.421875 0.312500
vt 0.437500 0.312500
vt 0.453125 0.312500
vt 0.468750 0.312500
vt 0.484375 0.312500
vt 0.500000 0.312500
vt 0.515625 0.312500
vt 0.531250 0.312500
vt 0.546875 0.312500
vt 0.562500 0.312500
vt 0.578125 0.312500
vt 0.593750 0.312500
vt 0.609375 0.312500
vt 0.625000 0.312500
vt 0.640625 0.312500
vt 0.656250 0.312500
vt 0.671875 0.312500
vt 0.687500 0.312500
vt 0.703125 0.312500
vt 0.718750 0.312500
vt 0.734375 0.312500
vt 0.750000 0.312500
vt 0.765625 0.312500
vt 0.781250 0.312500
vt 0.796875 0.312500
vt 0.812500 0.312500
vt 0.828125 0.312500
vt 0.843750 0.312500
vt 0.859375 0.312500
vt 0.875000 0.312500
vt 0.890625 0.312500
vt 0.906250 0.312500
vt 0.921875 0.312500
vt 0.937500 0.312500
vt 0.953125 0.312500
vt 0.968750 0.312500
vt 0.984375 0.312500
vt 1.000000 0.312500
vt 0.000000 0.291667
vt 0.015625 0.291667
vt 0.031250 0.291667
vt 0.046875 0.291667
vt 0.062500 0.291667
vt 0.078125 0.291667
vt 0.093750 0.291667
vt 0.109375 0.291667
vt 0.125000 0.291667
vt 0.140625 0.291667
vt 0.156250 0.291667
vt 0.171875 0.291667
vt 0.187500 0.291667
vt 0.203125 0.291667
vt 0.218750 0.291667
vt 0.234375 0.291667
vt 0.250000 0.291667
vt 0.265625 0.291667
vt 0.281250 0.291667
vt 0.296875 0.291667
vt 0.312500 0.291667
vt 0.328125 0.291667
vt 0.343750 0.291667
vt 0.359375 0.291667
vt 0.375000 0.291667
vt 0.390625 0.291667
vt 0.406250 0.291667
vt 0.421875 0.291667
vt 0.437500 0.291667
vt 0.453125 0.291667
vt 0.468750 0.291667
vt 0.484375 0.291667
vt 0.500000 0.291667
vt 0.515625 0.291667
vt 0.531250 0.291667
vt 0.546875 0.291667
vt 0.562500 0.291667
vt 0.578125 0.291667
vt 0.593750 0.291667
vt 0.609375 0.291667
vt 0.625000 0.291667
vt 0.640625 0.291667
vt 0.656250 0.291667
vt 0.671875 0.291667
vt 0.687500 0.291667
vt 0.703125 0.291667
vt 0.718750 0.291667
vt 0.734375 0.291667
vt 0.750000 0.291667
vt 0.765625 0.291667
vt 0.781250 0.291667
vt 0.796875 0.291667
vt 0.812500 0.291667
vt 0.828125 0.291667
vt 0.843750 0.291667
vt 0.859375 0.291667
vt 0.875000 0.291667
vt 0.890625 0.291667
vt 0.906250 0.291667
vt 0.921875 0.291667
vt 0.937500 0.291667
vt 0.953125 0.291667
vt 0.968750 0.291667
vt 0.984375 0.291667
vt 1.000000 0.291667
vt 0.000000 0.270833
vt 0.015625 0.270833
vt 0.031250 0.270833
vt 0.046875 0.270833
vt 0.062500 0.270833
vt 0.078125 0.270833
vt 0.093750 0.270833
vt 0.109375 0.270833
vt 0.125000 0.270833
vt 0.140625 0.270833
vt 0.156250 0.270833
vt 0.171875 0.270833
vt 0.187500 0.270833
vt 0.203125 0.270833
vt 0.218750 0.270833
vt 0.234375 0.270833
vt 0.250000 0.270833
vt 0.265625 0.270833
vt 0.281250 0.270833
vt 0.296875 0.270833
vt 0.312500 0.270833
vt 0.328125 0.270833
vt 0.343750 0.270833
vt 0.359375 0.270833
vt 0.375000 0.270833
vt 0.390625 0.270833
vt 0.406250 0.270833
vt 0.421875 0.270833
vt 0.437500 0.270833
vt 0.453125 0.270833
vt 0.468750 0.270833
vt 0.484375 0.270833
vt 0.500000 0.270833
vt 0.515625 0.270833
vt 0.531250 0.270833
vt 0.546875 0.270833
vt 0.562500 0.270833
vt 0.578125 0.270833
vt 0.593750 0.270833
vt 0.609375 0.270833
vt 0.625000 0.270833
vt 0.640625 0.270833
vt 0.656250 0.270833
vt 0.671875 0.270833
vt 0.687500 0.270833
vt 0.703125 0.270833
vt 0.718750 0.270833
vt 0.734375 0.270833
vt 0.750000 0.270833
vt 0.765625 0.270833
vt 0.781250 0.270833
vt 0.796875 0.270833
vt 0.812500 0.270833
vt 0.828125 0.270833
vt 0.843750 0.270833
vt 0.859375 0.270833
vt 0.875000 0.270833
vt 0.890625 0.270833
vt 0.906250 0.270833
vt 0.921875 0.270833
vt 0.937500 0.270833
vt 0.953125 0.270833
vt 0.968750 0.270833
vt 0.984375 0.270833
vt 1.000000 0.270833
vt 0.000000 0.250000
vt 0.015625 0.250000
vt 0.031250 0.250000
vt 0.046875 0.250000
vt 0.062500 0.250000
vt 0.078125 0.250000
vt 0.093750 0.250000
vt 0.109375 0.250000
vt 0.125000 0.250000
vt 0.140625 0.250000
vt 0.156250 0.250000
vt 0.171875 0.250000
vt 0.187500 0.250000
vt 0.203125 0.250000
vt 0.218750 0.250000
vt 0.234375 0.250000
vt 0.250000 0.250000
vt 0.265625 0.250000
vt 0.281250 0.250000
vt 0.296875 0.250000
vt 0.312500 0.250000
vt 0.328125 0.250000
vt 0.343750 0.250000
vt 0.359375 0.250000
vt 0.375000 0.250000
vt 0.390625 0.250000
vt 0.406250 0.250000
vt 0.421875 0.250000
vt 0.437500 0.250000
vt 0.453125 0.250000
vt 0.468750 0.250000
vt 0.484375 0.250000
vt 0.500000 0.250000
vt 0.515625 0.250000
vt 0.531250 0.250000
vt 0.546875 0.250000
vt 0.562500 0.250000
vt 0.578125 0.250000
vt 0.593750 0.250000
vt 0.609375 0.250000
vt 0.625000 0.250000
vt 0.640625 0.250000
vt 0.656250 0.250000
vt 0.671875 0.250000
vt 0.687500 0.250000
vt 0.703125 0.250000
vt 0.718750 0.250000
vt 0.734375 0.250000
vt 0.750000 0.250000
vt 0.765625 0.250000
vt 0.781250 0.250000
vt 0.796875 0.250000
vt 0.812500 0.250000
vt 0.828125 0.250000
vt 0.843750 0.250000
vt 0.859375 0.250000
vt 0.875000 0.250000
vt 0.890625 0.250000
vt 0.906250 0.250000
vt 0.921875 0.250000
vt 0.937500 0.250000
vt 0.953125 0.250000
vt 0.968750 0.250000
vt 0.984375 0.250000
vt 1.000000 0.250000
vt 0.000000 0.229167
vt 0.015625 0.229167
vt 0.031250 0.229167
vt 0.046875 0.229167
vt 0.062500 0.229167
vt 0.078125 0.229167
vt 0.093750 0.229167
vt 0.109375 0.229167
vt 0.125000 0.229167
vt 0.140625 0.229167
vt 0.156250 0.229167
vt 0.171875 0.229167
vt 0.187500 0.229167
vt 0.203125 0.229167
vt 0.218750 0.229167
vt 0.234375 0.229167
vt 0.250000 0.229167
vt 0.265625 0.229167
vt 0.281250 0.229167
vt 0.296875 0.229167
vt 0.312500 0.229167
vt 0.328125 0.229167
vt 0.343750 0.229167
vt 0.359375 0.229167
vt 0.375000 0.229167
vt 0.390625 0.229167
vt 0.406250 0.229167
vt 0.421875 0.229167
vt 0.437500 0.229167
vt 0.453125 0.229167
vt 0.468750 0.229167
vt 0.484375 0.229167
vt 0.500000 0.229167
vt 0.515625 0.229167
vt 0.531250 0.229167
vt 0.546875 0.229167
vt 0.562500 0.229167
vt 0.578125 0.229167
vt 0.593750 0.229167
vt 0.609375 0.229167
vt 0.625000 0.229167
vt 0.640625 0.229167
vt 0.656250 0.229167
vt 0.671875 0.229167
vt 0.687500 0.229167
vt 0.703125 0.229167
vt 0.718750 0.229167
vt 0.734375 0.229167
vt 0.750000 0.229167
vt 0.765625 0.229167
vt 0.781250 0.229167
vt 0.796875 0.229167
vt 0.812500 0.229167
vt 0.828125 0.229167
vt 0.843750 0.229167
vt 0.859375 0.229167
vt 0.875000 0.229167
vt 0.890625 0.229167
vt 0.906250 0.229167
vt 0.921875 0.229167
vt 0.937500 0.229167
vt 0.953125 0.229167
vt 0.968750 0.229167
vt 0.984375 0.229167
vt 1.000000 0.229167
vt 0.000000 0.208333
vt 0.015625 0.208333
vt 0.031250 0.208333
vt 0.046875 0.208333
vt 0.062500 0.208333
vt 0.078125 0.208333
vt 0.093750 0.208333
vt 0.109375 0.208333
vt 0.125000 0.208333
vt 0.140625 0.208333
vt 0.156250 0.208333
vt 0.171875 0.208333
vt 0.187500 0.208333
vt 0.203125 0.208333
vt 0.218750 0.208333
vt 0.234375 0.208333
vt 0.250000 0.208333
vt 0.265625 0.208333
vt 0.281250 0.208333
vt 0.296875 0.208333
vt 0.312500 0.208333
vt 0.328125 0.208333
vt 0.343750 0.208333
vt 0.359375 0.208333
vt 0.375000 0.208333
vt 0.390625 0.208333
vt 0.406250 0.208333
vt 0.421875 0.208333
vt 0.437500 0.208333
vt 0.453125 0.208333
vt 0.468750 0.208333
vt 0.484375 0.208333
vt 0.500000 0.208333
vt 0.515625 0.208333
vt 0.531250 0.208333
vt 0.546875 0.208333
vt 0.562500 0.208333
vt 0.578125 0.208333
vt 0.593750 0.208333
vt 0.609375 0.208333
vt 0.625000 0.208333
vt 0.640625 0.208333
vt 0.656250 0.208333
vt 0.671875 0.208333
vt 0.687500 0.208333
vt 0.703125 0.208333
vt 0.718750 0.208333
vt 0.734375 0.208333
vt 0.750000 0.208333
vt 0.765625 0.208333
vt 0.781250 0.208333
vt 0.796875 0.208333
vt 0.812500 0.208333
vt 0.828125 0.208333
vt 0.843750 0.208333
vt 0.859375 0.208333
vt 0.875000 0.208333
vt 0.890625 0.208333
vt 0.906250 0.208333
vt 0.921875 0.208333
vt 0.937500 0.208333
vt 0.953125 0.208333
vt 0.968750 0.208333
vt 0.984375 0.208333
vt 1.000000 0.208333
vt 0.000000 0.187500
vt 0.015625 0.187500
vt 0.031250 0.187500
vt 0.046875 0.187500
vt 0.062500 0.187500
vt 0.078125 0.187500
vt 0.093750 0.187500
vt 0.109375 0.187500
vt 0.125000 0.187500
vt 0.140625 0.187500
vt 0.156250 0.187500
vt 0.171875 0.187500
vt 0.187500 0.187500
vt 0.203125 0.187500
vt 0.218750 0.187500
vt 0.234375 0.187500
vt 0.250000 0.187500
vt 0.265625 0.187500
vt 0.281250 0.187500
vt 0.296875 0.187500
vt 0.312500 0.187500
vt 0.328125 0.187500
vt 0.343750 0.187500
vt 0.359375 0.187500
vt 0.375000 0.187500
vt 0.390625 0.187500
vt 0.406250 0.187500
vt 0.421875 0.187500
vt 0.437500 0.187500
vt 0.453125 0.187500
vt 0.468750 0.187500
vt 0.484375 0.187500
vt 0.500000 0.187500
vt 0.515625 0.187500
vt 0.531250 0.187500
vt 0.546875 0.187500
vt 0.562500 0.187500
vt 0.578125 0.187500
vt 0.593750 0.187500
vt 0.609375 0.187500
vt 0.625000 0.187500
vt 0.640625 0.187500
vt 0.656250 0.187500
vt 0.671875 0.187500
vt 0.687500 0.187500
vt 0.703125 0.187500
vt 0.718750 0.187500
vt 0.734375 0.187500
vt 0.750000 0.187500
vt 0.765625 0.187500
vt 0.781250 0.187500
vt 0.796875 0.187500
vt 0.812500 0.187500
vt 0.828125 0.187500
vt 0.843750 0.187500
vt 0.859375 0.187500
vt 0.875000 0.187500
vt 0.890625 0.187500
vt 0.906250 0.187500
vt 0.921875 0.187500
vt 0.937500 0.187500
vt 0.953125 0.187500
vt 0.968750 0.187500
vt 0.984375 0.187500
vt 1.000000 0.187500
vt 0.000000 0.166667
vt 0.015625 0.166667
vt 0.031250 0.166667
vt 0.046875 0.166667
vt 0.062500 0.166667
vt 0.078125 0.166667
vt 0.093750 0.166667
vt 0.109375 0.166667
vt 0.125000 0.166667
vt 0.140625 0.166667
vt 0.156250 0.166667
vt 0.171875 0.166667
vt 0.187500 0.166667
vt 0.203125 0.166667
vt 0.218750 0.166667
vt 0.234375 0.166667
vt 0.250000 0.166667
vt 0.265625 0.166667
vt 0.281250 0.166667
vt 0.296875 0.166667
vt 0.312500 0.166667
vt 0.328125 0.166667
vt 0.343750 0.166667
vt 0.359375 0.166667
vt 0.375000 0.166667
vt 0.390625 0.166667
vt 0.406250 0.166667
vt 0.421875 0.166667
vt 0.437500 0.166667
vt 0.453125 0.166667
vt 0.468750 0.166667
vt 0.484375 0.166667
vt 0.500000 0.166667
vt 0.515625 0.166667
vt 0.531250 0.166667
vt 0.546875 0.166667
vt 0.562500 0.166667
vt 0.578125 0.166667
vt 0.593750 0.166667
vt 0.609375 0.166667
vt 0.625000 0.166667
vt 0.640625 0.166667
vt 0.656250 0.166667
vt 0.671875 0.166667
vt 0.687500 0.166667
vt 0.703125 0.166667
vt 0.718750 0.166667
vt 0.734375 0.166667
vt 0.750000 0.166667
vt 0.765625 0.166667
vt 0.781250 0.166667
vt 0.796875 0.166667
vt 0.812500 0.166667
vt 0.828125 0.166667
vt 0.843750 0.166667
vt 0.859375 0.166667
vt 0.875000 0.166667
vt 0.890625 0.166667
vt 0.906250 0.166667
vt 0.921875 0.166667
vt 0.937500 0.166667
vt 0.953125 0.166667
vt 0.968750 0.166667
vt 0.984375 0.166667
vt 1.000000 0.166667
vt 0.000000 0.145833
vt 0.015625 0.145833
vt 0.031250 0.145833
vt 0.046875 0.145833
vt 0.062500 0.145833
vt 0.078125 0.145833
vt 0.093750 0.145833
vt 0.109375 0.145833
vt 0.125000 0.145833
vt 0.140625 0.145833
vt 0.156250 0.145833
vt 0.171875 0.145833
vt 0.187500 0.145833
vt 0.203125 0.145833
vt 0.218750 0.145833
vt 0.234375 0.145833
vt 0.250000 0.145833
vt 0.265625 0.145833
vt 0.281250 0.145833
vt 0.296875 0.145833
vt 0.312500 0.145833
vt 0.328125 0.145833
vt 0.343750 0.145833
vt 0.359375 0.145833
vt 0.375000 0.145833
vt 0.390625 0.145833
vt 0.406250 0.145833
vt 0.421875 0.145833
vt 0.437500 0.145833
vt 0.453125 0.145833
vt 0.468750 0.145833
vt 0.484375 0.145833
vt 0.500000 0.145833
vt 0.515625 0.145833
vt 0.531250 0.145833
vt 0.546875 0.145833
vt 0.562500 0.145833
vt 0.578125 0.145833
vt 0.593750 0.145833
vt 0.609375 0.145833
vt 0.625000 0.145833
vt 0.640625 0.145833
vt 0.656250 0.145833
vt 0.671875 0.145833
vt 0.687500 0.145833
vt 0.703125 0.145833
vt 0.718750 0.145833
vt 0.734375 0.145833
vt 0.750000 0.145833
vt 0.765625 0.145833
vt 0.781250 0.145833
vt 0.796875 0.145833
vt 0.812500 0.145833
vt 0.828125 0.145833
vt 0.843750 0.145833
vt 0.859375 0.145833
vt 0.875000 0.145833
vt 0.890625 0.145833
vt 0.906250 0.145833
vt 0.921875 0.145833
vt 0.937500 0.145833
vt 0.953125 0.145833
vt 0.968750 0.145833
vt 0.984375 0.145833
vt 1.000000 0.145833
vt 0.000000 0.125000
vt 0.015625 0.125000
vt 0.031250 0.125000
vt 0.046875 0.125000
vt 0.062500 0.125000
vt 0.078125 0.125000
vt 0.093750 0.125000
vt 0.109375 0.125000
vt 0.125000 0.125000
vt 0.140625 0.125000
vt 0.156250 0.125000
vt 0.171875 0.125000
vt 0.187500 0.125000
vt 0.203125 0.125000
vt 0.218750 0.125000
vt 0.234375 0.125000
vt 0.250000 0.125000
vt 0.265625 0.125000
vt 0.281250 0.125000
vt 0.296875 0.125000
vt 0.312500 0.125000
vt 0.328125 0.125000
vt 0.343750 0.125000
vt 0.359375 0.125000
vt 0.375000 0.125000
vt 0.390625 0.125000
vt 0.406250 0.125000
vt 0.421875 0.125000
vt 0.437500 0.125000
vt 0.453125 0.125000
vt 0.468750 0.125000
vt 0.484375 0.125000
vt 0.500000 0.125000
vt 0.515625 0.125000
vt 0.531250 0.125000
vt 0.546875 0.125000
vt 0.562500 0.125000
vt 0.578125 0.125000
vt 0.593750 0.125000
vt 0.609375 0.125000
vt 0.625000 0.125000
vt 0.640625 0.125000
vt 0.656250 0.125000
vt 0.671875 0.125000
vt 0.687500 0.125000
vt 0.703125 0.125000
vt 0.718750 0.125000
vt 0.734375 0.125000
vt 0.750000 0.125000
vt 0.765625 0.125000
vt 0.781250 0.125000
vt 0.796875 0.125000
vt 0.812500 0.125000
vt 0.828125 0.125000
vt 0.843750 0.125000
vt 0.859375 0.125000
vt 0.875000 0.125000
vt 0.890625 0.125000
vt 0.906250 0.125000
vt 0.921875 0.125000
vt 0.937500 0.125000
vt 0.953125 0.125000
vt 0.968750 0.125000
vt 0.984375 0.125000
vt 1.000000 0.125000
vt 0.000000 0.104167
vt 0.015625 0.104167
vt 0.031250 0.104167
vt 0.046875 0.104167
vt 0.062500 0.104167
vt 0.078125 0.104167
vt 0.093750 0.104167
vt 0.109375 0.104167
vt 0.125000 0.104167
vt 0.140625 0.104167
vt 0.156250 0.104167
vt 0.171875 0.104167
vt 0.187500 0.104167
vt 0.203125 0.104167
vt 0.218750 0.104167
vt 0.234375 0.104167
vt 0.250000 0.104167
vt 0.265625 0.104167
vt 0.281250 0.104167
vt 0.296875 0.104167
vt 0.312500 0.104167
vt 0.328125 0.104167
vt 0.343750 0.104167
vt 0.359375 0.104167
vt 0.375000 0.104167
vt 0.390625 0.104167
vt 0.406250 0.104167
vt 0.421875 0.104167
vt 0.437500 0.104167
vt 0.453125 0.104167
vt 0.468750 0.104167
vt 0.484375 0.104167
vt 0.500000 0.104167
vt 0.515625 0.104167
vt 0.531250 0.104167
vt 0.546875 0.104167
vt 0.562500 0.104167
vt 0.578125 0.104167
vt 0.593750 0.104167
vt 0.609375 0.104167
vt 0.625000 0.104167
vt 0.640625 0.104167
vt 0.656250 0.104167
vt 0.671875 0.104167
vt 0.687500 0.104167
vt 0.703125 0.104167
vt 0.718750 0.104167
vt 0.734375 0.104167
vt 0.750000 0.104167
vt 0.765625 0.104167
vt 0.781250 0.104167
vt 0.796875 0.104167
vt 0.812500 0.104167
vt 0.828125 0.104167
vt 0.843750 0.104167
vt 0.859375 0.104167
vt 0.875000 0.104167
vt 0.890625 0.104167
vt 0.906250 0.104167
vt 0.921875 0.104167
vt 0.937500 0.104167
vt 0.953125 0.104167
vt 0.968750 0.104167
vt 0.984375 0.104167
vt 1.000000 0.104167
vt 0.000000 0.083333
vt 0.015625 0.083333
vt 0.031250 0.083333
vt 0.046875 0.083333
vt 0.062500 0.083333
vt 0.078125 0.083333
vt 0.093750 0.083333
vt 0.109375 0.083333
vt 0.125000 0.083333
vt 0.140625 0.083333
vt 0.156250 0.083333
vt 0.171875 0.083333
vt 0.187500 0.083333
vt 0.203125 0.083333
vt 0.218750 0.083333
vt 0.234375 0.083333
vt 0.250000 0.083333
vt 0.265625 0.083333
vt 0.281250 0.083333
vt 0.296875 0.083333
vt 0.312500 0.083333
vt 0.328125 0.083333
vt 0.343750 0.083333
vt 0.359375 0.083333
vt 0.375000 0.083333
vt 0.390625 0.083333
vt 0.406250 0.083333
vt 0.421875 0.083333
vt 0.437500 0.083333
vt 0.453125 0.083333
vt 0.468750 0.083333
vt 0.484375 0.083333
vt 0.500000 0.083333
vt 0.515625 0.083333
vt 0.531250 0.083333
vt 0.546875 0.083333
vt 0.562500 0.083333
vt 0.578125 0.083333
vt 0.593750 0.083333
vt 0.609375 0.083333
vt 0.625000 0.083333
vt 0.640625 0.083333
vt 0.656250 0.083333
vt 0.671875 0.083333
vt 0.687500 0.083333
vt 0.703125 0.083333
vt 0.718750 0.083333
vt 0.734375 0.083333
vt 0.750000 0.083333
vt 0.765625 0.083333
vt 0.781250 0.083333
vt 0.796875 0.083333
vt 0.812500 0.083333
vt 0.828125 0.083333
vt 0.843750 0.083333
vt 0.859375 0.083333
vt 0.875000 0.083333
vt 0.890625 0.083333
vt 0.906250 0.083333
vt 0.921875 0.083333
vt 0.937500 0.083333
vt 0.953125 0.083333
vt 0.968750 0.083333
vt 0.984375 0.083333
vt 1.000000 0.083333
vt 0.000000 0.062500
vt 0.015625 0.062500
vt 0.031250 0.062500
vt 0.046875 0.062500
vt 0.062500 0.062500
vt 0.078125 0.062500
vt 0.093750 0.062500
vt 0.109375 0.062500
vt 0.125000 0.062500
vt 0.140625 0.062500
vt 0.156250 0.062500
vt 0.171875 0.062500
vt 0.187500 0.062500
vt 0.203125 0.062500
vt 0.218750 0.062500
vt 0.234375 0.062500
vt 0.250000 0.062500
vt 0.265625 0.062500
vt 0.281250 0.062500
vt 0.296875 0.062500
vt 0.312500 0.062500
vt 0.328125 0.062500
vt 0.343750 0.062500
vt 0.359375 0.062500
vt 0.375000 0.062500
vt 0.390625 0.062500
vt 0.406250 0.062500
vt 0.421875 0.062500
vt 0.437500 0.062500
vt 0.453125 0.062500
vt 0.468750 0.062500
vt 0.484375 0.062500
vt 0.500000 0.062500
vt 0.515625 0.062500
vt 0.531250 0.062500
vt 0.546875 0.062500
vt 0.562500 0.062500
vt 0.578125 0.062500
vt 0.593750 0.062500
vt 0.609375 0.062500
vt 0.625000 0.062500
vt 0.640625 0.062500
vt 0.656250 0.062500
vt 0.671875 0.062500
vt 0.687500 0.062500
vt 0.703125 0.062500
vt 0.718750 0.062500
vt 0.734375 0.062500
vt 0.750000 0.062500
vt 0.765625 0.062500
vt 0.781250 0.062500
vt 0.796875 0.062500
vt 0.812500 0.062500
vt 0.828125 0.062500
vt 0.843750 0.062500
vt 0.859375 0.062500
vt 0.875000 0.062500
vt 0.890625 0.062500
vt 0.906250 0.062500
vt 0.921875 0.062500
vt 0.937500 0.062500
vt 0.953125 0.062500
vt 0.968750 0.062500
vt 0.984375 0.062500
vt 1.000000 0.062500
vt 0.000000 0.041667
vt 0.015625 0.041667
vt 0.031250 0.041667
vt 0.046875 0.041667
vt 0.062500 0.041667
vt 0.078125 0.041667
vt 0.093750 0.041667
vt 0.109375 0.041667
vt 0.125000 0.041667
vt 0.140625 0.041667
vt 0.156250 0.041667
vt 0.171875 0.041667
vt 0.187500 0.041667
vt 0.203125 0.041667
vt 0.218750 0.041667
vt 0.234375 0.041667
vt 0.250000 0.041667
vt 0.265625 0.041667
vt 0.281250 0.041667
vt 0.296875 0.041667
vt 0.312500 0.041667
vt 0.328125 0.041667
vt 0.343750 0.041667
vt 0.359375 0.041667
vt 0.375000 0.041667
vt 0.390625 0.041667
vt 0.406250 0.041667
vt 0.421875 0.041667
vt 0.437500 0.041667
vt 0.453125 0.041667
vt 0.468750 0.041667
vt 0.484375 0.041667
vt 0.500000 0.041667
vt 0.515625 0.041667
vt 0.531250 0.041667
vt 0.546875 0.041667
vt 0.562500 0.041667
vt 0.578125 0.041667
vt 0.593750 0.041667
vt 0.609375 0.041667
vt 0.625000 0.041667
vt 0.640625 0.041667
vt 0.656250 0.041667
vt 0.671875 0.041667
vt 0.687500 0.041667
vt 0.703125 0.041667
vt 0.718750 0.041667
vt 0.734375 0.041667
vt 0.750000 0.041667
vt 0.765625 0.041667
vt 0.781250 0.041667
vt 0.796875 0.041667
vt 0.812500 0.041667
vt 0.828125 0.041667
vt 0.843750 0.041667
vt 0.859375 0.041667
vt 0.875000 0.041667
vt 0.890625 0.041667
vt 0.906250 0.041667
vt 0.921875 0.041667
vt 0.937500 0.041667
vt 0.953125 0.041667
vt 0.968750 0.041667
vt 0.984375 0.041667
vt 1.000000 0.041667
vt 0.000000 0.020833
vt 0.015625 0.020833
vt 0.031250 0.020833
vt 0.046875 0.020833
vt 0.062500 0.020833
vt 0.078125 0.020833
vt 0.093750 0.020833
vt 0.109375 0.020833
vt 0.125000 0.020833
vt 0.140625 0.020833
vt 0.156250 0.020833
vt 0.171875 0.020833
vt 0.187500 0.020833
vt 0.203125 0.020833
vt 0.218750 0.020833
vt 0.234375 0.020833
vt 0.250000 0.020833
vt 0.265625 0.020833
vt 0.281250 0.020833
vt 0.296875 0.020833
vt 0.312500 0.020833
vt 0.328125 0.020833
vt 0.343750 0.020833
vt 0.359375 0.020833
vt 0.375000 0.020833
vt 0.390625 0.020833
vt 0.406250 0.020833
vt 0.421875 0.020833
vt 0.437500 0.020833
vt 0.453125 0.020833
vt 0.468750 0.020833
vt 0.484375 0.020833
vt 0.500000 0.020833
vt 0.515625 0.020833
vt 0.531250 0.020833
vt 0.546875 0.020833
vt 0.562500 0.020833
vt 0.578125 0.020833
vt 0.593750 0.020833
vt 0.609375 0.020833
vt 0.625000 0.020833
vt 0.640625 0.020833
vt 0.656250 0.020833
vt 0.671875 0.020833
vt 0.687500 0.020833
vt 0.703125 0.020833
vt 0.718750 0.020833
vt 0.734375 0.020833
vt 0.750000 0.020833
vt 0.765625 0.020833
vt 0.781250 0.020833
vt 0.796875 0.020833
vt 0.812500 0.020833
vt 0.828125 0.020833
vt 0.843750 0.020833
vt 0.859375 0.020833
vt 0.875000 0.020833
vt 0.890625 0.020833
vt 0.906250 0.020833
vt 0.921875 0.020833
vt 0.937500 0.020833
vt 0.953125 0.020833
vt 0.968750 0.020833
vt 0.984375 0.020833
vt 1.000000 0.020833
vt 0.000000 0.000000
vt 0.015625 0.000000
vt 0.031250 0.000000
vt 0.046875 0.000000
vt 0.062500 0.000000
vt 0.078125 0.000000
vt 0.093750 0.000000
vt 0.109375 0.000000
vt 0.125000 0.000000
vt 0.140625 0.000000
vt 0.156250 0.000000
vt 0.171875 0.000000
vt 0.187500 0.000000
vt 0.203125 0.000000
vt 0.218750 0.000000
vt 0.234375 0.000000
vt 0.250000 0.000000
vt 0.265625 0.000000
vt 0.281250 0.000000
vt 0.296875 0.000000
vt 0.312500 0.000000
vt 0.328125 0.000000
vt 0.343750 0.000000
vt 0.359375 0.000000
vt 0.375000 0.000000
vt 0.390625 0.000000
vt 0.406250 0.000000
vt 0.421875 0.000000
vt 0.437500 0.000000
vt 0.453125 0.000000
vt 0.468750 0.000000
vt 0.484375 0.000000
vt 0.500000 0.000000
vt 0.515625 0.000000
vt 0.531250 0.000000
vt 0.546875 0.000000
vt 0.562500 0.000000
vt 0.578125 0.000000
vt 0.593750 0.000000
vt 0.609375 0.000000
vt 0.625000 0.000000
vt 0.640625 0.000000
vt 0.656250 0.000000
vt 0.671875 0.000000
vt 0.687500 0.000000
vt 0.703125 0.000000
vt 0.718750 0.000000
vt 0.734375 0.000000
vt 0.750000 0.000000
vt 0.765625 0.000000
vt 0.781250 0.000000
vt 0.796875 0.000000
vt 0.812500 0.000000
vt 0.828125 0.000000
vt 0.843750 0.000000
vt 0.859375 0.000000
vt 0.875000 0.000000
vt 0.890625 0.000000
vt 0.906250 0.000000
vt 0.921875 0.000000
vt 0.937500 0.000000
vt 0.953125 0.000000
vt 0.968750 0.000000
vt 0.984375 0.000000
vt 1.000000 0.000000
s 1
usemtl EggMat
f 1/1/1 66/2/2 2/3/3
f 2/3/3 66/2/2 67/4/4
f 2/3/3 67/4/4 3/5/3
f 3/5/3 67/4/4 68/6/5
f 3/5/3 68/6/5 4/7/6
f 4/7/6 68/6/5 69/8/7
f 4/7/6 69/8/7 5/9/6
f 5/9/6 69/8/7 70/10/8
f 5/9/6 70/10/8 6/11/9
f 6/11/9 70/10/8 71/12/10
f 6/11/9 71/12/10 7/13/11
f 7/13/11 71/12/10 72/14/12
f 7/13/11 72/14/12 8/15/13
f 8/15/13 72/14/12 73/16/14
f 8/15/13 73/16/14 9/17/15
f 9/17/15 73/16/14 74/18/16
f 9/17/15 74/18/16 10/19/17
f 10/19/17 74/18/16 75/20/18
f 10/19/17 75/20/18 11/21/19
f 11/21/19 75/20/18 76/22/20
f 11/21/19 76/22/20 12/23/21
f 12/23/21 76/22/20 77/24/22
f 12/23/21 77/24/22 13/25/23
f 13/25/23 77/24/22 78/26/24
f 13/25/23 78/26/24 14/27/25
f 14/27/25 78/26/24 79/28/26
f 14/27/25 79/28/26 15/29/27
f 15/29/27 79/28/26 80/30/28
f 15/29/27 80/30/28 16/31/29
f 16/31/29 80/30/28 81/32/30
f 16/31/29 81/32/30 17/33/31
f 17/33/31 81/32/30 82/34/32
f 17/33/31 82/34/32 18/35/33
f 18/35/33 82/34/32 83/36/34
f 18/35/33 83/36/34 19/37/35
f 19/37/35 83/36/34 84/38/36
f 19/37/35 84/38/36 20/39/37
f 20/39/37 84/38/36 85/40/38
f 20/39/37 85/40/38 21/41/39
f 21/41/39 85/40/38 86/42/40
f 21/41/39 86/42/40 22/43/41
f 22/43/41 86/42/40 87/44/42
f 22/43/41 87/44/42 23/45/43
f 23/45/43 87/44/42 88/46/44
f 23/45/43 88/46/44 24/47/45
f 24/47/45 88/46/44 89/48/46
f 24/47/45 89/48/46 25/49/47
f 25/49/47 89/48/46 90/50/48
f 25/49/47 90/50/48 26/51/49
f 26/51/49 90/50/48 91/52/50
f 26/51/49 91/52/50 27/53/51
f 27/53/51 91/52/50 92/54/52
f 27/53/51 92/54/52 28/55/53
f 28/55/53 92/54/52 93/56/54
f 28/55/53 93/56/54 29/57/55
f 29/57/55 93/56/54 94/58/56
f 29/57/55 94/58/56 30/59/57
f 30/59/57 94/58/56 95/60/58
f 30/59/57 95/60/58 31/61/57
f 31/61/57 95/60/58 96/62/59
f 31/61/57 96/62/59 32/63/60
f 32/63/60 96/62/59 97/64/61
f 32/63/60 97/64/61 33/65/60
f 33/65/60 97/64/61 98/66/62
f 33/65/60 98/66/62 34/67/60
f 34/67/60 98/66/62 99/68/63
f 34/67/60 99/68/63 35/69/60
f 35/69/60 99/68/63 100/70/64
f 35/69/60 100/70/64 36/71/57
f 36/71/57 100/70/64 101/72/65
f 36/71/57 101/72/65 37/73/57
f 37/73/57 101/72/65 102/74/66
f 37/73/57 102/74/66 38/75/55
f 38/75/55 102/74/66 103/76/67
f 38/75/55 103/76/67 39/77/68
f 39/77/68 103/76/67 104/78/69
f 39/77/68 104/78/69 40/79/70
f 40/79/70 104/78/69 105/80/71
f 40/79/70 105/80/71 41/81/72
f 41/81/72 105/80/71 106/82/73
f 41/81/72 106/82/73 42/83/74
f 42/83/74 106/82/73 107/84/75
f 42/83/74 107/84/75 43/85/76
f 43/85/76 107/84/75 108/86/77
f 43/85/76 108/86/77 44/87/78
f 44/87/78 108/86/77 109/88/79
f 44/87/78 109/88/79 45/89/80
f 45/89/80 109/88/79 110/90/81
f 45/89/80 110/90/81 46/91/82
f 46/91/82 110/90/81 111/92/83
f 46/91/82 111/92/83 47/93/84
f 47/93/84 111/92/83 112/94/85
f 47/93/84 112/94/85 48/95/86
f 48/95/86 112/94/85 113/96/87
f 48/95/86 113/96/87 49/97/88
f 49/97/88 113/96/87 114/98/89
f 49/97/88 114/98/89 50/99/90
f 50/99/90 114/98/89 115/100/91
f 50/99/90 115/100/91 51/101/92
f 51/101/92 115/100/91 116/102/93
f 51/101/92 116/102/93 52/103/94
f 52/103/94 116/102/93 117/104/95
f 52/103/94 117/104/95 53/105/96
f 53/105/96 117/104/95 118/106/97
f 53/105/96 118/106/97 54/107/98
f 54/107/98 118/106/97 119/108/99
f 54/107/98 119/108/99 55/109/100
f 55/109/100 119/108/99 120/110/101
f 55/109/100 120/110/101 56/111/102
f 56/111/102 120/110/101 121/112/103
f 56/111/102 121/112/103 57/113/104
f 57/113/104 121/112/103 122/114/105
f 57/113/104 122/114/105 58/115/106
f 58/115/106 122/114/105 123/116/107
f 58/115/106 123/116/107 59/117/108
f 59/117/108 123/116/107 124/118/109
f 59/117/108 124/118/109 60/119/110
f 60/119/110 124/118/109 125/120/111
f 60/119/110 125/120/111 61/121/9
f 61/121/9 125/120/111 126/122/112
f 61/121/9 126/122/112 62/123/6
f 62/123/6 126/122/112 127/124/113
f 62/123/6 127/124/113 63/125/6
f 63/125/6 127/124/113 128/126/114
f 63/125/6 128/126/114 64/127/3
f 64/127/3 128/126/114 129/128/115
f 64/127/3 129/128/115 65/129/116
f 65/129/116 129/128/115 130/130/117
f 66/2/2 131/131/118 67/4/4
f 67/4/4 131/131/118 132/132/119
f 67/4/4 132/132/119 68/6/5
f 68/6/5 132/132/119 133/133/120
f 68/6/5 133/133/120 69/8/7
f 69/8/7 133/133/120 134/134/121
f 69/8/7 134/134/121 70/10/8
f 70/10/8 134/134/121 135/135/122
f 70/10/8 135/135/122 71/12/10
f 71/12/10 135/135/122 136/136/123
f 71/12/10 136/136/123 72/14/12
f 72/14/12 136/136/123 137/137/124
f 72/14/12 137/137/124 73/16/14
f 73/16/14 137/137/124 138/138/125
f 73/16/14 138/138/125 74/18/16
f 74/18/16 138/138/125 139/139/126
f 74/18/16 139/139/126 75/20/18
f 75/20/18 139/139/126 140/140/127
f 75/20/18 140/140/127 76/22/20
f 76/22/20 140/140/127 141/141/128
f 76/22/20 141/141/128 77/24/22
f 77/24/22 141/141/128 142/142/129
f 77/24/22 142/142/129 78/26/24
f 78/26/24 142/142/129 143/143/130
f 78/26/24 143/143/130 79/28/26
f 79/28/26 143/143/130 144/144/131
f 79/28/26 144/144/131 80/30/28
f 80/30/28 144/144/131 145/145/132
f 80/30/28 145/145/132 81/32/30
f 81/32/30 145/145/132 146/146/133
f 81/32/30 146/146/133 82/34/32
f 82/34/32 146/146/133 147/147/134
f 82/34/32 147/147/134 83/36/34
f 83/36/34 147/147/134 148/148/135
f 83/36/34 148/148/135 84/38/36
f 84/38/36 148/148/135 149/149/136
f 84/38/36 149/149/136 85/40/38
f 85/40/38 149/149/136 150/150/137
f 85/40/38 150/150/137 86/42/40
f 86/42/40 150/150/137 151/151/138
f 86/42/40 151/151/138 87/44/42
f 87/44/42 151/151/138 152/152/139
f 87/44/42 152/152/139 88/46/44
f 88/46/44 152/152/139 153/153/140
f 88/46/44 153/153/140 89/48/46
f 89/48/46 153/153/140 154/154/141
f 89/48/46 154/154/141 90/50/48
f 90/50/48 154/154/141 155/155/142
f 90/50/48 155/155/142 91/52/50
f 91/52/50 155/155/142 156/156/143
f 91/52/50 156/156/143 92/54/52
f 92/54/52 156/156/143 157/157/144
f 92/54/52 157/157/144 93/56/54
f 93/56/54 157/157/144 158/158/145
f 93/56/54 158/158/145 94/58/56
f 94/58/56 158/158/145 159/159/146
f 94/58/56 159/159/146 95/60/58
f 95/60/58 159/159/146 160/160/147
f 95/60/58 160/160/147 96/62/59
f 96/62/59 160/160/147 161/161/148
f 96/62/59 161/161/148 97/64/61
f 97/64/61 161/161/148 162/162/149
f 97/64/61 162/162/149 98/66/62
f 98/66/62 162/162/149 163/163/150
f 98/66/62 163/163/150 99/68/63
f 99/68/63 163/163/150 164/164/151
f 99/68/63 164/164/151 100/70/64
f 100/70/64 164/164/151 165/165/152
f 100/70/64 165/165/152 101/72/65
f 101/72/65 165/165/152 166/166/153
f 101/72/65 166/166/153 102/74/66
f 102/74/66 166/166/153 167/167/154
f 102/74/66 167/167/154 103/76/67
f 103/76/67 167/167/154 168/168/155
f 103/76/67 168/168/155 104/78/69
f 104/78/69 168/168/155 169/169/156
f 104/78/69 169/169/156 105/80/71
f 105/80/71 169/169/156 170/170/157
f 105/80/71 170/170/157 106/82/73
f 106/82/73 170/170/157 171/171/158
f 106/82/73 171/171/158 107/84/75
f 107/84/75 171/171/158 172/172/159
f 107/84/75 172/172/159 108/86/77
f 108/86/77 172/172/159 173/173/160
f 108/86/77 173/173/160 109/88/79
f 109/88/79 173/173/160 174/174/161
f 109/88/79 174/174/161 110/90/81
f 110/90/81 174/174/161 175/175/162
f 110/90/81 175/175/162 111/92/83
f 111/92/83 175/175/162 176/176/163
f 111/92/83 176/176/163 112/94/85
f 112/94/85 176/176/163 177/177/164
f 112/94/85 177/177/164 113/96/87
f 113/96/87 177/177/164 178/178/165
f 113/96/87 178/178/165 114/98/89
f 114/98/89 178/178/165 179/179/166
f 114/98/89 179/179/166 115/100/91
f 115/100/91 179/179/166 180/180/167
f 115/100/91 180/180/167 116/102/93
f 116/102/93 180/180/167 181/181/168
f 116/102/93 181/181/168 117/104/95
f 117/104/95 181/181/168 182/182/169
f 117/104/95 182/182/169 118/106/97
f 118/106/97 182/182/169 183/183/170
f 118/106/97 183/183/170 119/108/99
f 119/108/99 183/183/170 184/184/171
f 119/108/99 184/184/171 120/110/101
f 120/110/101 184/184/171 185/185/172
f 120/110/101 185/185/172 121/112/103
f 121/112/103 185/185/172 186/186/173
f 121/112/103 186/186/173 122/114/105
f 122/114/105 186/186/173 187/187/174
f 122/114/105 187/187/174 123/116/107
f 123/116/107 187/187/174 188/188/175
f 123/116/107 188/188/175 124/118/109
f 124/118/109 188/188/175 189/189/176
f 124/118/109 189/189/176 125/120/111
f 125/120/111 189/189/176 190/190/177
f 125/120/111 190/190/177 126/122/112
f 126/122/112 190/190/177 191/191/178
f 126/122/112 191/191/178 127/124/113
f 127/124/113 191/191/178 192/192/179
f 127/124/113 192/192/179 128/126/114
f 128/126/114 192/192/179 193/193/180
f 128/126/114 193/193/180 129/128/115
f 129/128/115 193/193/180 194/194/181
f 129/128/115 194/194/181 130/130/117
f 130/130/117 194/194/181 195/195/182
f 131/131/118 196/196/183 132/132/119
f 132/132/119 196/196/183 197/197/184
f 132/132/119 197/197/184 133/133/120
f 133/133/120 197/197/184 198/198/185
f 133/133/120 198/198/185 134/134/121
f 134/134/121 198/198/185 199/199/186
f 134/134/121 199/199/186 135/135/122
f 135/135/122 199/199/186 200/200/187
f 135/135/122 200/200/187 136/136/123
f 136/136/123 200/200/187 201/201/188
f 136/136/123 201/201/188 137/137/124
f 137/137/124 201/201/188 202/202/189
f 137/137/124 202/202/189 138/138/125
f 138/138/125 202/202/189 203/203/190
f 138/138/125 203/203/190 139/139/126
f 139/139/126 203/203/190 204/204/191
f 139/139/126 204/204/191 140/140/127
f 140/140/127 204/204/191 205/205/192
f 140/140/127 205/205/192 141/141/128
f 141/141/128 205/205/192 206/206/193
f 141/141/128 206/206/193 142/142/129
f 142/142/129 206/206/193 207/207/194
f 142/142/129 207/207/194 143/143/130
f 143/143/130 207/207/194 208/208/195
f 143/143/130 208/208/195 144/144/131
f 144/144/131 208/208/195 209/209/196
f 144/144/131 209/209/196 145/145/132
f 145/145/132 209/209/196 210/210/197
f 145/145/132 210/210/197 146/146/133
f 146/146/133 210/210/197 211/211/198
f 146/146/133 211/211/198 147/147/134
f 147/147/134 211/211/198 212/212/199
f 147/147/134 212/212/199 148/148/135
f 148/148/135 212/212/199 213/213/200
f 148/148/135 213/213/200 149/149/136
f 149/149/136 213/213/200 214/214/201
f 149/149/136 214/214/201 150/150/137
f 150/150/137 214/214/201 215/215/202
f 150/150/137 215/215/202 151/151/138
f 151/151/138 215/215/202 216/216/203
f 151/151/138 216/216/203 152/152/139
f 152/152/139 216/216/203 217/217/204
f 152/152/139 217/217/204 153/153/140
f 153/153/140 217/217/204 218/218/205
f 153/153/140 218/218/205 154/154/141
f 154/154/141 218/218/205 219/219/206
f 154/154/141 219/219/206 155/155/142
f 155/155/142 219/219/206 220/220/207
f 155/155/142 220/220/207 156/156/143
f 156/156/143 220/220/207 221/221/208
f 156/156/143 221/221/208 157/157/144
f 157/157/144 221/221/208 222/222/209
f 157/157/144 222/222/209 158/158/145
f 158/158/145 222/222/209 223/223/210
f 158/158/145 223/223/210 159/159/146
f 159/159/146 223/223/210 224/224/211
f 159/159/146 224/224/211 160/160/147
f 160/160/147 224/224/211 225/225/212
f 160/160/147 225/225/212 161/161/148
f 161/161/148 225/225/212 226/226/213
f 161/161/148 226/226/213 162/162/149
f 162/162/149 226/226/213 227/227/214
f 162/162/149 227/227/214 163/163/150
f 163/163/150 227/227/214 228/228/215
f 163/163/150 228/228/215 164/164/151
f 164/164/151 228/228/215 229/229/216
f 164/164/151 229/229/216 165/165/152
f 165/165/152 229/229/216 230/230/217
f 165/165/152 230/230/217 166/166/153
f 166/166/153 230/230/217 231/231/218
f 166/166/153 231/231/218 167/167/154
f 167/167/154 231/231/218 232/232/219
f 167/167/154 232/232/219 168/168/155
f 168/168/155 232/232/219 233/233/220
f 168/168/155 233/233/220 169/169/156
f 169/169/156 233/233/220 234/234/221
f 169/169/156 234/234/221 170/170/157
f 170/170/157 234/234/221 235/235/222
f 170/170/157 235/235/222 171/171/158
f 171/171/158 235/235/222 236/236/223
f 171/171/158 236/236/223 172/172/159
f 172/172/159 236/236/223 237/237/224
f 172/172/159 237/237/224 173/173/160
f 173/173/160 237/237/224 238/238/225
f 173/173/160 238/238/225 174/174/161
f 174/174/161 238/238/225 239/239/226
f 174/174/161 239/239/226 175/175/162
f 175/175/162 239/239/226 240/240/227
f 175/175/162 240/240/227 176/176/163
f 176/176/163 240/240/227 241/241/228
f 176/176/163 241/241/228 177/177/164
f 177/177/164 241/241/228 242/242/229
f 177/177/164 242/242/229 178/178/165
f 178/178/165 242/242/229 243/243/230
f 178/178/165 243/243/230 179/179/166
f 179/179/166 243/243/230 244/244/231
f 179/179/166 244/244/231 180/180/167
f 180/180/167 244/244/231 245/245/232
f 180/180/167 245/245/232 181/181/168
f 181/181/168 245/245/232 246/246/233
f 181/181/168 246/246/233 182/182/169
f 182/182/169 246/246/233 247/247/234
f 182/182/169 247/247/234 183/183/170
f 183/183/170 247/247/234 248/248/235
f 183/183/170 248/248/235 184/184/171
f 184/184/171 248/248/235 249/249/236
f 184/184/171 249/249/236 185/185/172
f 185/185/172 249/249/236 250/250/237
f 185/185/172 250/250/237 186/186/173
f 186/186/173 250/250/237 251/251/238
f 186/186/173 251/251/238 187/187/174
f 187/187/174 251/251/238 252/252/239
f 187/187/174 252/252/239 188/188/175
f 188/188/175 252/252/239 253/253/240
f 188/188/175 253/253/240 189/189/176
f 189/189/176 253/253/240 254/254/241
f 189/189/176 254/254/241 190/190/177
f 190/190/177 254/254/241 255/255/242
f 190/190/177 255/255/242 191/191/178
f 191/191/178 255/255/242 256/256/243
f 191/191/178 256/256/243 192/192/179
f 192/192/179 256/256/243 257/257/244
f 192/192/179 257/257/244 193/193/180
f 193/193/180 257/257/244 258/258/245
f 193/193/180 258/258/245 194/194/181
f 194/194/181 258/258/245 259/259/246
f 194/194/181 259/259/246 195/195/182
f 195/195/182 259/259/246 260/260/247
f 196/196/183 261/261/248 197/197/184
f 197/197/184 261/261/248 262/262/249
f 197/197/184 262/262/249 198/198/185
f 198/198/185 262/262/249 263/263/250
f 198/198/185 263/263/250 199/199/186
f 199/199/186 263/263/250 264/264/251
f 199/199/186 264/264/251 200/200/187
f 200/200/187 264/264/251 265/265/252
f 200/200/187 265/265/252 201/201/188
f 201/201/188 265/265/252 266/266/253
f 201/201/188 266/266/253 202/202/189
f 202/202/189 266/266/253 267/267/254
f 202/202/189 267/267/254 203/203/190
f 203/203/190 267/267/254 268/268/255
f 203/203/190 268/268/255 204/204/191
f 204/204/191 268/268/255 269/269/256
f 204/204/191 269/269/256 205/205/192
f 205/205/192 269/269/256 270/270/257
f 205/205/192 270/270/257 206/206/193
f 206/206/193 270/270/257 271/271/258
f 206/206/193 271/271/258 207/207/194
f 207/207/194 271/271/258 272/272/259
f 207/207/194 272/272/259 208/208/195
f 208/208/195 272/272/259 273/273/260
f 208/208/195 273/273/260 209/209/196
f 209/209/196 273/273/260 274/274/261
f 209/209/196 274/274/261 210/210/197
f 210/210/197 274/274/261 275/275/262
f 210/210/197 275/275/262 211/211/198
f 211/211/198 275/275/262 276/276/263
f 211/211/198 276/276/263 212/212/199
f 212/212/199 276/276/263 277/277/264
f 212/212/199 277/277/264 213/213/200
f 213/213/200 277/277/264 278/278/265
f 213/213/200 278/278/265 214/214/201
f 214/214/201 278/278/265 279/279/266
f 214/214/201 279/279/266 215/215/202
f 215/215/202 279/279/266 280/280/267
f 215/215/202 280/280/267 216/216/203
f 216/216/203 280/280/267 281/281/268
f 216/216/203 281/281/268 217/217/204
f 217/217/204 281/281/268 282/282/269
f 217/217/204 282/282/269 218/218/205
f 218/218/205 282/282/269 283/283/270
f 218/218/205 283/283/270 219/219/206
f 219/219/206 283/283/270 284/284/271
f 219/219/206 284/284/271 220/220/207
f 220/220/207 284/284/271 285/285/272
f 220/220/207 285/285/272 221/221/208
f 221/221/208 285/285/272 286/286/273
f 221/221/208 286/286/273 222/222/209
f 222/222/209 286/286/273 287/287/274
f 222/222/209 287/287/274 223/223/210
f 223/223/210 287/287/274 288/288/275
f 223/223/210 288/288/275 224/224/211
f 224/224/211 288/288/275 289/289/276
f 224/224/211 289/289/276 225/225/212
f 225/225/212 289/289/276 290/290/277
f 225/225/212 290/290/277 226/226/213
f 226/226/213 290/290/277 291/291/278
f 226/226/213 291/291/278 227/227/214
f 227/227/214 291/291/278 292/292/279
f 227/227/214 292/292/279 228/228/215
f 228/228/215 292/292/279 293/293/280
f 228/228/215 293/293/280 229/229/216
f 229/229/216 293/293/280 294/294/281
f 229/229/216 294/294/281 230/230/217
f 230/230/217 294/294/281 295/295/282
f 230/230/217 295/295/282 231/231/218
f 231/231/218 295/295/282 296/296/283
f 231/231/218 296/296/283 232/232/219
f 232/232/219 296/296/283 297/297/284
f 232/232/219 297/297/284 233/233/220
f 233/233/220 297/297/284 298/298/285
f 233/233/220 298/298/285 234/234/221
f 234/234/221 298/298/285 299/299/286
f 234/234/221 299/299/286 235/235/222
f 235/235/222 299/299/286 300/300/287
f 235/235/222 300/300/287 236/236/223
f 236/236/223 300/300/287 301/301/288
f 236/236/223 301/301/288 237/237/224
f 237/237/224 301/301/288 302/302/289
f 237/237/224 302/302/289 238/238/225
f 238/238/225 302/302/289 303/303/290
f 238/238/225 303/303/290 239/239/226
f 239/239/226 303/303/290 304/304/291
f 239/239/226 304/304/291 240/240/227
f 240/240/227 304/304/291 305/305/292
f 240/240/227 305/305/292 241/241/228
f 241/241/228 305/305/292 306/306/293
f 241/241/228 306/306/293 242/242/229
f 242/242/229 306/306/293 307/307/294
f 242/242/229 307/307/294 243/243/230
f 243/243/230 307/307/294 308/308/295
f 243/243/230 308/308/295 244/244/231
f 244/244/231 308/308/295 309/309/296
f 244/244/231 309/309/296 245/245/232
f 245/245/232 309/309/296 310/310/297
f 245/245/232 310/310/297 246/246/233
f 246/246/233 310/310/297 311/311/298
f 246/246/233 311/311/298 247/247/234
f 247/247/234 311/311/298 312/312/299
f 247/247/234 312/312/299 248/248/235
f 248/248/235 312/312/299 313/313/300
f 248/248/235 313/313/300 249/249/236
f 249/249/236 313/313/300 314/314/301
f 249/249/236 314/314/301 250/250/237
f 250/250/237 314/314/301 315/315/302
f 250/250/237 315/315/302 251/251/238
f 251/251/238 315/315/302 316/316/303
f 251/251/238 316/316/303 252/252/239
f 252/252/239 316/316/303 317/317/304
f 252/252/239 317/317/304 253/253/240
f 253/253/240 317/317/304 318/318/305
f 253/253/240 318/318/305 254/254/241
f 254/254/241 318/318/305 319/319/306
f 254/254/241 319/319/306 255/255/242
f 255/255/242 319/319/306 320/320/307
f 255/255/242 320/320/307 256/256/243
f 256/256/243 320/320/307 321/321/308
f 256/256/243 321/321/308 257/257/244
f 257/257/244 321/321/308 322/322/309
f 257/257/244 322/322/309 258/258/245
f 258/258/245 322/322/309 323/323/310
f 258/258/245 323/323/310 259/259/246
f 259/259/246 323/323/310 324/324/311
f 259/259/246 324/324/311 260/260/247
f 260/260/247 324/324/311 325/325/312
f 261/261/248 326/326/313 262/262/249
f 262/262/249 326/326/313 327/327/314
f 262/262/249 327/327/314 263/263/250
f 263/263/250 327/327/314 328/328/315
f 263/263/250 328/328/315 264/264/251
f 264/264/251 328/328/315 329/329/316
f 264/264/251 329/329/316 265/265/252
f 265/265/252 329/329/316 330/330/317
f 265/265/252 330/330/317 266/266/253
f 266/266/253 330/330/317 331/331/318
f 266/266/253 331/331/318 267/267/254
f 267/267/254 331/331/318 332/332/319
f 267/267/254 332/332/319 268/268/255
f 268/268/255 332/332/319 333/333/320
f 268/268/255 333/333/320 269/269/256
f 269/269/256 333/333/320 334/334/321
f 269/269/256 334/334/321 270/270/257
f 270/270/257 334/334/321 335/335/322
f 270/270/257 335/335/322 271/271/258
f 271/271/258 335/335/322 336/336/323
f 271/271/258 336/336/323 272/272/259
f 272/272/259 336/336/323 337/337/324
f 272/272/259 337/337/324 273/273/260
f 273/273/260 337/337/324 338/338/325
f 273/273/260 338/338/325 274/274/261
f 274/274/261 338/338/325 339/339/326
f 274/274/261 339/339/326 275/275/262
f 275/275/262 339/339/326 340/340/327
f 275/275/262 340/340/327 276/276/263
f 276/276/263 340/340/327 341/341/328
f 276/276/263 341/341/328 277/277/264
f 277/277/264 341/341/328 342/342/329
f 277/277/264 342/342/329 278/278/265
f 278/278/265 342/342/329 343/343/330
f 278/278/265 343/343/330 279/279/266
f 279/279/266 343/343/330 344/344/331
f 279/279/266 344/344/331 280/280/267
f 280/280/267 344/344/331 345/345/332
f 280/280/267 345/345/332 281/281/268
f 281/281/268 345/345/332 346/346/333
f 281/281/268 346/346/333 282/282/269
f 282/282/269 346/346/333 347/347/334
f 282/282/269 347/347/334 283/283/270
f 283/283/270 347/347/334 348/348/335
f 283/283/270 348/348/335 284/284/271
f 284/284/271 348/348/335 349/349/336
f 284/284/271 349/349/336 285/285/272
f 285/285/272 349/349/336 350/350/337
f 285/285/272 350/350/337 286/286/273
f 286/286/273 350/350/337 351/351/338
f 286/286/273 351/351/338 287/287/274
f 287/287/274 351/351/338 352/352/339
f 287/287/274 352/352/339 288/288/275
f 288/288/275 352/352/339 353/353/340
f 288/288/275 353/353/340 289/289/276
f 289/289/276 353/353/340 354/354/341
f 289/289/276 354/354/341 290/290/277
f 290/290/277 354/354/341 355/355/342
f 290/290/277 355/355/342 291/291/278
f 291/291/278 355/355/342 356/356/343
f 291/291/278 356/356/343 292/292/279
f 292/292/279 356/356/343 357/357/344
f 292/292/279 357/357/344 293/293/280
f 293/293/280 357/357/344 358/358/345
f 293/293/280 358/358/345 294/294/281
f 294/294/281 358/358/345 359/359/346
f 294/294/281 359/359/346 295/295/282
f 295/295/282 359/359/346 360/360/347
f 295/295/282 360/360/347 296/296/283
f 296/296/283 360/360/347 361/361/348
f 296/296/283 361/361/348 297/297/284
f 297/297/284 361/361/348 362/362/349
f 297/297/284 362/362/349 298/298/285
f 298/298/285 362/362/349 363/363/350
f 298/298/285 363/363/350 299/299/286
f 299/299/286 363/363/350 364/364/351
f 299/299/286 364/364/351 300/300/287
f 300/300/287 364/364/351 365/365/352
f 300/300/287 365/365/352 301/301/288
f 301/301/288 365/365/352 366/366/353
f 301/301/288 366/366/353 302/302/289
f 302/302/289 366/366/353 367/367/354
f 302/302/289 367/367/354 303/303/290
f 303/303/290 367/367/354 368/368/355
f 303/303/290 368/368/355 304/304/291
f 304/304/291 368/368/355 369/369/356
f 304/304/291 369/369/356 305/305/292
f 305/305/292 369/369/356 370/370/357
f 305/305/292 370/370/357 306/306/293
f 306/306/293 370/370/357 371/371/358
f 306/306/293 371/371/358 307/307/294
f 307/307/294 371/371/358 372/372/359
f 307/307/294 372/372/359 308/308/295
f 308/308/295 372/372/359 373/373/360
f 308/308/295 373/373/360 309/309/296
f 309/309/296 373/373/360 374/374/361
f 309/309/296 374/374/361 310/310/297
f 310/310/297 374/374/361 375/375/362
f 310/310/297 375/375/362 311/311/298
f 311/311/298 375/375/362 376/376/363
f 311/311/298 376/376/363 312/312/299
f 312/312/299 376/376/363 377/377/364
f 312/312/299 377/377/364 313/313/300
f 313/313/300 377/377/364 378/378/365
f 313/313/300 378/378/365 314/314/301
f 314/314/301 378/378/365 379/379/366
f 314/314/301 379/379/366 315/315/302
f 315/315/302 379/379/366 380/380/367
f 315/315/302 380/380/367 316/316/303
f 316/316/303 380/380/367 381/381/368
f 316/316/303 381/381/368 317/317/304
f 317/317/304 381/381/368 382/382/369
f 317/317/304 382/382/369 318/318/305
f 318/318/305 382/382/369 383/383/370
f 318/318/305 383/383/370 319/319/306
f 319/319/306 383/383/370 384/384/371
f 319/319/306 384/384/371 320/320/307
f 320/320/307 384/384/371 385/385/372
f 320/320/307 385/385/372 321/321/308
f 321/321/308 385/385/372 386/386/373
f 321/321/308 386/386/373 322/322/309
f 322/322/309 386/386/373 387/387/374
f 322/322/309 387/387/374 323/323/310
f 323/323/310 387/387/374 388/388/375
f 323/323/310 388/388/375 324/324/311
f 324/324/311 388/388/375 389/389/376
f 324/324/311 389/389/376 325/325/312
f 325/325/312 389/389/376 390/390/377
f 326/326/313 391/391/378 327/327/314
f 327/327/314 391/391/378 392/392/379
f 327/327/314 392/392/379 328/328/315
f 328/328/315 392/392/379 393/393/380
f 328/328/315 393/393/380 329/329/316
f 329/329/316 393/393/380 394/394/381
f 329/329/316 394/394/381 330/330/317
f 330/330/317 394/394/381 395/395/382
f 330/330/317 395/395/382 331/331/318
f 331/331/318 395/395/382 396/396/383
f 331/331/318 396/396/383 332/332/319
f 332/332/319 396/396/383 397/397/384
f 332/332/319 397/397/384 333/333/320
f 333/333/320 397/397/384 398/398/385
f 333/333/320 398/398/385 334/334/321
f 334/334/321 398/398/385 399/399/386
f 334/334/321 399/399/386 335/335/322
f 335/335/322 399/399/386 400/400/387
f 335/335/322 400/400/387 336/336/323
f 336/336/323 400/400/387 401/401/388
f 336/336/323 401/401/388 337/337/324
f 337/337/324 401/401/388 402/402/389
f 337/337/324 402/402/389 338/338/325
f 338/338/325 402/402/389 403/403/390
f 338/338/325 403/403/390 339/339/326
f 339/339/326 403/403/390 404/404/391
f 339/339/326 404/404/391 340/340/327
f 340/340/327 404/404/391 405/405/392
f 340/340/327 405/405/392 341/341/328
f 341/341/328 405/405/392 406/406/393
f 341/341/328 406/406/393 342/342/329
f 342/342/329 406/406/393 407/407/394
f 342/342/329 407/407/394 343/343/330
f 343/343/330 407/407/394 408/408/395
f 343/343/330 408/408/395 344/344/331
f 344/344/331 408/408/395 409/409/396
f 344/344/331 409/409/396 345/345/332
f 345/345/332 409/409/396 410/410/397
f 345/345/332 410/410/397 346/346/333
f 346/346/333 410/410/397 411/411/398
f 346/346/333 411/411/398 347/347/334
f 347/347/334 411/411/398 412/412/399
f 347/347/334 412/412/399 348/348/335
f 348/348/335 412/412/399 413/413/400
f 348/348/335 413/413/400 349/349/336
f 349/349/336 413/413/400 414/414/401
f 349/349/336 414/414/401 350/350/337
f 350/350/337 414/414/401 415/415/402
f 350/350/337 415/415/402 351/351/338
f 351/351/338 415/415/402 416/416/403
f 351/351/338 416/416/403 352/352/339
f 352/352/339 416/416/403 417/417/404
f 352/352/339 417/417/404 353/353/340
f 353/353/340 417/417/404 418/418/405
f 353/353/340 418/418/405 354/354/341
f 354/354/341 418/418/405 419/419/406
f 354/354/341 419/419/406 355/355/342
f 355/355/342 419/419/406 420/420/407
f 355/355/342 420/420/407 356/356/343
f 356/356/343 420/420/407 421/421/408
f 356/356/343 421/421/408 357/357/344
f 357/357/344 421/421/408 422/422/409
f 357/357/344 422/422/409 358/358/345
f 358/358/345 422/422/409 423/423/410
f 358/358/345 423/423/410 359/359/346
f 359/359/346 423/423/410 424/424/411
f 359/359/346 424/424/411 360/360/347
f 360/360/347 424/424/411 425/425/412
f 360/360/347 425/425/412 361/361/348
f 361/361/348 425/425/412 426/426/413
f 361/361/348 426/426/413 362/362/349
f 362/362/349 426/426/413 427/427/414
f 362/362/349 427/427/414 363/363/350
f 363/363/350 427/427/414 428/428/415
f 363/363/350 428/428/415 364/364/351
f 364/364/351 428/428/415 429/429/416
f 364/364/351 429/429/416 365/365/352
f 365/365/352 429/429/416 430/430/417
f 365/365/352 430/430/417 366/366/353
f 366/366/353 430/430/417 431/431/418
f 366/366/353 431/431/418 367/367/354
f 367/367/354 431/431/418 432/432/419
f 367/367/354 432/432/419 368/368/355
f 368/368/355 432/432/419 433/433/420
f 368/368/355 433/433/420 369/369/356
f 369/369/356 433/433/420 434/434/421
f 369/369/356 434/434/421 370/370/357
f 370/370/357 434/434/421 435/435/422
f 370/370/357 435/435/422 371/371/358
f 371/371/358 435/435/422 436/436/423
f 371/371/358 436/436/423 372/372/359
f 372/372/359 436/436/423 437/437/424
f 372/372/359 437/437/424 373/373/360
f 373/373/360 437/437/424 438/438/425
f 373/373/360 438/438/425 374/374/361
f 374/374/361 438/438/425 439/439/426
f 374/374/361 439/439/426 375/375/362
f 375/375/362 439/439/426 440/440/427
f 375/375/362 440/440/427 376/376/363
f 376/376/363 440/440/427 441/441/428
f 376/376/363 441/441/428 377/377/364
f 377/377/364 441/441/428 442/442/429
f 377/377/364 442/442/429 378/378/365
f 378/378/365 442/442/429 443/443/430
f 378/378/365 443/443/430 379/379/366
f 379/379/366 443/443/430 444/444/431
f 379/379/366 444/444/431 380/380/367
f 380/380/367 444/444/431 445/445/432
f 380/380/367 445/445/432 381/381/368
f 381/381/368 445/445/432 446/446/433
f 381/381/368 446/446/433 382/382/369
f 382/382/369 446/446/433 447/447/434
f 382/382/369 447/447/434 383/383/370
f 383/383/370 447/447/434 448/448/435
f 383/383/370 448/448/435 384/384/371
f 384/384/371 448/448/435 449/449/436
f 384/384/371 449/449/436 385/385/372
f 385/385/372 449/449/436 450/450/437
f 385/385/372 450/450/437 386/386/373
f 386/386/373 450/450/437 451/451/438
f 386/386/373 451/451/438 387/387/374
f 387/387/374 451/451/438 452/452/439
f 387/387/374 452/452/439 388/388/375
f 388/388/375 452/452/439 453/453/440
f 388/388/375 453/453/440 389/389/376
f 389/389/376 453/453/440 454/454/441
f 389/389/376 454/454/441 390/390/377
f 390/390/377 454/454/441 455/455/442
f 391/391/378 456/456/443 392/392/379
f 392/392/379 456/456/443 457/457/444
f 392/392/379 457/457/444 393/393/380
f 393/393/380 457/457/444 458/458/445
f 393/393/380 458/458/445 394/394/381
f 394/394/381 458/458/445 459/459/446
f 394/394/381 459/459/446 395/395/382
f 395/395/382 459/459/446 460/460/447
f 395/395/382 460/460/447 396/396/383
f 396/396/383 460/460/447 461/461/448
f 396/396/383 461/461/448 397/397/384
f 397/397/384 461/461/448 462/462/449
f 397/397/384 462/462/449 398/398/385
f 398/398/385 462/462/449 463/463/450
f 398/398/385 463/463/450 399/399/386
f 399/399/386 463/463/450 464/464/451
f 399/399/386 464/464/451 400/400/387
f 400/400/387 464/464/451 465/465/452
f 400/400/387 465/465/452 401/401/388
f 401/401/388 465/465/452 466/466/453
f 401/401/388 466/466/453 402/402/389
f 402/402/389 466/466/453 467/467/454
f 402/402/389 467/467/454 403/403/390
f 403/403/390 467/467/454 468/468/455
f 403/403/390 468/468/455 404/404/391
f 404/404/391 468/468/455 469/469/456
f 404/404/391 469/469/456 405/405/392
f 405/405/392 469/469/456 470/470/457
f 405/405/392 470/470/457 406/406/393
f 406/406/393 470/470/457 471/471/458
f 406/406/393 471/471/458 407/407/394
f 407/407/394 471/471/458 472/472/459
f 407/407/394 472/472/459 408/408/395
f 408/408/395 472/472/459 473/473/460
f 408/408/395 473/473/460 409/409/396
f 409/409/396 473/473/460 474/474/461
f 409/409/396 474/474/461 410/410/397
f 410/410/397 474/474/461 475/475/462
f 410/410/397 475/475/462 411/411/398
f 411/411/398 475/475/462 476/476/463
f 411/411/398 476/476/463 412/412/399
f 412/412/399 476/476/463 477/477/464
f 412/412/399 477/477/464 413/413/400
f 413/413/400 477/477/464 478/478/465
f 413/413/400 478/478/465 414/414/401
f 414/414/401 478/478/465 479/479/466
f 414/414/401 479/479/466 415/415/402
f 415/415/402 479/479/466 480/480/467
f 415/415/402 480/480/467 416/416/403
f 416/416/403 480/480/467 481/481/468
f 416/416/403 481/481/468 417/417/404
f 417/417/404 481/481/468 482/482/469
f 417/417/404 482/482/469 418/418/405
f 418/418/405 482/482/469 483/483/470
f 418/418/405 483/483/470 419/419/406
f 419/419/406 483/483/470 484/484/471
f 419/419/406 484/484/471 420/420/407
f 420/420/407 484/484/471 485/485/472
f 420/420/407 485/485/472 421/421/408
f 421/421/408 485/485/472 486/486/473
f 421/421/408 486/486/473 422/422/409
f 422/422/409 486/486/473 487/487/474
f 422/422/409 487/487/474 423/423/410
f 423/423/410 487/487/474 488/488/475
f 423/423/410 488/488/475 424/424/411
f 424/424/411 488/488/475 489/489/476
f 424/424/411 489/489/476 425/425/412
f 425/425/412 489/489/476 490/490/477
f 425/425/412 490/490/477 426/426/413
f 426/426/413 490/490/477 491/491/478
f 426/426/413 491/491/478 427/427/414
f 427/427/414 491/491/478 492/492/479
f 427/427/414 492/492/479 428/428/415
f 428/428/415 492/492/479 493/493/480
f 428/428/415 493/493/480 429/429/416
f 429/429/416 493/493/480 494/494/481
f 429/429/416 494/494/481 430/430/417
f 430/430/417 494/494/481 495/495/482
f 430/430/417 495/495/482 431/431/418
f 431/431/418 495/495/482 496/496/483
f 431/431/418 496/496/483 432/432/419
f 432/432/419 496/496/483 497/497/484
f 432/432/419 497/497/484 433/433/420
f 433/433/420 497/497/484 498/498/485
f 433/433/420 498/498/485 434/434/421
f 434/434/421 498/498/485 499/499/486
f 434/434/421 499/499/486 435/435/422
f 435/435/422 499/499/486 500/500/487
f 435/435/422 500/500/487 436/436/423
f 436/436/423 500/500/487 501/501/488
f 436/436/423 501/501/488 437/437/424
f 437/437/424 501/501/488 502/502/489
f 437/437/424 502/502/489 438/438/425
f 438/438/425 502/502/489 503/503/490
f 438/438/425 503/503/490 439/439/426
f 439/439/426 503/503/490 504/504/491
f 439/439/426 504/504/491 440/440/427
f 440/440/427 504/504/491 505/505/492
f 440/440/427 505/505/492 441/441/428
f 441/441/428 505/505/492 506/506/493
f 441/441/428 506/506/493 442/442/429
f 442/442/429 506/506/493 507/507/494
f 442/442/429 507/507/494 443/443/430
f 443/443/430 507/507/494 508/508/495
f 443/443/430 508/508/495 444/444/431
f 444/444/431 508/508/495 509/509/496
f 444/444/431 509/509/496 445/445/432
f 445/445/432 509/509/496 510/510/497
f 445/445/432 510/510/497 446/446/433
f 446/446/433 510/510/497 511/511/498
f 446/446/433 511/511/498 447/447/434
f 447/447/434 511/511/498 512/512/499
f 447/447/434 512/512/499 448/448/435
f 448/448/435 512/512/499 513/513/500
f 448/448/435 513/513/500 449/449/436
f 449/449/436 513/513/500 514/514/501
f 449/449/436 514/514/501 450/450/437
f 450/450/437 514/514/501 515/515/502
f 450/450/437 515/515/502 451/451/438
f 451/451/438 515/515/502 516/516/503
f 451/451/438 516/516/503 452/452/439
f 452/452/439 516/516/503 517/517/504
f 452/452/439 517/517/504 453/453/440
f 453/453/440 517/517/504 518/518/505
f 453/453/440 518/518/505 454/454/441
f 454/454/441 518/518/505 519/519/506
f 454/454/441 519/519/506 455/455/442
f 455/455/442 519/519/506 520/520/507
f 456/456/443 521/521/508 457/457/444
f 457/457/444 521/521/508 522/522/509
f 457/457/444 522/522/509 458/458/445
f 458/458/445 522/522/509 523/523/510
f 458/458/445 523/523/510 459/459/446
f 459/459/446 523/523/510 524/524/511
f 459/459/446 524/524/511 460/460/447
f 460/460/447 524/524/511 525/525/512
f 460/460/447 525/525/512 461/461/448
f 461/461/448 525/525/512 526/526/513
f 461/461/448 526/526/513 462/462/449
f 462/462/449 526/526/513 527/527/514
f 462/462/449 527/527/514 463/463/450
f 463/463/450 527/527/514 528/528/515
f 463/463/450 528/528/515 464/464/451
f 464/464/451 528/528/515 529/529/516
f 464/464/451 529/529/516 465/465/452
f 465/465/452 529/529/516 530/530/517
f 465/465/452 530/530/517 466/466/453
f 466/466/453 530/530/517 531/531/518
f 466/466/453 531/531/518 467/467/454
f 467/467/454 531/531/518 532/532/519
f 467/467/454 532/532/519 468/468/455
f 468/468/455 532/532/519 533/533/520
f 468/468/455 533/533/520 469/469/456
f 469/469/456 533/533/520 534/534/521
f 469/469/456 534/534/521 470/470/457
f 470/470/457 534/534/521 535/535/522
f 470/470/457 535/535/522 471/471/458
f 471/471/458 535/535/522 536/536/523
f 471/471/458 536/536/523 472/472/459
f 472/472/459 536/536/523 537/537/524
f 472/472/459 537/537/524 473/473/460
f 473/473/460 537/537/524 538/538/525
f 473/473/460 538/538/525 474/474/461
f 474/474/461 538/538/525 539/539/526
f 474/474/461 539/539/526 475/475/462
f 475/475/462 539/539/526 540/540/527
f 475/475/462 540/540/527 476/476/463
f 476/476/463 540/540/527 541/541/528
f 476/476/463 541/541/528 477/477/464
f 477/477/464 541/541/528 542/542/529
f 477/477/464 542/542/529 478/478/465
f 478/478/465 542/542/529 543/543/530
f 478/478/465 543/543/530 479/479/466
f 479/479/466 543/543/530 544/544/531
f 479/479/466 544/544/531 480/480/467
f 480/480/467 544/544/531 545/545/532
f 480/480/467 545/545/532 481/481/468
f 481/481/468 545/545/532 546/546/533
f 481/481/468 546/546/533 482/482/469
f 482/482/469 546/546/533 547/547/534
f 482/482/469 547/547/534 483/483/470
f 483/483/470 547/547/534 548/548/535
f 483/483/470 548/548/535 484/484/471
f 484/484/471 548/548/535 549/549/536
f 484/484/471 549/549/536 485/485/472
f 485/485/472 549/549/536 550/550/537
f 485/485/472 550/550/537 486/486/473
f 486/486/473 550/550/537 551/551/538
f 486/486/473 551/551/538 487/487/474
f 487/487/474 551/551/538 552/552/539
f 487/487/474 552/552/539 488/488/475
f 488/488/475 552/552/539 553/553/540
f 488/488/475 553/553/540 489/489/476
f 489/489/476 553/553/540 554/554/541
f 489/489/476 554/554/541 490/490/477
f 490/490/477 554/554/541 555/555/542
f 490/490/477 555/555/542 491/491/478
f 491/491/478 555/555/542 556/556/543
f 491/491/478 556/556/543 492/492/479
f 492/492/479 556/556/543 557/557/544
f 492/492/479 557/557/544 493/493/480
f 493/493/480 557/557/544 558/558/545
f 493/493/480 558/558/545 494/494/481
f 494/494/481 558/558/545 559/559/546
f 494/494/481 559/559/546 495/495/482
f 495/495/482 559/559/546 560/560/547
f 495/495/482 560/560/547 496/496/483
f 496/496/483 560/560/547 561/561/548
f 496/496/483 561/561/548 497/497/484
f 497/497/484 561/561/548 562/562/549
f 497/497/484 562/562/549 498/498/485
f 498/498/485 562/562/549 563/563/550
f 498/498/485 563/563/550 499/499/486
f 499/499/486 563/563/550 564/564/551
f 499/499/486 564/564/551 500/500/487
f 500/500/487 564/564/551 565/565/552
f 500/500/487 565/565/552 501/501/488
f 501/501/488 565/565/552 566/566/553
f 501/501/488 566/566/553 502/502/489
f 502/502/489 566/566/553 567/567/554
f 502/502/489 567/567/554 503/503/490
f 503/503/490 567/567/554 568/568/555
f 503/503/490 568/568/555 504/504/491
f 504/504/491 568/568/555 569/569/556
f 504/504/491 569/569/556 505/505/492
f 505/505/492 569/569/556 570/570/557
f 505/505/492 570/570/557 506/506/493
f 506/506/493 570/570/557 571/571/558
f 506/506/493 571/571/558 507/507/494
f 507/507/494 571/571/558 572/572/559
f 507/507/494 572/572/559 508/508/495
f 508/508/495 572/572/559 573/573/560
f 508/508/495 573/573/560 509/509/496
f 509/509/496 573/573/560 574/574/561
f 509/509/496 574/574/561 510/510/497
f 510/510/497 574/574/561 575/575/562
f 510/510/497 575/575/562 511/511/498
f 511/511/498 575/575/562 576/576/563
f 511/511/498 576/576/563 512/512/499
f 512/512/499 576/576/563 577/577/564
f 512/512/499 577/577/564 513/513/500
f 513/513/500 577/577/564 578/578/565
f 513/513/500 578/578/565 514/514/501
f 514/514/501 578/578/565 579/579/566
f 514/514/501 579/579/566 515/515/502
f 515/515/502 579/579/566 580/580/567
f 515/515/502 580/580/567 516/516/503
f 516/516/503 580/580/567 581/581/568
f 516/516/503 581/581/568 517/517/504
f 517/517/504 581/581/568 582/582/569
f 517/517/504 582/582/569 518/518/505
f 518/518/505 582/582/569 583/583/570
f 518/518/505 583/583/570 519/519/506
f 519/519/506 583/583/570 584/584/571
f 519/519/506 584/584/571 520/520/507
f 520/520/507 584/584/571 585/585/572
f 521/521/508 586/586/573 522/522/509
f 522/522/509 586/586/573 587/587/574
f 522/522/509 587/587/574 523/523/510
f 523/523/510 587/587/574 588/588/575
f 523/523/510 588/588/575 524/524/511
f 524/524/511 588/588/575 589/589/576
f 524/524/511 589/589/576 525/525/512
f 525/525/512 589/589/576 590/590/577
f 525/525/512 590/590/577 526/526/513
f 526/526/513 590/590/577 591/591/578
f 526/526/513 591/591/578 527/527/514
f 527/527/514 591/591/578 592/592/579
f 527/527/514 592/592/579 528/528/515
f 528/528/515 592/592/579 593/593/580
f 528/528/515 593/593/580 529/529/516
f 529/529/516 593/593/580 594/594/581
f 529/529/516 594/594/581 530/530/517
f 530/530/517 594/594/581 595/595/582
f 530/530/517 595/595/582 531/531/518
f 531/531/518 595/595/582 596/596/583
f 531/531/518 596/596/583 532/532/519
f 532/532/519 596/596/583 597/597/584
f 532/532/519 597/597/584 533/533/520
f 533/533/520 597/597/584 598/598/585
f 533/533/520 598/598/585 534/534/521
f 534/534/521 598/598/585 599/599/586
f 534/534/521 599/599/586 535/535/522
f 535/535/522 599/599/586 600/600/587
f 535/535/522 600/600/587 536/536/523
f 536/536/523 600/600/587 601/601/588
f 536/536/523 601/601/588 537/537/524
f 537/537/524 601/601/588 602/602/589
f 537/537/524 602/602/589 538/538/525
f 538/538/525 602/602/589 603/603/590
f 538/538/525 603/603/590 539/539/526
f 539/539/526 603/603/590 604/604/591
f 539/539/526 604/604/591 540/540/527
f 540/540/527 604/604/591 605/605/592
f 540/540/527 605/605/592 541/541/528
f 541/541/528 605/605/592 606/606/593
f 541/541/528 606/606/593 542/542/529
f 542/542/529 606/606/593 607/607/594
f 542/542/529 607/607/594 543/543/530
f 543/543/530 607/607/594 608/608/595
f 543/543/530 608/608/595 544/544/531
f 544/544/531 608/608/595 609/609/596
f 544/544/531 609/609/596 545/545/532
f 545/545/532 609/609/596 610/610/597
f 545/545/532 610/610/597 546/546/533
f 546/546/533 610/610/597 611/611/598
f 546/546/533 611/611/598 547/547/534
f 547/547/534 611/611/598 612/612/599
f 547/547/534 612/612/599 548/548/535
f 548/548/535 612/612/599 613/613/600
f 548/548/535 613/613/600 549/549/536
f 549/549/536 613/613/600 614/614/601
f 549/549/536 614/614/601 550/550/537
f 550/550/537 614/614/601 615/615/602
f 550/550/537 615/615/602 551/551/538
f 551/551/538 615/615/602 616/616/603
f 551/551/538 616/616/603 552/552/539
f 552/552/539 616/616/603 617/617/604
f 552/552/539 617/617/604 553/553/540
f 553/553/540 617/617/604 618/618/605
f 553/553/540 618/618/605 554/554/541
f 554/554/541 618/618/605 619/619/606
f 554/554/541 619/619/606 555/555/542
f 555/555/542 619/619/606 620/620/607
f 555/555/542 620/620/607 556/556/543
f 556/556/543 620/620/607 621/621/608
f 556/556/543 621/621/608 557/557/544
f 557/557/544 621/621/608 622/622/609
f 557/557/544 622/622/609 558/558/545
f 558/558/545 622/622/609 623/623/610
f 558/558/545 623/623/610 559/559/546
f 559/559/546 623/623/610 624/624/611
f 559/559/546 624/624/611 560/560/547
f 560/560/547 624/624/611 625/625/612
f 560/560/547 625/625/612 561/561/548
f 561/561/548 625/625/612 626/626/613
f 561/561/548 626/626/613 562/562/549
f 562/562/549 626/626/613 627/627/614
f 562/562/549 627/627/614 563/563/550
f 563/563/550 627/627/614 628/628/615
f 563/563/550 628/628/615 564/564/551
f 564/564/551 628/628/615 629/629/616
f 564/564/551 629/629/616 565/565/552
f 565/565/552 629/629/616 630/630/617
f 565/565/552 630/630/617 566/566/553
f 566/566/553 630/630/617 631/631/618
f 566/566/553 631/631/618 567/567/554
f 567/567/554 631/631/618 632/632/619
f 567/567/554 632/632/619 568/568/555
f 568/568/555 632/632/619 633/633/620
f 568/568/555 633/633/620 569/569/556
f 569/569/556 633/633/620 634/634/621
f 569/569/556 634/634/621 570/570/557
f 570/570/557 634/634/621 635/635/622
f 570/570/557 635/635/622 571/571/558
f 571/571/558 635/635/622 636/636/623
f 571/571/558 636/636/623 572/572/559
f 572/572/559 636/636/623 637/637/624
f 572/572/559 637/637/624 573/573/560
f 573/573/560 637/637/624 638/638/625
f 573/573/560 638/638/625 574/574/561
f 574/574/561 638/638/625 639/639/626
f 574/574/561 639/639/626 575/575/562
f 575/575/562 639/639/626 640/640/627
f 575/575/562 640/640/627 576/576/563
f 576/576/563 640/640/627 641/641/628
f 576/576/563 641/641/628 577/577/564
f 577/577/564 641/641/628 642/642/629
f 577/577/564 642/642/629 578/578/565
f 578/578/565 642/642/629 643/643/630
f 578/578/565 643/643/630 579/579/566
f 579/579/566 643/643/630 644/644/631
f 579/579/566 644/644/631 580/580/567
f 580/580/567 644/644/631 645/645/632
f 580/580/567 645/645/632 581/581/568
f 581/581/568 645/645/632 646/646/633
f 581/581/568 646/646/633 582/582/569
f 582/582/569 646/646/633 647/647/634
f 582/582/569 647/647/634 583/583/570
f 583/583/570 647/647/634 648/648/635
f 583/583/570 648/648/635 584/584/571
f 584/584/571 648/648/635 649/649/636
f 584/584/571 649/649/636 585/585/572
f 585/585/572 649/649/636 650/650/637
f 586/586/573 651/651/638 587/587/574
f 587/587/574 651/651/638 652/652/639
f 587/587/574 652/652/639 588/588/575
f 588/588/575 652/652/639 653/653/640
f 588/588/575 653/653/640 589/589/576
f 589/589/576 653/653/640 654/654/641
f 589/589/576 654/654/641 590/590/577
f 590/590/577 654/654/641 655/655/642
f 590/590/577 655/655/642 591/591/578
f 591/591/578 655/655/642 656/656/643
f 591/591/578 656/656/643 592/592/579
f 592/592/579 656/656/643 657/657/644
f 592/592/579 657/657/644 593/593/580
f 593/593/580 657/657/644 658/658/645
f 593/593/580 658/658/645 594/594/581
f 594/594/581 658/658/645 659/659/646
f 594/594/581 659/659/646 595/595/582
f 595/595/582 659/659/646 660/660/647
f 595/595/582 660/660/647 596/596/583
f 596/596/583 660/660/647 661/661/648
f 596/596/583 661/661/648 597/597/584
f 597/597/584 661/661/648 662/662/649
f 597/597/584 662/662/649 598/598/585
f 598/598/585 662/662/649 663/663/650
f 598/598/585 663/663/650 599/599/586
f 599/599/586 663/663/650 664/664/651
f 599/599/586 664/664/651 600/600/587
f 600/600/587 664/664/651 665/665/652
f 600/600/587 665/665/652 601/601/588
f 601/601/588 665/665/652 666/666/653
f 601/601/588 666/666/653 602/602/589
f 602/602/589 666/666/653 667/667/654
f 602/602/589 667/667/654 603/603/590
f 603/603/590 667/667/654 668/668/655
f 603/603/590 668/668/655 604/604/591
f 604/604/591 668/668/655 669/669/656
f 604/604/591 669/669/656 605/605/592
f 605/605/592 669/669/656 670/670/657
f 605/605/592 670/670/657 606/606/593
f 606/606/593 670/670/657 671/671/658
f 606/606/593 671/671/658 607/607/594
f 607/607/594 671/671/658 672/672/659
f 607/607/594 672/672/659 608/608/595
f 608/608/595 672/672/659 673/673/660
f 608/608/595 673/673/660 609/609/596
f 609/609/596 673/673/660 674/674/661
f 609/609/596 674/674/661 610/610/597
f 610/610/597 674/674/661 675/675/662
f 610/610/597 675/675/662 611/611/598
f 611/611/598 675/675/662 676/676/663
f 611/611/598 676/676/663 612/612/599
f 612/612/599 676/676/663 677/677/664
f 612/612/599 677/677/664 613/613/600
f 613/613/600 677/677/664 678/678/665
f 613/613/600 678/678/665 614/614/601
f 614/614/601 678/678/665 679/679/666
f 614/614/601 679/679/666 615/615/602
f 615/615/602 679/679/666 680/680/667
f 615/615/602 680/680/667 616/616/603
f 616/616/603 680/680/667 681/681/668
f 616/616/603 681/681/668 617/617/604
f 617/617/604 681/681/668 682/682/669
f 617/617/604 682/682/669 618/618/605
f 618/618/605 682/682/669 683/683/670
f 618/618/605 683/683/670 619/619/606
f 619/619/606 683/683/670 684/684/671
f 619/619/606 684/684/671 620/620/607
f 620/620/607 684/684/671 685/685/672
f 620/620/607 685/685/672 621/621/608
f 621/621/608 685/685/672 686/686/673
f 621/621/608 686/686/673 622/622/609
f 622/622/609 686/686/673 687/687/674
f 622/622/609 687/687/674 623/623/610
f 623/623/610 687/687/674 688/688/675
f 623/623/610 688/688/675 624/624/611
f 624/624/611 688/688/675 689/689/676
f 624/624/611 689/689/676 625/625/612
f 625/625/612 689/689/676 690/690/677
f 625/625/612 690/690/677 626/626/613
f 626/626/613 690/690/677 691/691/678
f 626/626/613 691/691/678 627/627/614
f 627/627/614 691/691/678 692/692/679
f 627/627/614 692/692/679 628/628/615
f 628/628/615 692/692/679 693/693/680
f 628/628/615 693/693/680 629/629/616
f 629/629/616 693/693/680 694/694/681
f 629/629/616 694/694/681 630/630/617
f 630/630/617 694/694/681 695/695/682
f 630/630/617 695/695/682 631/631/618
f 631/631/618 695/695/682 696/696/683
f 631/631/618 696/696/683 632/632/619
f 632/632/619 696/696/683 697/697/684
f 632/632/619 697/697/684 633/633/620
f 633/633/620 697/697/684 698/698/685
f 633/633/620 698/698/685 634/634/621
f 634/634/621 698/698/685 699/699/686
f 634/634/621 699/699/686 635/635/622
f 635/635/622 699/699/686 700/700/687
f 635/635/622 700/700/687 636/636/623
f 636/636/623 700/700/687 701/701/688
f 636/636/623 701/701/688 637/637/624
f 637/637/624 701/701/688 702/702/689
f 637/637/624 702/702/689 638/638/625
f 638/638/625 702/702/689 703/703/690
f 638/638/625 703/703/690 639/639/626
f 639/639/626 703/703/690 704/704/691
f 639/639/626 704/704/691 640/640/627
f 640/640/627 704/704/691 705/705/692
f 640/640/627 705/705/692 641/641/628
f 641/641/628 705/705/692 706/706/693
f 641/641/628 706/706/693 642/642/629
f 642/642/629 706/706/693 707/707/694
f 642/642/629 707/707/694 643/643/630
f 643/643/630 707/707/694 708/708/695
f 643/643/630 708/708/695 644/644/631
f 644/644/631 708/708/695 709/709/696
f 644/644/631 709/709/696 645/645/632
f 645/645/632 709/709/696 710/710/697
f 645/645/632 710/710/697 646/646/633
f 646/646/633 710/710/697 711/711/698
f 646/646/633 711/711/698 647/647/634
f 647/647/634 711/711/698 712/712/699
f 647/647/634 712/712/699 648/648/635
f 648/648/635 712/712/699 713/713/700
f 648/648/635 713/713/700 649/649/636
f 649/649/636 713/713/700 714/714/701
f 649/649/636 714/714/701 650/650/637
f 650/650/637 714/714/701 715/715/702
f 651/651/638 716/716/703 652/652/639
f 652/652/639 716/716/703 717/717/704
f 652/652/639 717/717/704 653/653/640
f 653/653/640 717/717/704 718/718/705
f 653/653/640 718/718/705 654/654/641
f 654/654/641 718/718/705 719/719/706
f 654/654/641 719/719/706 655/655/642
f 655/655/642 719/719/706 720/720/707
f 655/655/642 720/720/707 656/656/643
f 656/656/643 720/720/707 721/721/708
f 656/656/643 721/721/708 657/657/644
f 657/657/644 721/721/708 722/722/709
f 657/657/644 722/722/709 658/658/645
f 658/658/645 722/722/709 723/723/710
f 658/658/645 723/723/710 659/659/646
f 659/659/646 723/723/710 724/724/711
f 659/659/646 724/724/711 660/660/647
f 660/660/647 724/724/711 725/725/712
f 660/660/647 725/725/712 661/661/648
f 661/661/648 725/725/712 726/726/713
f 661/661/648 726/726/713 662/662/649
f 662/662/649 726/726/713 727/727/714
f 662/662/649 727/727/714 663/663/650
f 663/663/650 727/727/714 728/728/715
f 663/663/650 728/728/715 664/664/651
f 664/664/651 728/728/715 729/729/716
f 664/664/651 729/729/716 665/665/652
f 665/665/652 729/729/716 730/730/717
f 665/665/652 730/730/717 666/666/653
f 666/666/653 730/730/717 731/731/718
f 666/666/653 731/731/718 667/667/654
f 667/667/654 731/731/718 732/732/719
f 667/667/654 732/732/719 668/668/655
f 668/668/655 732/732/719 733/733/720
f 668/668/655 733/733/720 669/669/656
f 669/669/656 733/733/720 734/734/721
f 669/669/656 734/734/721 670/670/657
f 670/670/657 734/734/721 735/735/722
f 670/670/657 735/735/722 671/671/658
f 671/671/658 735/735/722 736/736/723
f 671/671/658 736/736/723 672/672/659
f 672/672/659 736/736/723 737/737/724
f 672/672/659 737/737/724 673/673/660
f 673/673/660 737/737/724 738/738/725
f 673/673/660 738/738/725 674/674/661
f 674/674/661 738/738/725 739/739/726
f 674/674/661 739/739/726 675/675/662
f 675/675/662 739/739/726 740/740/727
f 675/675/662 740/740/727 676/676/663
f 676/676/663 740/740/727 741/741/728
f 676/676/663 741/741/728 677/677/664
f 677/677/664 741/741/728 742/742/729
f 677/677/664 742/742/729 678/678/665
f 678/678/665 742/742/729 743/743/730
f 678/678/665 743/743/730 679/679/666
f 679/679/666 743/743/730 744/744/731
f 679/679/666 744/744/731 680/680/667
f 680/680/667 744/744/731 745/745/732
f 680/680/667 745/745/732 681/681/668
f 681/681/668 745/745/732 746/746/733
f 681/681/668 746/746/733 682/682/669
f 682/682/669 746/746/733 747/747/734
f 682/682/669 747/747/734 683/683/670
f 683/683/670 747/747/734 748/748/735
f 683/683/670 748/748/735 684/684/671
f 684/684/671 748/748/735 749/749/736
f 684/684/671 749/749/736 685/685/672
f 685/685/672 749/749/736 750/750/737
f 685/685/672 750/750/737 686/686/673
f 686/686/673 750/750/737 751/751/738
f 686/686/673 751/751/738 687/687/674
f 687/687/674 751/751/738 752/752/739
f 687/687/674 752/752/739 688/688/675
f 688/688/675 752/752/739 753/753/740
f 688/688/675 753/753/740 689/689/676
f 689/689/676 753/753/740 754/754/741
f 689/689/676 754/754/741 690/690/677
f 690/690/677 754/754/741 755/755/742
f 690/690/677 755/755/742 691/691/678
f 691/691/678 755/755/742 756/756/743
f 691/691/678 756/756/743 692/692/679
f 692/692/679 756/756/743 757/757/744
f 692/692/679 757/757/744 693/693/680
f 693/693/680 757/757/744 758/758/745
f 693/693/680 758/758/745 694/694/681
f 694/694/681 758/758/745 759/759/746
f 694/694/681 759/759/746 695/695/682
f 695/695/682 759/759/746 760/760/747
f 695/695/682 760/760/747 696/696/683
f 696/696/683 760/760/747 761/761/748
f 696/696/683 761/761/748 697/697/684
f 697/697/684 761/761/748 762/762/749
f 697/697/684 762/762/749 698/698/685
f 698/698/685 762/762/749 763/763/750
f 698/698/685 763/763/750 699/699/686
f 699/699/686 763/763/750 764/764/751
f 699/699/686 764/764/751 700/700/687
f 700/700/687 764/764/751 765/765/752
f 700/700/687 765/765/752 701/701/688
f 701/701/688 765/765/752 766/766/753
f 701/701/688 766/766/753 702/702/689
f 702/702/689 766/766/753 767/767/754
f 702/702/689 767/767/754 703/703/690
f 703/703/690 767/767/754 768/768/755
f 703/703/690 768/768/755 704/704/691
f 704/704/691 768/768/755 769/769/756
f 704/704/691 769/769/756 705/705/692
f 705/705/692 769/769/756 770/770/757
f 705/705/692 770/770/757 706/706/693
f 706/706/693 770/770/757 771/771/758
f 706/706/693 771/771/758 707/707/694
f 707/707/694 771/771/758 772/772/759
f 707/707/694 772/772/759 708/708/695
f 708/708/695 772/772/759 773/773/760
f 708/708/695 773/773/760 709/709/696
f 709/709/696 773/773/760 774/774/761
f 709/709/696 774/774/761 710/710/697
f 710/710/697 774/774/761 775/775/762
f 710/710/697 775/775/762 711/711/698
f 711/711/698 775/775/762 776/776/763
f 711/711/698 776/776/763 712/712/699
f 712/712/699 776/776/763 777/777/764
f 712/712/699 777/777/764 713/713/700
f 713/713/700 777/777/764 778/778/765
f 713/713/700 778/778/765 714/714/701
f 714/714/701 778/778/765 779/779/766
f 714/714/701 779/779/766 715/715/702
f 715/715/702 779/779/766 780/780/767
f 716/716/703 781/781/768 717/717/704
f 717/717/704 781/781/768 782/782/769
f 717/717/704 782/782/769 718/718/705
f 718/718/705 782/782/769 783/783/770
f 718/718/705 783/783/770 719/719/706
f 719/719/706 783/783/770 784/784/771
f 719/719/706 784/784/771 720/720/707
f 720/720/707 784/784/771 785/785/772
f 720/720/707 785/785/772 721/721/708
f 721/721/708 785/785/772 786/786/773
f 721/721/708 786/786/773 722/722/709
f 722/722/709 786/786/773 787/787/774
f 722/722/709 787/787/774 723/723/710
f 723/723/710 787/787/774 788/788/775
f 723/723/710 788/788/775 724/724/711
f 724/724/711 788/788/775 789/789/776
f 724/724/711 789/789/776 725/725/712
f 725/725/712 789/789/776 790/790/777
f 725/725/712 790/790/777 726/726/713
f 726/726/713 790/790/777 791/791/778
f 726/726/713 791/791/778 727/727/714
f 727/727/714 791/791/778 792/792/779
f 727/727/714 792/792/779 728/728/715
f 728/728/715 792/792/779 793/793/780
f 728/728/715 793/793/780 729/729/716
f 729/729/716 793/793/780 794/794/781
f 729/729/716 794/794/781 730/730/717
f 730/730/717 794/794/781 795/795/782
f 730/730/717 795/795/782 731/731/718
f 731/731/718 795/795/782 796/796/783
f 731/731/718 796/796/783 732/732/719
f 732/732/719 796/796/783 797/797/784
f 732/732/719 797/797/784 733/733/720
f 733/733/720 797/797/784 798/798/785
f 733/733/720 798/798/785 734/734/721
f 734/734/721 798/798/785 799/799/786
f 734/734/721 799/799/786 735/735/722
f 735/735/722 799/799/786 800/800/787
f 735/735/722 800/800/787 736/736/723
f 736/736/723 800/800/787 801/801/788
f 736/736/723 801/801/788 737/737/724
f 737/737/724 801/801/788 802/802/789
f 737/737/724 802/802/789 738/738/725
f 738/738/725 802/802/789 803/803/790
f 738/738/725 803/803/790 739/739/726
f 739/739/726 803/803/790 804/804/791
f 739/739/726 804/804/791 740/740/727
f 740/740/727 804/804/791 805/805/792
f 740/740/727 805/805/792 741/741/728
f 741/741/728 805/805/792 806/806/793
f 741/741/728 806/806/793 742/742/729
f 742/742/729 806/806/793 807/807/794
f 742/742/729 807/807/794 743/743/730
f 743/743/730 807/807/794 808/808/795
f 743/743/730 808/808/795 744/744/731
f 744/744/731 808/808/795 809/809/796
f 744/744/731 809/809/796 745/745/732
f 745/745/732 809/809/796 810/810/797
f 745/745/732 810/810/797 746/746/733
f 746/746/733 810/810/797 811/811/798
f 746/746/733 811/811/798 747/747/734
f 747/747/734 811/811/798 812/812/799
f 747/747/734 812/812/799 748/748/735
f 748/748/735 812/812/799 813/813/800
f 748/748/735 813/813/800 749/749/736
f 749/749/736 813/813/800 814/814/801
f 749/749/736 814/814/801 750/750/737
f 750/750/737 814/814/801 815/815/802
f 750/750/737 815/815/802 751/751/738
f 751/751/738 815/815/802 816/816/803
f 751/751/738 816/816/803 752/752/739
f 752/752/739 816/816/803 817/817/804
f 752/752/739 817/817/804 753/753/740
f 753/753/740 817/817/804 818/818/805
f 753/753/740 818/818/805 754/754/741
f 754/754/741 818/818/805 819/819/806
f 754/754/741 819/819/806 755/755/742
f 755/755/742 819/819/806 820/820/807
f 755/755/742 820/820/807 756/756/743
f 756/756/743 820/820/807 821/821/808
f 756/756/743 821/821/808 757/757/744
f 757/757/744 821/821/808 822/822/809
f 757/757/744 822/822/809 758/758/745
f 758/758/745 822/822/809 823/823/810
f 758/758/745 823/823/810 759/759/746
f 759/759/746 823/823/810 824/824/811
f 759/759/746 824/824/811 760/760/747
f 760/760/747 824/824/811 825/825/812
f 760/760/747 825/825/812 761/761/748
f 761/761/748 825/825/812 826/826/813
f 761/761/748 826/826/813 762/762/749
f 762/762/749 826/826/813 827/827/814
f 762/762/749 827/827/814 763/763/750
f 763/763/750 827/827/814 828/828/815
f 763/763/750 828/828/815 764/764/751
f 764/764/751 828/828/815 829/829/816
f 764/764/751 829/829/816 765/765/752
f 765/765/752 829/829/816 830/830/817
f 765/765/752 830/830/817 766/766/753
f 766/766/753 830/830/817 831/831/818
f 766/766/753 831/831/818 767/767/754
f 767/767/754 831/831/818 832/832/819
f 767/767/754 832/832/819 768/768/755
f 768/768/755 832/832/819 833/833/820
f 768/768/755 833/833/820 769/769/756
f 769/769/756 833/833/820 834/834/821
f 769/769/756 834/834/821 770/770/757
f 770/770/757 834/834/821 835/835/822
f 770/770/757 835/835/822 771/771/758
f 771/771/758 835/835/822 836/836/823
f 771/771/758 836/836/823 772/772/759
f 772/772/759 836/836/823 837/837/824
f 772/772/759 837/837/824 773/773/760
f 773/773/760 837/837/824 838/838/825
f 773/773/760 838/838/825 774/774/761
f 774/774/761 838/838/825 839/839/826
f 774/774/761 839/839/826 775/775/762
f 775/775/762 839/839/826 840/840/827
f 775/775/762 840/840/827 776/776/763
f 776/776/763 840/840/827 841/841/828
f 776/776/763 841/841/828 777/777/764
f 777/777/764 841/841/828 842/842/829
f 777/777/764 842/842/829 778/778/765
f 778/778/765 842/842/829 843/843/830
f 778/778/765 843/843/830 779/779/766
f 779/779/766 843/843/830 844/844/831
f 779/779/766 844/844/831 780/780/767
f 780/780/767 844/844/831 845/845/832
f 781/781/768 846/846/833 782/782/769
f 782/782/769 846/846/833 847/847/834
f 782/782/769 847/847/834 783/783/770
f 783/783/770 847/847/834 848/848/835
f 783/783/770 848/848/835 784/784/771
f 784/784/771 848/848/835 849/849/836
f 784/784/771 849/849/836 785/785/772
f 785/785/772 849/849/836 850/850/837
f 785/785/772 850/850/837 786/786/773
f 786/786/773 850/850/837 851/851/838
f 786/786/773 851/851/838 787/787/774
f 787/787/774 851/851/838 852/852/839
f 787/787/774 852/852/839 788/788/775
f 788/788/775 852/852/839 853/853/840
f 788/788/775 853/853/840 789/789/776
f 789/789/776 853/853/840 854/854/841
f 789/789/776 854/854/841 790/790/777
f 790/790/777 854/854/841 855/855/842
f 790/790/777 855/855/842 791/791/778
f 791/791/778 855/855/842 856/856/843
f 791/791/778 856/856/843 792/792/779
f 792/792/779 856/856/843 857/857/844
f 792/792/779 857/857/844 793/793/780
f 793/793/780 857/857/844 858/858/845
f 793/793/780 858/858/845 794/794/781
f 794/794/781 858/858/845 859/859/846
f 794/794/781 859/859/846 795/795/782
f 795/795/782 859/859/846 860/860/847
f 795/795/782 860/860/847 796/796/783
f 796/796/783 860/860/847 861/861/848
f 796/796/783 861/861/848 797/797/784
f 797/797/784 861/861/848 862/862/849
f 797/797/784 862/862/849 798/798/785
f 798/798/785 862/862/849 863/863/850
f 798/798/785 863/863/850 799/799/786
f 799/799/786 863/863/850 864/864/851
f 799/799/786 864/864/851 800/800/787
f 800/800/787 864/864/851 865/865/852
f 800/800/787 865/865/852 801/801/788
f 801/801/788 865/865/852 866/866/853
f 801/801/788 866/866/853 802/802/789
f 802/802/789 866/866/853 867/867/854
f 802/802/789 867/867/854 803/803/790
f 803/803/790 867/867/854 868/868/855
f 803/803/790 868/868/855 804/804/791
f 804/804/791 868/868/855 869/869/856
f 804/804/791 869/869/856 805/805/792
f 805/805/792 869/869/856 870/870/857
f 805/805/792 870/870/857 806/806/793
f 806/806/793 870/870/857 871/871/858
f 806/806/793 871/871/858 807/807/794
f 807/807/794 871/871/858 872/872/859
f 807/807/794 872/872/859 808/808/795
f 808/808/795 872/872/859 873/873/860
f 808/808/795 873/873/860 809/809/796
f 809/809/796 873/873/860 874/874/861
f 809/809/796 874/874/861 810/810/797
f 810/810/797 874/874/861 875/875/862
f 810/810/797 875/875/862 811/811/798
f 811/811/798 875/875/862 876/876/863
f 811/811/798 876/876/863 812/812/799
f 812/812/799 876/876/863 877/877/864
f 812/812/799 877/877/864 813/813/800
f 813/813/800 877/877/864 878/878/865
f 813/813/800 878/878/865 814/814/801
f 814/814/801 878/878/865 879/879/866
f 814/814/801 879/879/866 815/815/802
f 815/815/802 879/879/866 880/880/867
f 815/815/802 880/880/867 816/816/803
f 816/816/803 880/880/867 881/881/868
f 816/816/803 881/881/868 817/817/804
f 817/817/804 881/881/868 882/882/869
f 817/817/804 882/882/869 818/818/805
f 818/818/805 882/882/869 883/883/870
f 818/818/805 883/883/870 819/819/806
f 819/819/806 883/883/870 884/884/871
f 819/819/806 884/884/871 820/820/807
f 820/820/807 884/884/871 885/885/872
f 820/820/807 885/885/872 821/821/808
f 821/821/808 885/885/872 886/886/873
f 821/821/808 886/886/873 822/822/809
f 822/822/809 886/886/873 887/887/874
f 822/822/809 887/887/874 823/823/810
f 823/823/810 887/887/874 888/888/875
f 823/823/810 888/888/875 824/824/811
f 824/824/811 888/888/875 889/889/876
f 824/824/811 889/889/876 825/825/812
f 825/825/812 889/889/876 890/890/877
f 825/825/812 890/890/877 826/826/813
f 826/826/813 890/890/877 891/891/878
f 826/826/813 891/891/878 827/827/814
f 827/827/814 891/891/878 892/892/879
f 827/827/814 892/892/879 828/828/815
f 828/828/815 892/892/879 893/893/880
f 828/828/815 893/893/880 829/829/816
f 829/829/816 893/893/880 894/894/881
f 829/829/816 894/894/881 830/830/817
f 830/830/817 894/894/881 895/895/882
f 830/830/817 895/895/882 831/831/818
f 831/831/818 895/895/882 896/896/883
f 831/831/818 896/896/883 832/832/819
f 832/832/819 896/896/883 897/897/884
f 832/832/819 897/897/884 833/833/820
f 833/833/820 897/897/884 898/898/885
f 833/833/820 898/898/885 834/834/821
f 834/834/821 898/898/885 899/899/886
f 834/834/821 899/899/886 835/835/822
f 835/835/822 899/899/886 900/900/887
f 835/835/822 900/900/887 836/836/823
f 836/836/823 900/900/887 901/901/888
f 836/836/823 901/901/888 837/837/824
f 837/837/824 901/901/888 902/902/889
f 837/837/824 902/902/889 838/838/825
f 838/838/825 902/902/889 903/903/890
f 838/838/825 903/903/890 839/839/826
f 839/839/826 903/903/890 904/904/891
f 839/839/826 904/904/891 840/840/827
f 840/840/827 904/904/891 905/905/892
f 840/840/827 905/905/892 841/841/828
f 841/841/828 905/905/892 906/906/893
f 841/841/828 906/906/893 842/842/829
f 842/842/829 906/906/893 907/907/894
f 842/842/829 907/907/894 843/843/830
f 843/843/830 907/907/894 908/908/895
f 843/843/830 908/908/895 844/844/831
f 844/844/831 908/908/895 909/909/896
f 844/844/831 909/909/896 845/845/832
f 845/845/832 909/909/896 910/910/897
f 846/846/833 911/911/898 847/847/834
f 847/847/834 911/911/898 912/912/899
f 847/847/834 912/912/899 848/848/835
f 848/848/835 912/912/899 913/913/900
f 848/848/835 913/913/900 849/849/836
f 849/849/836 913/913/900 914/914/901
f 849/849/836 914/914/901 850/850/837
f 850/850/837 914/914/901 915/915/902
f 850/850/837 915/915/902 851/851/838
f 851/851/838 915/915/902 916/916/903
f 851/851/838 916/916/903 852/852/839
f 852/852/839 916/916/903 917/917/904
f 852/852/839 917/917/904 853/853/840
f 853/853/840 917/917/904 918/918/905
f 853/853/840 918/918/905 854/854/841
f 854/854/841 918/918/905 919/919/906
f 854/854/841 919/919/906 855/855/842
f 855/855/842 919/919/906 920/920/907
f 855/855/842 920/920/907 856/856/843
f 856/856/843 920/920/907 921/921/908
f 856/856/843 921/921/908 857/857/844
f 857/857/844 921/921/908 922/922/909
f 857/857/844 922/922/909 858/858/845
f 858/858/845 922/922/909 923/923/910
f 858/858/845 923/923/910 859/859/846
f 859/859/846 923/923/910 924/924/911
f 859/859/846 924/924/911 860/860/847
f 860/860/847 924/924/911 925/925/912
f 860/860/847 925/925/912 861/861/848
f 861/861/848 925/925/912 926/926/913
f 861/861/848 926/926/913 862/862/849
f 862/862/849 926/926/913 927/927/914
f 862/862/849 927/927/914 863/863/850
f 863/863/850 927/927/914 928/928/915
f 863/863/850 928/928/915 864/864/851
f 864/864/851 928/928/915 929/929/916
f 864/864/851 929/929/916 865/865/852
f 865/865/852 929/929/916 930/930/917
f 865/865/852 930/930/917 866/866/853
f 866/866/853 930/930/917 931/931/918
f 866/866/853 931/931/918 867/867/854
f 867/867/854 931/931/918 932/932/919
f 867/867/854 932/932/919 868/868/855
f 868/868/855 932/932/919 933/933/920
f 868/868/855 933/933/920 869/869/856
f 869/869/856 933/933/920 934/934/921
f 869/869/856 934/934/921 870/870/857
f 870/870/857 934/934/921 935/935/922
f 870/870/857 935/935/922 871/871/858
f 871/871/858 935/935/922 936/936/923
f 871/871/858 936/936/923 872/872/859
f 872/872/859 936/936/923 937/937/924
f 872/872/859 937/937/924 873/873/860
f 873/873/860 937/937/924 938/938/925
f 873/873/860 938/938/925 874/874/861
f 874/874/861 938/938/925 939/939/926
f 874/874/861 939/939/926 875/875/862
f 875/875/862 939/939/926 940/940/927
f 875/875/862 940/940/927 876/876/863
f 876/876/863 940/940/927 941/941/928
f 876/876/863 941/941/928 877/877/864
f 877/877/864 941/941/928 942/942/929
f 877/877/864 942/942/929 878/878/865
f 878/878/865 942/942/929 943/943/930
f 878/878/865 943/943/930 879/879/866
f 879/879/866 943/943/930 944/944/931
f 879/879/866 944/944/931 880/880/867
f 880/880/867 944/944/931 945/945/932
f 880/880/867 945/945/932 881/881/868
f 881/881/868 945/945/932 946/946/933
f 881/881/868 946/946/933 882/882/869
f 882/882/869 946/946/933 947/947/934
f 882/882/869 947/947/934 883/883/870
f 883/883/870 947/947/934 948/948/935
f 883/883/870 948/948/935 884/884/871
f 884/884/871 948/948/935 949/949/936
f 884/884/871 949/949/936 885/885/872
f 885/885/872 949/949/936 950/950/937
f 885/885/872 950/950/937 886/886/873
f 886/886/873 950/950/937 951/951/938
f 886/886/873 951/951/938 887/887/874
f 887/887/874 951/951/938 952/952/939
f 887/887/874 952/952/939 888/888/875
f 888/888/875 952/952/939 953/953/940
f 888/888/875 953/953/940 889/889/876
f 889/889/876 953/953/940 954/954/941
f 889/889/876 954/954/941 890/890/877
f 890/890/877 954/954/941 955/955/942
f 890/890/877 955/955/942 891/891/878
f 891/891/878 955/955/942 956/956/943
f 891/891/878 956/956/943 892/892/879
f 892/892/879 956/956/943 957/957/944
f 892/892/879 957/957/944 893/893/880
f 893/893/880 957/957/944 958/958/945
f 893/893/880 958/958/945 894/894/881
f 894/894/881 958/958/945 959/959/946
f 894/894/881 959/959/946 895/895/882
f 895/895/882 959/959/946 960/960/947
f 895/895/882 960/960/947 896/896/883
f 896/896/883 960/960/947 961/961/948
f 896/896/883 961/961/948 897/897/884
f 897/897/884 961/961/948 962/962/949
f 897/897/884 962/962/949 898/898/885
f 898/898/885 962/962/949 963/963/950
f 898/898/885 963/963/950 899/899/886
f 899/899/886 963/963/950 964/964/951
f 899/899/886 964/964/951 900/900/887
f 900/900/887 964/964/951 965/965/952
f 900/900/887 965/965/952 901/901/888
f 901/901/888 965/965/952 966/966/953
f 901/901/888 966/966/953 902/902/889
f 902/902/889 966/966/953 967/967/954
f 902/902/889 967/967/954 903/903/890
f 903/903/890 967/967/954 968/968/955
f 903/903/890 968/968/955 904/904/891
f 904/904/891 968/968/955 969/969/956
f 904/904/891 969/969/956 905/905/892
f 905/905/892 969/969/956 970/970/957
f 905/905/892 970/970/957 906/906/893
f 906/906/893 970/970/957 971/971/958
f 906/906/893 971/971/958 907/907/894
f 907/907/894 971/971/958 972/972/959
f 907/907/894 972/972/959 908/908/895
f 908/908/895 972/972/959 973/973/960
f 908/908/895 973/973/960 909/909/896
f 909/909/896 973/973/960 974/974/961
f 909/909/896 974/974/961 910/910/897
f 910/910/897 974/974/961 975/975/962
f 911/911/898 976/976/963 912/912/899
f 912/912/899 976/976/963 977/977/964
f 912/912/899 977/977/964 913/913/900
f 913/913/900 977/977/964 978/978/965
f 913/913/900 978/978/965 914/914/901
f 914/914/901 978/978/965 979/979/966
f 914/914/901 979/979/966 915/915/902
f 915/915/902 979/979/966 980/980/967
f 915/915/902 980/980/967 916/916/903
f 916/916/903 980/980/967 981/981/968
f 916/916/903 981/981/968 917/917/904
f 917/917/904 981/981/968 982/982/969
f 917/917/904 982/982/969 918/918/905
f 918/918/905 982/982/969 983/983/970
f 918/918/905 983/983/970 919/919/906
f 919/919/906 983/983/970 984/984/971
f 919/919/906 984/984/971 920/920/907
f 920/920/907 984/984/971 985/985/972
f 920/920/907 985/985/972 921/921/908
f 921/921/908 985/985/972 986/986/973
f 921/921/908 986/986/973 922/922/909
f 922/922/909 986/986/973 987/987/974
f 922/922/909 987/987/974 923/923/910
f 923/923/910 987/987/974 988/988/975
f 923/923/910 988/988/975 924/924/911
f 924/924/911 988/988/975 989/989/976
f 924/924/911 989/989/976 925/925/912
f 925/925/912 989/989/976 990/990/977
f 925/925/912 990/990/977 926/926/913
f 926/926/913 990/990/977 991/991/978
f 926/926/913 991/991/978 927/927/914
f 927/927/914 991/991/978 992/992/979
f 927/927/914 992/992/979 928/928/915
f 928/928/915 992/992/979 993/993/980
f 928/928/915 993/993/980 929/929/916
f 929/929/916 993/993/980 994/994/981
f 929/929/916 994/994/981 930/930/917
f 930/930/917 994/994/981 995/995/982
f 930/930/917 995/995/982 931/931/918
f 931/931/918 995/995/982 996/996/983
f 931/931/918 996/996/983 932/932/919
f 932/932/919 996/996/983 997/997/984
f 932/932/919 997/997/984 933/933/920
f 933/933/920 997/997/984 998/998/985
f 933/933/920 998/998/985 934/934/921
f 934/934/921 998/998/985 999/999/986
f 934/934/921 999/999/986 935/935/922
f 935/935/922 999/999/986 1000/1000/987
f 935/935/922 1000/1000/987 936/936/923
f 936/936/923 1000/1000/987 1001/1001/988
f 936/936/923 1001/1001/988 937/937/924
f 937/937/924 1001/1001/988 1002/1002/989
f 937/937/924 1002/1002/989 938/938/925
f 938/938/925 1002/1002/989 1003/1003/990
f 938/938/925 1003/1003/990 939/939/926
f 939/939/926 1003/1003/990 1004/1004/991
f 939/939/926 1004/1004/991 940/940/927
f 940/940/927 1004/1004/991 1005/1005/992
f 940/940/927 1005/1005/992 941/941/928
f 941/941/928 1005/1005/992 1006/1006/993
f 941/941/928 1006/1006/993 942/942/929
f 942/942/929 1006/1006/993 1007/1007/994
f 942/942/929 1007/1007/994 943/943/930
f 943/943/930 1007/1007/994 1008/1008/995
f 943/943/930 1008/1008/995 944/944/931
f 944/944/931 1008/1008/995 1009/1009/996
f 944/944/931 1009/1009/996 945/945/932
f 945/945/932 1009/1009/996 1010/1010/997
f 945/945/932 1010/1010/997 946/946/933
f 946/946/933 1010/1010/997 1011/1011/998
f 946/946/933 1011/1011/998 947/947/934
f 947/947/934 1011/1011/998 1012/1012/999
f 947/947/934 1012/1012/999 948/948/935
f 948/948/935 1012/1012/999 1013/1013/1000
f 948/948/935 1013/1013/1000 949/949/936
f 949/949/936 1013/1013/1000 1014/1014/1001
f 949/949/936 1014/1014/1001 950/950/937
f 950/950/937 1014/1014/1001 1015/1015/1002
f 950/950/937 1015/1015/1002 951/951/938
f 951/951/938 1015/1015/1002 1016/1016/1003
f 951/951/938 1016/1016/1003 952/952/939
f 952/952/939 1016/1016/1003 1017/1017/1004
f 952/952/939 1017/1017/1004 953/953/940
f 953/953/940 1017/1017/1004 1018/1018/1005
f 953/953/940 1018/1018/1005 954/954/941
f 954/954/941 1018/1018/1005 1019/1019/1006
f 954/954/941 1019/1019/1006 955/955/942
f 955/955/942 1019/1019/1006 1020/1020/1007
f 955/955/942 1020/1020/1007 956/956/943
f 956/956/943 1020/1020/1007 1021/1021/1008
f 956/956/943 1021/1021/1008 957/957/944
f 957/957/944 1021/1021/1008 1022/1022/1009
f 957/957/944 1022/1022/1009 958/958/945
f 958/958/945 1022/1022/1009 1023/1023/1010
f 958/958/945 1023/1023/1010 959/959/946
f 959/959/946 1023/1023/1010 1024/1024/1011
f 959/959/946 1024/1024/1011 960/960/947
f 960/960/947 1024/1024/1011 1025/1025/1012
f 960/960/947 1025/1025/1012 961/961/948
f 961/961/948 1025/1025/1012 1026/1026/1013
f 961/961/948 1026/1026/1013 962/962/949
f 962/962/949 1026/1026/1013 1027/1027/1014
f 962/962/949 1027/1027/1014 963/963/950
f 963/963/950 1027/1027/1014 1028/1028/1015
f 963/963/950 1028/1028/1015 964/964/951
f 964/964/951 1028/1028/1015 1029/1029/1016
f 964/964/951 1029/1029/1016 965/965/952
f 965/965/952 1029/1029/1016 1030/1030/1017
f 965/965/952 1030/1030/1017 966/966/953
f 966/966/953 1030/1030/1017 1031/1031/1018
f 966/966/953 1031/1031/1018 967/967/954
f 967/967/954 1031/1031/1018 1032/1032/1019
f 967/967/954 1032/1032/1019 968/968/955
f 968/968/955 1032/1032/1019 1033/1033/1020
f 968/968/955 1033/1033/1020 969/969/956
f 969/969/956 1033/1033/1020 1034/1034/1021
f 969/969/956 1034/1034/1021 970/970/957
f 970/970/957 1034/1034/1021 1035/1035/1022
f 970/970/957 1035/1035/1022 971/971/958
f 971/971/958 1035/1035/1022 1036/1036/1023
f 971/971/958 1036/1036/1023 972/972/959
f 972/972/959 1036/1036/1023 1037/1037/1024
f 972/972/959 1037/1037/1024 973/973/960
f 973/973/960 1037/1037/1024 1038/1038/1025
f 973/973/960 1038/1038/1025 974/974/961
f 974/974/961 1038/1038/1025 1039/1039/1026
f 974/974/961 1039/1039/1026 975/975/962
f 975/975/962 1039/1039/1026 1040/1040/1027
f 976/976/963 1041/1041/1028 977/977/964
f 977/977/964 1041/1041/1028 1042/1042/1029
f 977/977/964 1042/1042/1029 978/978/965
f 978/978/965 1042/1042/1029 1043/1043/1030
f 978/978/965 1043/1043/1030 979/979/966
f 979/979/966 1043/1043/1030 1044/1044/1031
f 979/979/966 1044/1044/1031 980/980/967
f 980/980/967 1044/1044/1031 1045/1045/1032
f 980/980/967 1045/1045/1032 981/981/968
f 981/981/968 1045/1045/1032 1046/1046/1033
f 981/981/968 1046/1046/1033 982/982/969
f 982/982/969 1046/1046/1033 1047/1047/1034
f 982/982/969 1047/1047/1034 983/983/970
f 983/983/970 1047/1047/1034 1048/1048/1035
f 983/983/970 1048/1048/1035 984/984/971
f 984/984/971 1048/1048/1035 1049/1049/1036
f 984/984/971 1049/1049/1036 985/985/972
f 985/985/972 1049/1049/1036 1050/1050/1037
f 985/985/972 1050/1050/1037 986/986/973
f 986/986/973 1050/1050/1037 1051/1051/1038
f 986/986/973 1051/1051/1038 987/987/974
f 987/987/974 1051/1051/1038 1052/1052/1039
f 987/987/974 1052/1052/1039 988/988/975
f 988/988/975 1052/1052/1039 1053/1053/1040
f 988/988/975 1053/1053/1040 989/989/976
f 989/989/976 1053/1053/1040 1054/1054/1041
f 989/989/976 1054/1054/1041 990/990/977
f 990/990/977 1054/1054/1041 1055/1055/1042
f 990/990/977 1055/1055/1042 991/991/978
f 991/991/978 1055/1055/1042 1056/1056/1043
f 991/991/978 1056/1056/1043 992/992/979
f 992/992/979 1056/1056/1043 1057/1057/1044
f 992/992/979 1057/1057/1044 993/993/980
f 993/993/980 1057/1057/1044 1058/1058/1045
f 993/993/980 1058/1058/1045 994/994/981
f 994/994/981 1058/1058/1045 1059/1059/1046
f 994/994/981 1059/1059/1046 995/995/982
f 995/995/982 1059/1059/1046 1060/1060/1047
f 995/995/982 1060/1060/1047 996/996/983
f 996/996/983 1060/1060/1047 1061/1061/1048
f 996/996/983 1061/1061/1048 997/997/984
f 997/997/984 1061/1061/1048 1062/1062/1049
f 997/997/984 1062/1062/1049 998/998/985
f 998/998/985 1062/1062/1049 1063/1063/1050
f 998/998/985 1063/1063/1050 999/999/986
f 999/999/986 1063/1063/1050 1064/1064/1051
f 999/999/986 1064/1064/1051 1000/1000/987
f 1000/1000/987 1064/1064/1051 1065/1065/1052
f 1000/1000/987 1065/1065/1052 1001/1001/988
f 1001/1001/988 1065/1065/1052 1066/1066/1053
f 1001/1001/988 1066/1066/1053 1002/1002/989
f 1002/1002/989 1066/1066/1053 1067/1067/1054
f 1002/1002/989 1067/1067/1054 1003/1003/990
f 1003/1003/990 1067/1067/1054 1068/1068/1055
f 1003/1003/990 1068/1068/1055 1004/1004/991
f 1004/1004/991 1068/1068/1055 1069/1069/1056
f 1004/1004/991 1069/1069/1056 1005/1005/992
f 1005/1005/992 1069/1069/1056 1070/1070/1057
f 1005/1005/992 1070/1070/1057 1006/1006/993
f 1006/1006/993 1070/1070/1057 1071/1071/1058
f 1006/1006/993 1071/1071/1058 1007/1007/994
f 1007/1007/994 1071/1071/1058 1072/1072/1059
f 1007/1007/994 1072/1072/1059 1008/1008/995
f 1008/1008/995 1072/1072/1059 1073/1073/1060
f 1008/1008/995 1073/1073/1060 1009/1009/996
f 1009/1009/996 1073/1073/1060 1074/1074/1061
f 1009/1009/996 1074/1074/1061 1010/1010/997
f 1010/1010/997 1074/1074/1061 1075/1075/1062
f 1010/1010/997 1075/1075/1062 1011/1011/998
f 1011/1011/998 1075/1075/1062 1076/1076/1063
f 1011/1011/998 1076/1076/1063 1012/1012/999
f 1012/1012/999 1076/1076/1063 1077/1077/1064
f 1012/1012/999 1077/1077/1064 1013/1013/1000
f 1013/1013/1000 1077/1077/1064 1078/1078/1065
f 1013/1013/1000 1078/1078/1065 1014/1014/1001
f 1014/1014/1001 1078/1078/1065 1079/1079/1066
f 1014/1014/1001 1079/1079/1066 1015/1015/1002
f 1015/1015/1002 1079/1079/1066 1080/1080/1067
f 1015/1015/1002 1080/1080/1067 1016/1016/1003
f 1016/1016/1003 1080/1080/1067 1081/1081/1068
f 1016/1016/1003 1081/1081/1068 1017/1017/1004
f 1017/1017/1004 1081/1081/1068 1082/1082/1069
f 1017/1017/1004 1082/1082/1069 1018/1018/1005
f 1018/1018/1005 1082/1082/1069 1083/1083/1070
f 1018/1018/1005 1083/1083/1070 1019/1019/1006
f 1019/1019/1006 1083/1083/1070 1084/1084/1071
f 1019/1019/1006 1084/1084/1071 1020/1020/1007
f 1020/1020/1007 1084/1084/1071 1085/1085/1072
f 1020/1020/1007 1085/1085/1072 1021/1021/1008
f 1021/1021/1008 1085/1085/1072 1086/1086/1073
f 1021/1021/1008 1086/1086/1073 1022/1022/1009
f 1022/1022/1009 1086/1086/1073 1087/1087/1074
f 1022/1022/1009 1087/1087/1074 1023/1023/1010
f 1023/1023/1010 1087/1087/1074 1088/1088/1075
f 1023/1023/1010 1088/1088/1075 1024/1024/1011
f 1024/1024/1011 1088/1088/1075 1089/1089/1076
f 1024/1024/1011 1089/1089/1076 1025/1025/1012
f 1025/1025/1012 1089/1089/1076 1090/1090/1077
f 1025/1025/1012 1090/1090/1077 1026/1026/1013
f 1026/1026/1013 1090/1090/1077 1091/1091/1078
f 1026/1026/1013 1091/1091/1078 1027/1027/1014
f 1027/1027/1014 1091/1091/1078 1092/1092/1079
f 1027/1027/1014 1092/1092/1079 1028/1028/1015
f 1028/1028/1015 1092/1092/1079 1093/1093/1080
f 1028/1028/1015 1093/1093/1080 1029/1029/1016
f 1029/1029/1016 1093/1093/1080 1094/1094/1081
f 1029/1029/1016 1094/1094/1081 1030/1030/1017
f 1030/1030/1017 1094/1094/1081 1095/1095/1082
f 1030/1030/1017 1095/1095/1082 1031/1031/1018
f 1031/1031/1018 1095/1095/1082 1096/1096/1083
f 1031/1031/1018 1096/1096/1083 1032/1032/1019
f 1032/1032/1019 1096/1096/1083 1097/1097/1084
f 1032/1032/1019 1097/1097/1084 1033/1033/1020
f 1033/1033/1020 1097/1097/1084 1098/1098/1085
f 1033/1033/1020 1098/1098/1085 1034/1034/1021
f 1034/1034/1021 1098/1098/1085 1099/1099/1086
f 1034/1034/1021 1099/1099/1086 1035/1035/1022
f 1035/1035/1022 1099/1099/1086 1100/1100/1087
f 1035/1035/1022 1100/1100/1087 1036/1036/1023
f 1036/1036/1023 1100/1100/1087 1101/1101/1088
f 1036/1036/1023 1101/1101/1088 1037/1037/1024
f 1037/1037/1024 1101/1101/1088 1102/1102/1089
f 1037/1037/1024 1102/1102/1089 1038/1038/1025
f 1038/1038/1025 1102/1102/1089 1103/1103/1090
f 1038/1038/1025 1103/1103/1090 1039/1039/1026
f 1039/1039/1026 1103/1103/1090 1104/1104/1091
f 1039/1039/1026 1104/1104/1091 1040/1040/1027
f 1040/1040/1027 1104/1104/1091 1105/1105/1092
f 1041/1041/1028 1106/1106/1093 1042/1042/1029
f 1042/1042/1029 1106/1106/1093 1107/1107/1094
f 1042/1042/1029 1107/1107/1094 1043/1043/1030
f 1043/1043/1030 1107/1107/1094 1108/1108/1095
f 1043/1043/1030 1108/1108/1095 1044/1044/1031
f 1044/1044/1031 1108/1108/1095 1109/1109/1096
f 1044/1044/1031 1109/1109/1096 1045/1045/1032
f 1045/1045/1032 1109/1109/1096 1110/1110/1097
f 1045/1045/1032 1110/1110/1097 1046/1046/1033
f 1046/1046/1033 1110/1110/1097 1111/1111/1098
f 1046/1046/1033 1111/1111/1098 1047/1047/1034
f 1047/1047/1034 1111/1111/1098 1112/1112/1099
f 1047/1047/1034 1112/1112/1099 1048/1048/1035
f 1048/1048/1035 1112/1112/1099 1113/1113/1100
f 1048/1048/1035 1113/1113/1100 1049/1049/1036
f 1049/1049/1036 1113/1113/1100 1114/1114/1101
f 1049/1049/1036 1114/1114/1101 1050/1050/1037
f 1050/1050/1037 1114/1114/1101 1115/1115/1102
f 1050/1050/1037 1115/1115/1102 1051/1051/1038
f 1051/1051/1038 1115/1115/1102 1116/1116/1103
f 1051/1051/1038 1116/1116/1103 1052/1052/1039
f 1052/1052/1039 1116/1116/1103 1117/1117/1104
f 1052/1052/1039 1117/1117/1104 1053/1053/1040
f 1053/1053/1040 1117/1117/1104 1118/1118/1105
f 1053/1053/1040 1118/1118/1105 1054/1054/1041
f 1054/1054/1041 1118/1118/1105 1119/1119/1106
f 1054/1054/1041 1119/1119/1106 1055/1055/1042
f 1055/1055/1042 1119/1119/1106 1120/1120/1107
f 1055/1055/1042 1120/1120/1107 1056/1056/1043
f 1056/1056/1043 1120/1120/1107 1121/1121/1108
f 1056/1056/1043 1121/1121/1108 1057/1057/1044
f 1057/1057/1044 1121/1121/1108 1122/1122/1109
f 1057/1057/1044 1122/1122/1109 1058/1058/1045
f 1058/1058/1045 1122/1122/1109 1123/1123/1110
f 1058/1058/1045 1123/1123/1110 1059/1059/1046
f 1059/1059/1046 1123/1123/1110 1124/1124/1111
f 1059/1059/1046 1124/1124/1111 1060/1060/1047
f 1060/1060/1047 1124/1124/1111 1125/1125/1112
f 1060/1060/1047 1125/1125/1112 1061/1061/1048
f 1061/1061/1048 1125/1125/1112 1126/1126/1113
f 1061/1061/1048 1126/1126/1113 1062/1062/1049
f 1062/1062/1049 1126/1126/1113 1127/1127/1114
f 1062/1062/1049 1127/1127/1114 1063/1063/1050
f 1063/1063/1050 1127/1127/1114 1128/1128/1115
f 1063/1063/1050 1128/1128/1115 1064/1064/1051
f 1064/1064/1051 1128/1128/1115 1129/1129/1116
f 1064/1064/1051 1129/1129/1116 1065/1065/1052
f 1065/1065/1052 1129/1129/1116 1130/1130/1117
f 1065/1065/1052 1130/1130/1117 1066/1066/1053
f 1066/1066/1053 1130/1130/1117 1131/1131/1118
f 1066/1066/1053 1131/1131/1118 1067/1067/1054
f 1067/1067/1054 1131/1131/1118 1132/1132/1119
f 1067/1067/1054 1132/1132/1119 1068/1068/1055
f 1068/1068/1055 1132/1132/1119 1133/1133/1120
f 1068/1068/1055 1133/1133/1120 1069/1069/1056
f 1069/1069/1056 1133/1133/1120 1134/1134/1121
f 1069/1069/1056 1134/1134/1121 1070/1070/1057
f 1070/1070/1057 1134/1134/1121 1135/1135/1122
f 1070/1070/1057 1135/1135/1122 1071/1071/1058
f 1071/1071/1058 1135/1135/1122 1136/1136/1123
f 1071/1071/1058 1136/1136/1123 1072/1072/1059
f 1072/1072/1059 1136/1136/1123 1137/1137/1124
f 1072/1072/1059 1137/1137/1124 1073/1073/1060
f 1073/1073/1060 1137/1137/1124 1138/1138/1125
f 1073/1073/1060 1138/1138/1125 1074/1074/1061
f 1074/1074/1061 1138/1138/1125 1139/1139/1126
f 1074/1074/1061 1139/1139/1126 1075/1075/1062
f 1075/1075/1062 1139/1139/1126 1140/1140/1127
f 1075/1075/1062 1140/1140/1127 1076/1076/1063
f 1076/1076/1063 1140/1140/1127 1141/1141/1128
f 1076/1076/1063 1141/1141/1128 1077/1077/1064
f 1077/1077/1064 1141/1141/1128 1142/1142/1129
f 1077/1077/1064 1142/1142/1129 1078/1078/1065
f 1078/1078/1065 1142/1142/1129 1143/1143/1130
f 1078/1078/1065 1143/1143/1130 1079/1079/1066
f 1079/1079/1066 1143/1143/1130 1144/1144/1131
f 1079/1079/1066 1144/1144/1131 1080/1080/1067
f 1080/1080/1067 1144/1144/1131 1145/1145/1132
f 1080/1080/1067 1145/1145/1132 1081/1081/1068
f 1081/1081/1068 1145/1145/1132 1146/1146/1133
f 1081/1081/1068 1146/1146/1133 1082/1082/1069
f 1082/1082/1069 1146/1146/1133 1147/1147/1134
f 1082/1082/1069 1147/1147/1134 1083/1083/1070
f 1083/1083/1070 1147/1147/1134 1148/1148/1135
f 1083/1083/1070 1148/1148/1135 1084/1084/1071
f 1084/1084/1071 1148/1148/1135 1149/1149/1136
f 1084/1084/1071 1149/1149/1136 1085/1085/1072
f 1085/1085/1072 1149/1149/1136 1150/1150/1137
f 1085/1085/1072 1150/1150/1137 1086/1086/1073
f 1086/1086/1073 1150/1150/1137 1151/1151/1138
f 1086/1086/1073 1151/1151/1138 1087/1087/1074
f 1087/1087/1074 1151/1151/1138 1152/1152/1139
f 1087/1087/1074 1152/1152/1139 1088/1088/1075
f 1088/1088/1075 1152/1152/1139 1153/1153/1140
f 1088/1088/1075 1153/1153/1140 1089/1089/1076
f 1089/1089/1076 1153/1153/1140 1154/1154/1141
f 1089/1089/1076 1154/1154/1141 1090/1090/1077
f 1090/1090/1077 1154/1154/1141 1155/1155/1142
f 1090/1090/1077 1155/1155/1142 1091/1091/1078
f 1091/1091/1078 1155/1155/1142 1156/1156/1143
f 1091/1091/1078 1156/1156/1143 1092/1092/1079
f 1092/1092/1079 1156/1156/1143 1157/1157/1144
f 1092/1092/1079 1157/1157/1144 1093/1093/1080
f 1093/1093/1080 1157/1157/1144 1158/1158/1145
f 1093/1093/1080 1158/1158/1145 1094/1094/1081
f 1094/1094/1081 1158/1158/1145 1159/1159/1146
f 1094/1094/1081 1159/1159/1146 1095/1095/1082
f 1095/1095/1082 1159/1159/1146 1160/1160/1147
f 1095/1095/1082 1160/1160/1147 1096/1096/1083
f 1096/1096/1083 1160/1160/1147 1161/1161/1148
f 1096/1096/1083 1161/1161/1148 1097/1097/1084
f 1097/1097/1084 1161/1161/1148 1162/1162/1149
f 1097/1097/1084 1162/1162/1149 1098/1098/1085
f 1098/1098/1085 1162/1162/1149 1163/1163/1150
f 1098/1098/1085 1163/1163/1150 1099/1099/1086
f 1099/1099/1086 1163/1163/1150 1164/1164/1151
f 1099/1099/1086 1164/1164/1151 1100/1100/1087
f 1100/1100/1087 1164/1164/1151 1165/1165/1152
f 1100/1100/1087 1165/1165/1152 1101/1101/1088
f 1101/1101/1088 1165/1165/1152 1166/1166/1153
f 1101/1101/1088 1166/1166/1153 1102/1102/1089
f 1102/1102/1089 1166/1166/1153 1167/1167/1154
f 1102/1102/1089 1167/1167/1154 1103/1103/1090
f 1103/1103/1090 1167/1167/1154 1168/1168/1155
f 1103/1103/1090 1168/1168/1155 1104/1104/1091
f 1104/1104/1091 1168/1168/1155 1169/1169/1156
f 1104/1104/1091 1169/1169/1156 1105/1105/1092
f 1105/1105/1092 1169/1169/1156 1170/1170/1157
f 1106/1106/1093 1171/1171/1158 1107/1107/1094
f 1107/1107/1094 1171/1171/1158 1172/1172/1159
f 1107/1107/1094 1172/1172/1159 1108/1108/1095
f 1108/1108/1095 1172/1172/1159 1173/1173/1160
f 1108/1108/1095 1173/1173/1160 1109/1109/1096
f 1109/1109/1096 1173/1173/1160 1174/1174/1161
f 1109/1109/1096 1174/1174/1161 1110/1110/1097
f 1110/1110/1097 1174/1174/1161 1175/1175/1162
f 1110/1110/1097 1175/1175/1162 1111/1111/1098
f 1111/1111/1098 1175/1175/1162 1176/1176/1163
f 1111/1111/1098 1176/1176/1163 1112/1112/1099
f 1112/1112/1099 1176/1176/1163 1177/1177/1164
f 1112/1112/1099 1177/1177/1164 1113/1113/1100
f 1113/1113/1100 1177/1177/1164 1178/1178/1165
f 1113/1113/1100 1178/1178/1165 1114/1114/1101
f 1114/1114/1101 1178/1178/1165 1179/1179/1166
f 1114/1114/1101 1179/1179/1166 1115/1115/1102
f 1115/1115/1102 1179/1179/1166 1180/1180/1167
f 1115/1115/1102 1180/1180/1167 1116/1116/1103
f 1116/1116/1103 1180/1180/1167 1181/1181/1168
f 1116/1116/1103 1181/1181/1168 1117/1117/1104
f 1117/1117/1104 1181/1181/1168 1182/1182/1169
f 1117/1117/1104 1182/1182/1169 1118/1118/1105
f 1118/1118/1105 1182/1182/1169 1183/1183/1170
f 1118/1118/1105 1183/1183/1170 1119/1119/1106
f 1119/1119/1106 1183/1183/1170 1184/1184/1171
f 1119/1119/1106 1184/1184/1171 1120/1120/1107
f 1120/1120/1107 1184/1184/1171 1185/1185/1172
f 1120/1120/1107 1185/1185/1172 1121/1121/1108
f 1121/1121/1108 1185/1185/1172 1186/1186/1173
f 1121/1121/1108 1186/1186/1173 1122/1122/1109
f 1122/1122/1109 1186/1186/1173 1187/1187/1174
f 1122/1122/1109 1187/1187/1174 1123/1123/1110
f 1123/1123/1110 1187/1187/1174 1188/1188/1175
f 1123/1123/1110 1188/1188/1175 1124/1124/1111
f 1124/1124/1111 1188/1188/1175 1189/1189/1176
f 1124/1124/1111 1189/1189/1176 1125/1125/1112
f 1125/1125/1112 1189/1189/1176 1190/1190/1177
f 1125/1125/1112 1190/1190/1177 1126/1126/1113
f 1126/1126/1113 1190/1190/1177 1191/1191/1178
f 1126/1126/1113 1191/1191/1178 1127/1127/1114
f 1127/1127/1114 1191/1191/1178 1192/1192/1179
f 1127/1127/1114 1192/1192/1179 1128/1128/1115
f 1128/1128/1115 1192/1192/1179 1193/1193/1180
f 1128/1128/1115 1193/1193/1180 1129/1129/1116
f 1129/1129/1116 1193/1193/1180 1194/1194/1181
f 1129/1129/1116 1194/1194/1181 1130/1130/1117
f 1130/1130/1117 1194/1194/1181 1195/1195/1182
f 1130/1130/1117 1195/1195/1182 1131/1131/1118
f 1131/1131/1118 1195/1195/1182 1196/1196/1183
f 1131/1131/1118 1196/1196/1183 1132/1132/1119
f 1132/1132/1119 1196/1196/1183 1197/1197/1184
f 1132/1132/1119 1197/1197/1184 1133/1133/1120
f 1133/1133/1120 1197/1197/1184 1198/1198/1185
f 1133/1133/1120 1198/1198/1185 1134/1134/1121
f 1134/1134/1121 1198/1198/1185 1199/1199/1186
f 1134/1134/1121 1199/1199/1186 1135/1135/1122
f 1135/1135/1122 1199/1199/1186 1200/1200/1187
f 1135/1135/1122 1200/1200/1187 1136/1136/1123
f 1136/1136/1123 1200/1200/1187 1201/1201/1188
f 1136/1136/1123 1201/1201/1188 1137/1137/1124
f 1137/1137/1124 1201/1201/1188 1202/1202/1189
f 1137/1137/1124 1202/1202/1189 1138/1138/1125
f 1138/1138/1125 1202/1202/1189 1203/1203/1190
f 1138/1138/1125 1203/1203/1190 1139/1139/1126
f 1139/1139/1126 1203/1203/1190 1204/1204/1191
f 1139/1139/1126 1204/1204/1191 1140/1140/1127
f 1140/1140/1127 1204/1204/1191 1205/1205/1192
f 1140/1140/1127 1205/1205/1192 1141/1141/1128
f 1141/1141/1128 1205/1205/1192 1206/1206/1193
f 1141/1141/1128 1206/1206/1193 1142/1142/1129
f 1142/1142/1129 1206/1206/1193 1207/1207/1194
f 1142/1142/1129 1207/1207/1194 1143/1143/1130
f 1143/1143/1130 1207/1207/1194 1208/1208/1195
f 1143/1143/1130 1208/1208/1195 1144/1144/1131
f 1144/1144/1131 1208/1208/1195 1209/1209/1196
f 1144/1144/1131 1209/1209/1196 1145/1145/1132
f 1145/1145/1132 1209/1209/1196 1210/1210/1197
f 1145/1145/1132 1210/1210/1197 1146/1146/1133
f 1146/1146/1133 1210/1210/1197 1211/1211/1198
f 1146/1146/1133 1211/1211/1198 1147/1147/1134
f 1147/1147/1134 1211/1211/1198 1212/1212/1199
f 1147/1147/1134 1212/1212/1199 1148/1148/1135
f 1148/1148/1135 1212/1212/1199 1213/1213/1200
f 1148/1148/1135 1213/1213/1200 1149/1149/1136
f 1149/1149/1136 1213/1213/1200 1214/1214/1201
f 1149/1149/1136 1214/1214/1201 1150/1150/1137
f 1150/1150/1137 1214/1214/1201 1215/1215/1202
f 1150/1150/1137 1215/1215/1202 1151/1151/1138
f 1151/1151/1138 1215/1215/1202 1216/1216/1203
f 1151/1151/1138 1216/1216/1203 1152/1152/1139
f 1152/1152/1139 1216/1216/1203 1217/1217/1204
f 1152/1152/1139 1217/1217/1204 1153/1153/1140
f 1153/1153/1140 1217/1217/1204 1218/1218/1205
f 1153/1153/1140 1218/1218/1205 1154/1154/1141
f 1154/1154/1141 1218/1218/1205 1219/1219/1206
f 1154/1154/1141 1219/1219/1206 1155/1155/1142
f 1155/1155/1142 1219/1219/1206 1220/1220/1207
f 1155/1155/1142 1220/1220/1207 1156/1156/1143
f 1156/1156/1143 1220/1220/1207 1221/1221/1208
f 1156/1156/1143 1221/1221/1208 1157/1157/1144
f 1157/1157/1144 1221/1221/1208 1222/1222/1209
f 1157/1157/1144 1222/1222/1209 1158/1158/1145
f 1158/1158/1145 1222/1222/1209 1223/1223/1210
f 1158/1158/1145 1223/1223/1210 1159/1159/1146
f 1159/1159/1146 1223/1223/1210 1224/1224/1211
f 1159/1159/1146 1224/1224/1211 1160/1160/1147
f 1160/1160/1147 1224/1224/1211 1225/1225/1212
f 1160/1160/1147 1225/1225/1212 1161/1161/1148
f 1161/1161/1148 1225/1225/1212 1226/1226/1213
f 1161/1161/1148 1226/1226/1213 1162/1162/1149
f 1162/1162/1149 1226/1226/1213 1227/1227/1214
f 1162/1162/1149 1227/1227/1214 1163/1163/1150
f 1163/1163/1150 1227/1227/1214 1228/1228/1215
f 1163/1163/1150 1228/1228/1215 1164/1164/1151
f 1164/1164/1151 1228/1228/1215 1229/1229/1216
f 1164/1164/1151 1229/1229/1216 1165/1165/1152
f 1165/1165/1152 1229/1229/1216 1230/1230/1217
f 1165/1165/1152 1230/1230/1217 1166/1166/1153
f 1166/1166/1153 1230/1230/1217 1231/1231/1218
f 1166/1166/1153 1231/1231/1218 1167/1167/1154
f 1167/1167/1154 1231/1231/1218 1232/1232/1219
f 1167/1167/1154 1232/1232/1219 1168/1168/1155
f 1168/1168/1155 1232/1232/1219 1233/1233/1220
f 1168/1168/1155 1233/1233/1220 1169/1169/1156
f 1169/1169/1156 1233/1233/1220 1234/1234/1221
f 1169/1169/1156 1234/1234/1221 1170/1170/1157
f 1170/1170/1157 1234/1234/1221 1235/1235/1222
f 1171/1171/1158 1236/1236/1223 1172/1172/1159
f 1172/1172/1159 1236/1236/1223 1237/1237/1224
f 1172/1172/1159 1237/1237/1224 1173/1173/1160
f 1173/1173/1160 1237/1237/1224 1238/1238/1225
f 1173/1173/1160 1238/1238/1225 1174/1174/1161
f 1174/1174/1161 1238/1238/1225 1239/1239/1226
f 1174/1174/1161 1239/1239/1226 1175/1175/1162
f 1175/1175/1162 1239/1239/1226 1240/1240/1227
f 1175/1175/1162 1240/1240/1227 1176/1176/1163
f 1176/1176/1163 1240/1240/1227 1241/1241/1228
f 1176/1176/1163 1241/1241/1228 1177/1177/1164
f 1177/1177/1164 1241/1241/1228 1242/1242/1229
f 1177/1177/1164 1242/1242/1229 1178/1178/1165
f 1178/1178/1165 1242/1242/1229 1243/1243/1230
f 1178/1178/1165 1243/1243/1230 1179/1179/1166
f 1179/1179/1166 1243/1243/1230 1244/1244/1231
f 1179/1179/1166 1244/1244/1231 1180/1180/1167
f 1180/1180/1167 1244/1244/1231 1245/1245/1232
f 1180/1180/1167 1245/1245/1232 1181/1181/1168
f 1181/1181/1168 1245/1245/1232 1246/1246/1233
f 1181/1181/1168 1246/1246/1233 1182/1182/1169
f 1182/1182/1169 1246/1246/1233 1247/1247/1234
f 1182/1182/1169 1247/1247/1234 1183/1183/1170
f 1183/1183/1170 1247/1247/1234 1248/1248/1235
f 1183/1183/1170 1248/1248/1235 1184/1184/1171
f 1184/1184/1171 1248/1248/1235 1249/1249/1236
f 1184/1184/1171 1249/1249/1236 1185/1185/1172
f 1185/1185/1172 1249/1249/1236 1250/1250/1237
f 1185/1185/1172 1250/1250/1237 1186/1186/1173
f 1186/1186/1173 1250/1250/1237 1251/1251/1238
f 1186/1186/1173 1251/1251/1238 1187/1187/1174
f 1187/1187/1174 1251/1251/1238 1252/1252/1239
f 1187/1187/1174 1252/1252/1239 1188/1188/1175
f 1188/1188/1175 1252/1252/1239 1253/1253/1240
f 1188/1188/1175 1253/1253/1240 1189/1189/1176
f 1189/1189/1176 1253/1253/1240 1254/1254/1241
f 1189/1189/1176 1254/1254/1241 1190/1190/1177
f 1190/1190/1177 1254/1254/1241 1255/1255/1242
f 1190/1190/1177 1255/1255/1242 1191/1191/1178
f 1191/1191/1178 1255/1255/1242 1256/1256/1243
f 1191/1191/1178 1256/1256/1243 1192/1192/1179
f 1192/1192/1179 1256/1256/1243 1257/1257/1244
f 1192/1192/1179 1257/1257/1244 1193/1193/1180
f 1193/1193/1180 1257/1257/1244 1258/1258/1245
f 1193/1193/1180 1258/1258/1245 1194/1194/1181
f 1194/1194/1181 1258/1258/1245 1259/1259/1246
f 1194/1194/1181 1259/1259/1246 1195/1195/1182
f 1195/1195/1182 1259/1259/1246 1260/1260/1247
f 1195/1195/1182 1260/1260/1247 1196/1196/1183
f 1196/1196/1183 1260/1260/1247 1261/1261/1248
f 1196/1196/1183 1261/1261/1248 1197/1197/1184
f 1197/1197/1184 1261/1261/1248 1262/1262/1249
f 1197/1197/1184 1262/1262/1249 1198/1198/1185
f 1198/1198/1185 1262/1262/1249 1263/1263/1250
f 1198/1198/1185 1263/1263/1250 1199/1199/1186
f 1199/1199/1186 1263/1263/1250 1264/1264/1251
f 1199/1199/1186 1264/1264/1251 1200/1200/1187
f 1200/1200/1187 1264/1264/1251 1265/1265/1252
f 1200/1200/1187 1265/1265/1252 1201/1201/1188
f 1201/1201/1188 1265/1265/1252 1266/1266/1253
f 1201/1201/1188 1266/1266/1253 1202/1202/1189
f 1202/1202/1189 1266/1266/1253 1267/1267/1254
f 1202/1202/1189 1267/1267/1254 1203/1203/1190
f 1203/1203/1190 1267/1267/1254 1268/1268/1255
f 1203/1203/1190 1268/1268/1255 1204/1204/1191
f 1204/1204/1191 1268/1268/1255 1269/1269/1256
f 1204/1204/1191 1269/1269/1256 1205/1205/1192
f 1205/1205/1192 1269/1269/1256 1270/1270/1257
f 1205/1205/1192 1270/1270/1257 1206/1206/1193
f 1206/1206/1193 1270/1270/1257 1271/1271/1258
f 1206/1206/1193 1271/1271/1258 1207/1207/1194
f 1207/1207/1194 1271/1271/1258 1272/1272/1259
f 1207/1207/1194 1272/1272/1259 1208/1208/1195
f 1208/1208/1195 1272/1272/1259 1273/1273/1260
f 1208/1208/1195 1273/1273/1260 1209/1209/1196
f 1209/1209/1196 1273/1273/1260 1274/1274/1261
f 1209/1209/1196 1274/1274/1261 1210/1210/1197
f 1210/1210/1197 1274/1274/1261 1275/1275/1262
f 1210/1210/1197 1275/1275/1262 1211/1211/1198
f 1211/1211/1198 1275/1275/1262 1276/1276/1263
f 1211/1211/1198 1276/1276/1263 1212/1212/1199
f 1212/1212/1199 1276/1276/1263 1277/1277/1264
f 1212/1212/1199 1277/1277/1264 1213/1213/1200
f 1213/1213/1200 1277/1277/1264 1278/1278/1265
f 1213/1213/1200 1278/1278/1265 1214/1214/1201
f 1214/1214/1201 1278/1278/1265 1279/1279/1266
f 1214/1214/1201 1279/1279/1266 1215/1215/1202
f 1215/1215/1202 1279/1279/1266 1280/1280/1267
f 1215/1215/1202 1280/1280/1267 1216/1216/1203
f 1216/1216/1203 1280/1280/1267 1281/1281/1268
f 1216/1216/1203 1281/1281/1268 1217/1217/1204
f 1217/1217/1204 1281/1281/1268 1282/1282/1269
f 1217/1217/1204 1282/1282/1269 1218/1218/1205
f 1218/1218/1205 1282/1282/1269 1283/1283/1270
f 1218/1218/1205 1283/1283/1270 1219/1219/1206
f 1219/1219/1206 1283/1283/1270 1284/1284/1271
f 1219/1219/1206 1284/1284/1271 1220/1220/1207
f 1220/1220/1207 1284/1284/1271 1285/1285/1272
f 1220/1220/1207 1285/1285/1272 1221/1221/1208
f 1221/1221/1208 1285/1285/1272 1286/1286/1273
f 1221/1221/1208 1286/1286/1273 1222/1222/1209
f 1222/1222/1209 1286/1286/1273 1287/1287/1274
f 1222/1222/1209 1287/1287/1274 1223/1223/1210
f 1223/1223/1210 1287/1287/1274 1288/1288/1275
f 1223/1223/1210 1288/1288/1275 1224/1224/1211
f 1224/1224/1211 1288/1288/1275 1289/1289/1276
f 1224/1224/1211 1289/1289/1276 1225/1225/1212
f 1225/1225/1212 1289/1289/1276 1290/1290/1277
f 1225/1225/1212 1290/1290/1277 1226/1226/1213
f 1226/1226/1213 1290/1290/1277 1291/1291/1278
f 1226/1226/1213 1291/1291/1278 1227/1227/1214
f 1227/1227/1214 1291/1291/1278 1292/1292/1279
f 1227/1227/1214 1292/1292/1279 1228/1228/1215
f 1228/1228/1215 1292/1292/1279 1293/1293/1280
f 1228/1228/1215 1293/1293/1280 1229/1229/1216
f 1229/1229/1216 1293/1293/1280 1294/1294/1281
f 1229/1229/1216 1294/1294/1281 1230/1230/1217
f 1230/1230/1217 1294/1294/1281 1295/1295/1282
f 1230/1230/1217 1295/1295/1282 1231/1231/1218
f 1231/1231/1218 1295/1295/1282 1296/1296/1283
f 1231/1231/1218 1296/1296/1283 1232/1232/1219
f 1232/1232/1219 1296/1296/1283 1297/1297/1284
f 1232/1232/1219 1297/1297/1284 1233/1233/1220
f 1233/1233/1220 1297/1297/1284 1298/1298/1285
f 1233/1233/1220 1298/1298/1285 1234/1234/1221
f 1234/1234/1221 1298/1298/1285 1299/1299/1286
f 1234/1234/1221 1299/1299/1286 1235/1235/1222
f 1235/1235/1222 1299/1299/1286 1300/1300/1287
f 1236/1236/1223 1301/1301/1288 1237/1237/1224
f 1237/1237/1224 1301/1301/1288 1302/1302/1289
f 1237/1237/1224 1302/1302/1289 1238/1238/1225
f 1238/1238/1225 1302/1302/1289 1303/1303/1290
f 1238/1238/1225 1303/1303/1290 1239/1239/1226
f 1239/1239/1226 1303/1303/1290 1304/1304/1291
f 1239/1239/1226 1304/1304/1291 1240/1240/1227
f 1240/1240/1227 1304/1304/1291 1305/1305/1292
f 1240/1240/1227 1305/1305/1292 1241/1241/1228
f 1241/1241/1228 1305/1305/1292 1306/1306/1293
f 1241/1241/1228 1306/1306/1293 1242/1242/1229
f 1242/1242/1229 1306/1306/1293 1307/1307/1294
f 1242/1242/1229 1307/1307/1294 1243/1243/1230
f 1243/1243/1230 1307/1307/1294 1308/1308/1295
f 1243/1243/1230 1308/1308/1295 1244/1244/1231
f 1244/1244/1231 1308/1308/1295 1309/1309/1296
f 1244/1244/1231 1309/1309/1296 1245/1245/1232
f 1245/1245/1232 1309/1309/1296 1310/1310/1297
f 1245/1245/1232 1310/1310/1297 1246/1246/1233
f 1246/1246/1233 1310/1310/1297 1311/1311/1298
f 1246/1246/1233 1311/1311/1298 1247/1247/1234
f 1247/1247/1234 1311/1311/1298 1312/1312/1299
f 1247/1247/1234 1312/1312/1299 1248/1248/1235
f 1248/1248/1235 1312/1312/1299 1313/1313/1300
f 1248/1248/1235 1313/1313/1300 1249/1249/1236
f 1249/1249/1236 1313/1313/1300 1314/1314/1301
f 1249/1249/1236 1314/1314/1301 1250/1250/1237
f 1250/1250/1237 1314/1314/1301 1315/1315/1302
f 1250/1250/1237 1315/1315/1302 1251/1251/1238
f 1251/1251/1238 1315/1315/1302 1316/1316/1303
f 1251/1251/1238 1316/1316/1303 1252/1252/1239
f 1252/1252/1239 1316/1316/1303 1317/1317/1304
f 1252/1252/1239 1317/1317/1304 1253/1253/1240
f 1253/1253/1240 1317/1317/1304 1318/1318/1305
f 1253/1253/1240 1318/1318/1305 1254/1254/1241
f 1254/1254/1241 1318/1318/1305 1319/1319/1306
f 1254/1254/1241 1319/1319/1306 1255/1255/1242
f 1255/1255/1242 1319/1319/1306 1320/1320/1307
f 1255/1255/1242 1320/1320/1307 1256/1256/1243
f 1256/1256/1243 1320/1320/1307 1321/1321/1308
f 1256/1256/1243 1321/1321/1308 1257/1257/1244
f 1257/1257/1244 1321/1321/1308 1322/1322/1309
f 1257/1257/1244 1322/1322/1309 1258/1258/1245
f 1258/1258/1245 1322/1322/1309 1323/1323/1310
f 1258/1258/1245 1323/1323/1310 1259/1259/1246
f 1259/1259/1246 1323/1323/1310 1324/1324/1311
f 1259/1259/1246 1324/1324/1311 1260/1260/1247
f 1260/1260/1247 1324/1324/1311 1325/1325/1312
f 1260/1260/1247 1325/1325/1312 1261/1261/1248
f 1261/1261/1248 1325/1325/1312 1326/1326/1313
f 1261/1261/1248 1326/1326/1313 1262/1262/1249
f 1262/1262/1249 1326/1326/1313 1327/1327/1314
f 1262/1262/1249 1327/1327/1314 1263/1263/1250
f 1263/1263/1250 1327/1327/1314 1328/1328/1315
f 1263/1263/1250 1328/1328/1315 1264/1264/1251
f 1264/1264/1251 1328/1328/1315 1329/1329/1316
f 1264/1264/1251 1329/1329/1316 1265/1265/1252
f 1265/1265/1252 1329/1329/1316 1330/1330/1317
f 1265/1265/1252 1330/1330/1317 1266/1266/1253
f 1266/1266/1253 1330/1330/1317 1331/1331/1318
f 1266/1266/1253 1331/1331/1318 1267/1267/1254
f 1267/1267/1254 1331/1331/1318 1332/1332/1319
f 1267/1267/1254 1332/1332/1319 1268/1268/1255
f 1268/1268/1255 1332/1332/1319 1333/1333/1320
f 1268/1268/1255 1333/1333/1320 1269/1269/1256
f 1269/1269/1256 1333/1333/1320 1334/1334/1321
f 1269/1269/1256 1334/1334/1321 1270/1270/1257
f 1270/1270/1257 1334/1334/1321 1335/1335/1322
f 1270/1270/1257 1335/1335/1322 1271/1271/1258
f 1271/1271/1258 1335/1335/1322 1336/1336/1323
f 1271/1271/1258 1336/1336/1323 1272/1272/1259
f 1272/1272/1259 1336/1336/1323 1337/1337/1324
f 1272/1272/1259 1337/1337/1324 1273/1273/1260
f 1273/1273/1260 1337/1337/1324 1338/1338/1325
f 1273/1273/1260 1338/1338/1325 1274/1274/1261
f 1274/1274/1261 1338/1338/1325 1339/1339/1326
f 1274/1274/1261 1339/1339/1326 1275/1275/1262
f 1275/1275/1262 1339/1339/1326 1340/1340/1327
f 1275/1275/1262 1340/1340/1327 1276/1276/1263
f 1276/1276/1263 1340/1340/1327 1341/1341/1328
f 1276/1276/1263 1341/1341/1328 1277/1277/1264
f 1277/1277/1264 1341/1341/1328 1342/1342/1329
f 1277/1277/1264 1342/1342/1329 1278/1278/1265
f 1278/1278/1265 1342/1342/1329 1343/1343/1330
f 1278/1278/1265 1343/1343/1330 1279/1279/1266
f 1279/1279/1266 1343/1343/1330 1344/1344/1331
f 1279/1279/1266 1344/1344/1331 1280/1280/1267
f 1280/1280/1267 1344/1344/1331 1345/1345/1332
f 1280/1280/1267 1345/1345/1332 1281/1281/1268
f 1281/1281/1268 1345/1345/1332 1346/1346/1333
f 1281/1281/1268 1346/1346/1333 1282/1282/1269
f 1282/1282/1269 1346/1346/1333 1347/1347/1334
f 1282/1282/1269 1347/1347/1334 1283/1283/1270
f 1283/1283/1270 1347/1347/1334 1348/1348/1335
f 1283/1283/1270 1348/1348/1335 1284/1284/1271
f 1284/1284/1271 1348/1348/1335 1349/1349/1336
f 1284/1284/1271 1349/1349/1336 1285/1285/1272
f 1285/1285/1272 1349/1349/1336 1350/1350/1337
f 1285/1285/1272 1350/1350/1337 1286/1286/1273
f 1286/1286/1273 1350/1350/1337 1351/1351/1338
f 1286/1286/1273 1351/1351/1338 1287/1287/1274
f 1287/1287/1274 1351/1351/1338 1352/1352/1339
f 1287/1287/1274 1352/1352/1339 1288/1288/1275
f 1288/1288/1275 1352/1352/1339 1353/1353/1340
f 1288/1288/1275 1353/1353/1340 1289/1289/1276
f 1289/1289/1276 1353/1353/1340 1354/1354/1341
f 1289/1289/1276 1354/1354/1341 1290/1290/1277
f 1290/1290/1277 1354/1354/1341 1355/1355/1342
f 1290/1290/1277 1355/1355/1342 1291/1291/1278
f 1291/1291/1278 1355/1355/1342 1356/1356/1343
f 1291/1291/1278 1356/1356/1343 1292/1292/1279
f 1292/1292/1279 1356/1356/1343 1357/1357/1344
f 1292/1292/1279 1357/1357/1344 1293/1293/1280
f 1293/1293/1280 1357/1357/1344 1358/1358/1345
f 1293/1293/1280 1358/1358/1345 1294/1294/1281
f 1294/1294/1281 1358/1358/1345 1359/1359/1346
f 1294/1294/1281 1359/1359/1346 1295/1295/1282
f 1295/1295/1282 1359/1359/1346 1360/1360/1347
f 1295/1295/1282 1360/1360/1347 1296/1296/1283
f 1296/1296/1283 1360/1360/1347 1361/1361/1348
f 1296/1296/1283 1361/1361/1348 1297/1297/1284
f 1297/1297/1284 1361/1361/1348 1362/1362/1349
f 1297/1297/1284 1362/1362/1349 1298/1298/1285
f 1298/1298/1285 1362/1362/1349 1363/1363/1350
f 1298/1298/1285 1363/1363/1350 1299/1299/1286
f 1299/1299/1286 1363/1363/1350 1364/1364/1351
f 1299/1299/1286 1364/1364/1351 1300/1300/1287
f 1300/1300/1287 1364/1364/1351 1365/1365/1352
f 1301/1301/1288 1366/1366/1353 1302/1302/1289
f 1302/1302/1289 1366/1366/1353 1367/1367/1354
f 1302/1302/1289 1367/1367/1354 1303/1303/1290
f 1303/1303/1290 1367/1367/1354 1368/1368/1355
f 1303/1303/1290 1368/1368/1355 1304/1304/1291
f 1304/1304/1291 1368/1368/1355 1369/1369/1356
f 1304/1304/1291 1369/1369/1356 1305/1305/1292
f 1305/1305/1292 1369/1369/1356 1370/1370/1357
f 1305/1305/1292 1370/1370/1357 1306/1306/1293
f 1306/1306/1293 1370/1370/1357 1371/1371/1358
f 1306/1306/1293 1371/1371/1358 1307/1307/1294
f 1307/1307/1294 1371/1371/1358 1372/1372/1359
f 1307/1307/1294 1372/1372/1359 1308/1308/1295
f 1308/1308/1295 1372/1372/1359 1373/1373/1360
f 1308/1308/1295 1373/1373/1360 1309/1309/1296
f 1309/1309/1296 1373/1373/1360 1374/1374/1361
f 1309/1309/1296 1374/1374/1361 1310/1310/1297
f 1310/1310/1297 1374/1374/1361 1375/1375/1362
f 1310/1310/1297 1375/1375/1362 1311/1311/1298
f 1311/1311/1298 1375/1375/1362 1376/1376/1363
f 1311/1311/1298 1376/1376/1363 1312/1312/1299
f 1312/1312/1299 1376/1376/1363 1377/1377/1364
f 1312/1312/1299 1377/1377/1364 1313/1313/1300
f 1313/1313/1300 1377/1377/1364 1378/1378/1365
f 1313/1313/1300 1378/1378/1365 1314/1314/1301
f 1314/1314/1301 1378/1378/1365 1379/1379/1366
f 1314/1314/1301 1379/1379/1366 1315/1315/1302
f 1315/1315/1302 1379/1379/1366 1380/1380/1367
f 1315/1315/1302 1380/1380/1367 1316/1316/1303
f 1316/1316/1303 1380/1380/1367 1381/1381/1368
f 1316/1316/1303 1381/1381/1368 1317/1317/1304
f 1317/1317/1304 1381/1381/1368 1382/1382/1369
f 1317/1317/1304 1382/1382/1369 1318/1318/1305
f 1318/1318/1305 1382/1382/1369 1383/1383/1370
f 1318/1318/1305 1383/1383/1370 1319/1319/1306
f 1319/1319/1306 1383/1383/1370 1384/1384/1371
f 1319/1319/1306 1384/1384/1371 1320/1320/1307
f 1320/1320/1307 1384/1384/1371 1385/1385/1372
f 1320/1320/1307 1385/1385/1372 1321/1321/1308
f 1321/1321/1308 1385/1385/1372 1386/1386/1373
f 1321/1321/1308 1386/1386/1373 1322/1322/1309
f 1322/1322/1309 1386/1386/1373 1387/1387/1374
f 1322/1322/1309 1387/1387/1374 1323/1323/1310
f 1323/1323/1310 1387/1387/1374 1388/1388/1375
f 1323/1323/1310 1388/1388/1375 1324/1324/1311
f 1324/1324/1311 1388/1388/1375 1389/1389/1376
f 1324/1324/1311 1389/1389/1376 1325/1325/1312
f 1325/1325/1312 1389/1389/1376 1390/1390/1377
f 1325/1325/1312 1390/1390/1377 1326/1326/1313
f 1326/1326/1313 1390/1390/1377 1391/1391/1378
f 1326/1326/1313 1391/1391/1378 1327/1327/1314
f 1327/1327/1314 1391/1391/1378 1392/1392/1379
f 1327/1327/1314 1392/1392/1379 1328/1328/1315
f 1328/1328/1315 1392/1392/1379 1393/1393/1380
f 1328/1328/1315 1393/1393/1380 1329/1329/1316
f 1329/1329/1316 1393/1393/1380 1394/1394/1381
f 1329/1329/1316 1394/1394/1381 1330/1330/1317
f 1330/1330/1317 1394/1394/1381 1395/1395/1382
f 1330/1330/1317 1395/1395/1382 1331/1331/1318
f 1331/1331/1318 1395/1395/1382 1396/1396/1383
f 1331/1331/1318 1396/1396/1383 1332/1332/1319
f 1332/1332/1319 1396/1396/1383 1397/1397/1384
f 1332/1332/1319 1397/1397/1384 1333/1333/1320
f 1333/1333/1320 1397/1397/1384 1398/1398/1385
f 1333/1333/1320 1398/1398/1385 1334/1334/1321
f 1334/1334/1321 1398/1398/1385 1399/1399/1386
f 1334/1334/1321 1399/1399/1386 1335/1335/1322
f 1335/1335/1322 1399/1399/1386 1400/1400/1387
f 1335/1335/1322 1400/1400/1387 1336/1336/1323
f 1336/1336/1323 1400/1400/1387 1401/1401/1388
f 1336/1336/1323 1401/1401/1388 1337/1337/1324
f 1337/1337/1324 1401/1401/1388 1402/1402/1389
f 1337/1337/1324 1402/1402/1389 1338/1338/1325
f 1338/1338/1325 1402/1402/1389 1403/1403/1390
f 1338/1338/1325 1403/1403/1390 1339/1339/1326
f 1339/1339/1326 1403/1403/1390 1404/1404/1391
f 1339/1339/1326 1404/1404/1391 1340/1340/1327
f 1340/1340/1327 1404/1404/1391 1405/1405/1392
f 1340/1340/1327 1405/1405/1392 1341/1341/1328
f 1341/1341/1328 1405/1405/1392 1406/1406/1393
f 1341/1341/1328 1406/1406/1393 1342/1342/1329
f 1342/1342/1329 1406/1406/1393 1407/1407/1394
f 1342/1342/1329 1407/1407/1394 1343/1343/1330
f 1343/1343/1330 1407/1407/1394 1408/1408/1395
f 1343/1343/1330 1408/1408/1395 1344/1344/1331
f 1344/1344/1331 1408/1408/1395 1409/1409/1396
f 1344/1344/1331 1409/1409/1396 1345/1345/1332
f 1345/1345/1332 1409/1409/1396 1410/1410/1397
f 1345/1345/1332 1410/1410/1397 1346/1346/1333
f 1346/1346/1333 1410/1410/1397 1411/1411/1398
f 1346/1346/1333 1411/1411/1398 1347/1347/1334
f 1347/1347/1334 1411/1411/1398 1412/1412/1399
f 1347/1347/1334 1412/1412/1399 1348/1348/1335
f 1348/1348/1335 1412/1412/1399 1413/1413/1400
f 1348/1348/1335 1413/1413/1400 1349/1349/1336
f 1349/1349/1336 1413/1413/1400 1414/1414/1401
f 1349/1349/1336 1414/1414/1401 1350/1350/1337
f 1350/1350/1337 1414/1414/1401 1415/1415/1402
f 1350/1350/1337 1415/1415/1402 1351/1351/1338
f 1351/1351/1338 1415/1415/1402 1416/1416/1403
f 1351/1351/1338 1416/1416/1403 1352/1352/1339
f 1352/1352/1339 1416/1416/1403 1417/1417/1404
f 1352/1352/1339 1417/1417/1404 1353/1353/1340
f 1353/1353/1340 1417/1417/1404 1418/1418/1405
f 1353/1353/1340 1418/1418/1405 1354/1354/1341
f 1354/1354/1341 1418/1418/1405 1419/1419/1406
f 1354/1354/1341 1419/1419/1406 1355/1355/1342
f 1355/1355/1342 1419/1419/1406 1420/1420/1407
f 1355/1355/1342 1420/1420/1407 1356/1356/1343
f 1356/1356/1343 1420/1420/1407 1421/1421/1408
f 1356/1356/1343 1421/1421/1408 1357/1357/1344
f 1357/1357/1344 1421/1421/1408 1422/1422/1409
f 1357/1357/1344 1422/1422/1409 1358/1358/1345
f 1358/1358/1345 1422/1422/1409 1423/1423/1410
f 1358/1358/1345 1423/1423/1410 1359/1359/1346
f 1359/1359/1346 1423/1423/1410 1424/1424/1411
f 1359/1359/1346 1424/1424/1411 1360/1360/1347
f 1360/1360/1347 1424/1424/1411 1425/1425/1412
f 1360/1360/1347 1425/1425/1412 1361/1361/1348
f 1361/1361/1348 1425/1425/1412 1426/1426/1413
f 1361/1361/1348 1426/1426/1413 1362/1362/1349
f 1362/1362/1349 1426/1426/1413 1427/1427/1414
f 1362/1362/1349 1427/1427/1414 1363/1363/1350
f 1363/1363/1350 1427/1427/1414 1428/1428/1415
f 1363/1363/1350 1428/1428/1415 1364/1364/1351
f 1364/1364/1351 1428/1428/1415 1429/1429/1416
f 1364/1364/1351 1429/1429/1416 1365/1365/1352
f 1365/1365/1352 1429/1429/1416 1430/1430/1417
f 1366/1366/1353 1431/1431/1418 1367/1367/1354
f 1367/1367/1354 1431/1431/1418 1432/1432/1419
f 1367/1367/1354 1432/1432/1419 1368/1368/1355
f 1368/1368/1355 1432/1432/1419 1433/1433/1420
f 1368/1368/1355 1433/1433/1420 1369/1369/1356
f 1369/1369/1356 1433/1433/1420 1434/1434/1421
f 1369/1369/1356 1434/1434/1421 1370/1370/1357
f 1370/1370/1357 1434/1434/1421 1435/1435/1422
f 1370/1370/1357 1435/1435/1422 1371/1371/1358
f 1371/1371/1358 1435/1435/1422 1436/1436/1423
f 1371/1371/1358 1436/1436/1423 1372/1372/1359
f 1372/1372/1359 1436/1436/1423 1437/1437/1424
f 1372/1372/1359 1437/1437/1424 1373/1373/1360
f 1373/1373/1360 1437/1437/1424 1438/1438/1425
f 1373/1373/1360 1438/1438/1425 1374/1374/1361
f 1374/1374/1361 1438/1438/1425 1439/1439/1426
f 1374/1374/1361 1439/1439/1426 1375/1375/1362
f 1375/1375/1362 1439/1439/1426 1440/1440/1427
f 1375/1375/1362 1440/1440/1427 1376/1376/1363
f 1376/1376/1363 1440/1440/1427 1441/1441/1428
f 1376/1376/1363 1441/1441/1428 1377/1377/1364
f 1377/1377/1364 1441/1441/1428 1442/1442/1429
f 1377/1377/1364 1442/1442/1429 1378/1378/1365
f 1378/1378/1365 1442/1442/1429 1443/1443/1430
f 1378/1378/1365 1443/1443/1430 1379/1379/1366
f 1379/1379/1366 1443/1443/1430 1444/1444/1431
f 1379/1379/1366 1444/1444/1431 1380/1380/1367
f 1380/1380/1367 1444/1444/1431 1445/1445/1432
f 1380/1380/1367 1445/1445/1432 1381/1381/1368
f 1381/1381/1368 1445/1445/1432 1446/1446/1433
f 1381/1381/1368 1446/1446/1433 1382/1382/1369
f 1382/1382/1369 1446/1446/1433 1447/1447/1434
f 1382/1382/1369 1447/1447/1434 1383/1383/1370
f 1383/1383/1370 1447/1447/1434 1448/1448/1435
f 1383/1383/1370 1448/1448/1435 1384/1384/1371
f 1384/1384/1371 1448/1448/1435 1449/1449/1436
f 1384/1384/1371 1449/1449/1436 1385/1385/1372
f 1385/1385/1372 1449/1449/1436 1450/1450/1437
f 1385/1385/1372 1450/1450/1437 1386/1386/1373
f 1386/1386/1373 1450/1450/1437 1451/1451/1438
f 1386/1386/1373 1451/1451/1438 1387/1387/1374
f 1387/1387/1374 1451/1451/1438 1452/1452/1439
f 1387/1387/1374 1452/1452/1439 1388/1388/1375
f 1388/1388/1375 1452/1452/1439 1453/1453/1440
f 1388/1388/1375 1453/1453/1440 1389/1389/1376
f 1389/1389/1376 1453/1453/1440 1454/1454/1441
f 1389/1389/1376 1454/1454/1441 1390/1390/1377
f 1390/1390/1377 1454/1454/1441 1455/1455/1442
f 1390/1390/1377 1455/1455/1442 1391/1391/1378
f 1391/1391/1378 1455/1455/1442 1456/1456/1443
f 1391/1391/1378 1456/1456/1443 1392/1392/1379
f 1392/1392/1379 1456/1456/1443 1457/1457/1444
f 1392/1392/1379 1457/1457/1444 1393/1393/1380
f 1393/1393/1380 1457/1457/1444 1458/1458/1445
f 1393/1393/1380 1458/1458/1445 1394/1394/1381
f 1394/1394/1381 1458/1458/1445 1459/1459/1446
f 1394/1394/1381 1459/1459/1446 1395/1395/1382
f 1395/1395/1382 1459/1459/1446 1460/1460/1447
f 1395/1395/1382 1460/1460/1447 1396/1396/1383
f 1396/1396/1383 1460/1460/1447 1461/1461/1448
f 1396/1396/1383 1461/1461/1448 1397/1397/1384
f 1397/1397/1384 1461/1461/1448 1462/1462/1449
f 1397/1397/1384 1462/1462/1449 1398/1398/1385
f 1398/1398/1385 1462/1462/1449 1463/1463/1450
f 1398/1398/1385 1463/1463/1450 1399/1399/1386
f 1399/1399/1386 1463/1463/1450 1464/1464/1451
f 1399/1399/1386 1464/1464/1451 1400/1400/1387
f 1400/1400/1387 1464/1464/1451 1465/1465/1452
f 1400/1400/1387 1465/1465/1452 1401/1401/1388
f 1401/1401/1388 1465/1465/1452 1466/1466/1453
f 1401/1401/1388 1466/1466/1453 1402/1402/1389
f 1402/1402/1389 1466/1466/1453 1467/1467/1454
f 1402/1402/1389 1467/1467/1454 1403/1403/1390
f 1403/1403/1390 1467/1467/1454 1468/1468/1455
f 1403/1403/1390 1468/1468/1455 1404/1404/1391
f 1404/1404/1391 1468/1468/1455 1469/1469/1456
f 1404/1404/1391 1469/1469/1456 1405/1405/1392
f 1405/1405/1392 1469/1469/1456 1470/1470/1457
f 1405/1405/1392 1470/1470/1457 1406/1406/1393
f 1406/1406/1393 1470/1470/1457 1471/1471/1458
f 1406/1406/1393 1471/1471/1458 1407/1407/1394
f 1407/1407/1394 1471/1471/1458 1472/1472/1459
f 1407/1407/1394 1472/1472/1459 1408/1408/1395
f 1408/1408/1395 1472/1472/1459 1473/1473/1460
f 1408/1408/1395 1473/1473/1460 1409/1409/1396
f 1409/1409/1396 1473/1473/1460 1474/1474/1461
f 1409/1409/1396 1474/1474/1461 1410/1410/1397
f 1410/1410/1397 1474/1474/1461 1475/1475/1462
f 1410/1410/1397 1475/1475/1462 1411/1411/1398
f 1411/1411/1398 1475/1475/1462 1476/1476/1463
f 1411/1411/1398 1476/1476/1463 1412/1412/1399
f 1412/1412/1399 1476/1476/1463 1477/1477/1464
f 1412/1412/1399 1477/1477/1464 1413/1413/1400
f 1413/1413/1400 1477/1477/1464 1478/1478/1465
f 1413/1413/1400 1478/1478/1465 1414/1414/1401
f 1414/1414/1401 1478/1478/1465 1479/1479/1466
f 1414/1414/1401 1479/1479/1466 1415/1415/1402
f 1415/1415/1402 1479/1479/1466 1480/1480/1467
f 1415/1415/1402 1480/1480/1467 1416/1416/1403
f 1416/1416/1403 1480/1480/1467 1481/1481/1468
f 1416/1416/1403 1481/1481/1468 1417/1417/1404
f 1417/1417/1404 1481/1481/1468 1482/1482/1469
f 1417/1417/1404 1482/1482/1469 1418/1418/1405
f 1418/1418/1405 1482/1482/1469 1483/1483/1470
f 1418/1418/1405 1483/1483/1470 1419/1419/1406
f 1419/1419/1406 1483/1483/1470 1484/1484/1471
f 1419/1419/1406 1484/1484/1471 1420/1420/1407
f 1420/1420/1407 1484/1484/1471 1485/1485/1472
f 1420/1420/1407 1485/1485/1472 1421/1421/1408
f 1421/1421/1408 1485/1485/1472 1486/1486/1473
f 1421/1421/1408 1486/1486/1473 1422/1422/1409
f 1422/1422/1409 1486/1486/1473 1487/1487/1474
f 1422/1422/1409 1487/1487/1474 1423/1423/1410
f 1423/1423/1410 1487/1487/1474 1488/1488/1475
f 1423/1423/1410 1488/1488/1475 1424/1424/1411
f 1424/1424/1411 1488/1488/1475 1489/1489/1476
f 1424/1424/1411 1489/1489/1476 1425/1425/1412
f 1425/1425/1412 1489/1489/1476 1490/1490/1477
f 1425/1425/1412 1490/1490/1477 1426/1426/1413
f 1426/1426/1413 1490/1490/1477 1491/1491/1478
f 1426/1426/1413 1491/1491/1478 1427/1427/1414
f 1427/1427/1414 1491/1491/1478 1492/1492/1479
f 1427/1427/1414 1492/1492/1479 1428/1428/1415
f 1428/1428/1415 1492/1492/1479 1493/1493/1480
f 1428/1428/1415 1493/1493/1480 1429/1429/1416
f 1429/1429/1416 1493/1493/1480 1494/1494/1481
f 1429/1429/1416 1494/1494/1481 1430/1430/1417
f 1430/1430/1417 1494/1494/1481 1495/1495/1482
f 1431/1431/1418 1496/1496/1483 1432/1432/1419
f 1432/1432/1419 1496/1496/1483 1497/1497/1484
f 1432/1432/1419 1497/1497/1484 1433/1433/1420
f 1433/1433/1420 1497/1497/1484 1498/1498/1485
f 1433/1433/1420 1498/1498/1485 1434/1434/1421
f 1434/1434/1421 1498/1498/1485 1499/1499/1486
f 1434/1434/1421 1499/1499/1486 1435/1435/1422
f 1435/1435/1422 1499/1499/1486 1500/1500/1487
f 1435/1435/1422 1500/1500/1487 1436/1436/1423
f 1436/1436/1423 1500/1500/1487 1501/1501/1488
f 1436/1436/1423 1501/1501/1488 1437/1437/1424
f 1437/1437/1424 1501/1501/1488 1502/1502/1489
f 1437/1437/1424 1502/1502/1489 1438/1438/1425
f 1438/1438/1425 1502/1502/1489 1503/1503/1490
f 1438/1438/1425 1503/1503/1490 1439/1439/1426
f 1439/1439/1426 1503/1503/1490 1504/1504/1491
f 1439/1439/1426 1504/1504/1491 1440/1440/1427
f 1440/1440/1427 1504/1504/1491 1505/1505/1492
f 1440/1440/1427 1505/1505/1492 1441/1441/1428
f 1441/1441/1428 1505/1505/1492 1506/1506/1493
f 1441/1441/1428 1506/1506/1493 1442/1442/1429
f 1442/1442/1429 1506/1506/1493 1507/1507/1494
f 1442/1442/1429 1507/1507/1494 1443/1443/1430
f 1443/1443/1430 1507/1507/1494 1508/1508/1495
f 1443/1443/1430 1508/1508/1495 1444/1444/1431
f 1444/1444/1431 1508/1508/1495 1509/1509/1496
f 1444/1444/1431 1509/1509/1496 1445/1445/1432
f 1445/1445/1432 1509/1509/1496 1510/1510/1497
f 1445/1445/1432 1510/1510/1497 1446/1446/1433
f 1446/1446/1433 1510/1510/1497 1511/1511/1498
f 1446/1446/1433 1511/1511/1498 1447/1447/1434
f 1447/1447/1434 1511/1511/1498 1512/1512/1499
f 1447/1447/1434 1512/1512/1499 1448/1448/1435
f 1448/1448/1435 1512/1512/1499 1513/1513/1500
f 1448/1448/1435 1513/1513/1500 1449/1449/1436
f 1449/1449/1436 1513/1513/1500 1514/1514/1501
f 1449/1449/1436 1514/1514/1501 1450/1450/1437
f 1450/1450/1437 1514/1514/1501 1515/1515/1502
f 1450/1450/1437 1515/1515/1502 1451/1451/1438
f 1451/1451/1438 1515/1515/1502 1516/1516/1503
f 1451/1451/1438 1516/1516/1503 1452/1452/1439
f 1452/1452/1439 1516/1516/1503 1517/1517/1504
f 1452/1452/1439 1517/1517/1504 1453/1453/1440
f 1453/1453/1440 1517/1517/1504 1518/1518/1505
f 1453/1453/1440 1518/1518/1505 1454/1454/1441
f 1454/1454/1441 1518/1518/1505 1519/1519/1506
f 1454/1454/1441 1519/1519/1506 1455/1455/1442
f 1455/1455/1442 1519/1519/1506 1520/1520/1507
f 1455/1455/1442 1520/1520/1507 1456/1456/1443
f 1456/1456/1443 1520/1520/1507 1521/1521/1508
f 1456/1456/1443 1521/1521/1508 1457/1457/1444
f 1457/1457/1444 1521/1521/1508 1522/1522/1509
f 1457/1457/1444 1522/1522/1509 1458/1458/1445
f 1458/1458/1445 1522/1522/1509 1523/1523/1510
f 1458/1458/1445 1523/1523/1510 1459/1459/1446
f 1459/1459/1446 1523/1523/1510 1524/1524/1511
f 1459/1459/1446 1524/1524/1511 1460/1460/1447
f 1460/1460/1447 1524/1524/1511 1525/1525/1512
f 1460/1460/1447 1525/1525/1512 1461/1461/1448
f 1461/1461/1448 1525/1525/1512 1526/1526/1513
f 1461/1461/1448 1526/1526/1513 1462/1462/1449
f 1462/1462/1449 1526/1526/1513 1527/1527/1514
f 1462/1462/1449 1527/1527/1514 1463/1463/1450
f 1463/1463/1450 1527/1527/1514 1528/1528/1515
f 1463/1463/1450 1528/1528/1515 1464/1464/1451
f 1464/1464/1451 1528/1528/1515 1529/1529/1516
f 1464/1464/1451 1529/1529/1516 1465/1465/1452
f 1465/1465/1452 1529/1529/1516 1530/1530/1517
f 1465/1465/1452 1530/1530/1517 1466/1466/1453
f 1466/1466/1453 1530/1530/1517 1531/1531/1518
f 1466/1466/1453 1531/1531/1518 1467/1467/1454
f 1467/1467/1454 1531/1531/1518 1532/1532/1519
f 1467/1467/1454 1532/1532/1519 1468/1468/1455
f 1468/1468/1455 1532/1532/1519 1533/1533/1520
f 1468/1468/1455 1533/1533/1520 1469/1469/1456
f 1469/1469/1456 1533/1533/1520 1534/1534/1521
f 1469/1469/1456 1534/1534/1521 1470/1470/1457
f 1470/1470/1457 1534/1534/1521 1535/1535/1522
f 1470/1470/1457 1535/1535/1522 1471/1471/1458
f 1471/1471/1458 1535/1535/1522 1536/1536/1523
f 1471/1471/1458 1536/1536/1523 1472/1472/1459
f 1472/1472/1459 1536/1536/1523 1537/1537/1524
f 1472/1472/1459 1537/1537/1524 1473/1473/1460
f 1473/1473/1460 1537/1537/1524 1538/1538/1525
f 1473/1473/1460 1538/1538/1525 1474/1474/1461
f 1474/1474/1461 1538/1538/1525 1539/1539/1526
f 1474/1474/1461 1539/1539/1526 1475/1475/1462
f 1475/1475/1462 1539/1539/1526 1540/1540/1527
f 1475/1475/1462 1540/1540/1527 1476/1476/1463
f 1476/1476/1463 1540/1540/1527 1541/1541/1528
f 1476/1476/1463 1541/1541/1528 1477/1477/1464
f 1477/1477/1464 1541/1541/1528 1542/1542/1529
f 1477/1477/1464 1542/1542/1529 1478/1478/1465
f 1478/1478/1465 1542/1542/1529 1543/1543/1530
f 1478/1478/1465 1543/1543/1530 1479/1479/1466
f 1479/1479/1466 1543/1543/1530 1544/1544/1531
f 1479/1479/1466 1544/1544/1531 1480/1480/1467
f 1480/1480/1467 1544/1544/1531 1545/1545/1532
f 1480/1480/1467 1545/1545/1532 1481/1481/1468
f 1481/1481/1468 1545/1545/1532 1546/1546/1533
f 1481/1481/1468 1546/1546/1533 1482/1482/1469
f 1482/1482/1469 1546/1546/1533 1547/1547/1534
f 1482/1482/1469 1547/1547/1534 1483/1483/1470
f 1483/1483/1470 1547/1547/1534 1548/1548/1535
f 1483/1483/1470 1548/1548/1535 1484/1484/1471
f 1484/1484/1471 1548/1548/1535 1549/1549/1536
f 1484/1484/1471 1549/1549/1536 1485/1485/1472
f 1485/1485/1472 1549/1549/1536 1550/1550/1537
f 1485/1485/1472 1550/1550/1537 1486/1486/1473
f 1486/1486/1473 1550/1550/1537 1551/1551/1538
f 1486/1486/1473 1551/1551/1538 1487/1487/1474
f 1487/1487/1474 1551/1551/1538 1552/1552/1539
f 1487/1487/1474 1552/1552/1539 1488/1488/1475
f 1488/1488/1475 1552/1552/1539 1553/1553/1540
f 1488/1488/1475 1553/1553/1540 1489/1489/1476
f 1489/1489/1476 1553/1553/1540 1554/1554/1541
f 1489/1489/1476 1554/1554/1541 1490/1490/1477
f 1490/1490/1477 1554/1554/1541 1555/1555/1542
f 1490/1490/1477 1555/1555/1542 1491/1491/1478
f 1491/1491/1478 1555/1555/1542 1556/1556/1543
f 1491/1491/1478 1556/1556/1543 1492/1492/1479
f 1492/1492/1479 1556/1556/1543 1557/1557/1544
f 1492/1492/1479 1557/1557/1544 1493/1493/1480
f 1493/1493/1480 1557/1557/1544 1558/1558/1545
f 1493/1493/1480 1558/1558/1545 1494/1494/1481
f 1494/1494/1481 1558/1558/1545 1559/1559/1546
f 1494/1494/1481 1559/1559/1546 1495/1495/1482
f 1495/1495/1482 1559/1559/1546 1560/1560/1547
f 1496/1496/1483 1561/1561/1548 1497/1497/1484
f 1497/1497/1484 1561/1561/1548 1562/1562/1549
f 1497/1497/1484 1562/1562/1549 1498/1498/1485
f 1498/1498/1485 1562/1562/1549 1563/1563/1550
f 1498/1498/1485 1563/1563/1550 1499/1499/1486
f 1499/1499/1486 1563/1563/1550 1564/1564/1551
f 1499/1499/1486 1564/1564/1551 1500/1500/1487
f 1500/1500/1487 1564/1564/1551 1565/1565/1552
f 1500/1500/1487 1565/1565/1552 1501/1501/1488
f 1501/1501/1488 1565/1565/1552 1566/1566/1553
f 1501/1501/1488 1566/1566/1553 1502/1502/1489
f 1502/1502/1489 1566/1566/1553 1567/1567/1554
f 1502/1502/1489 1567/1567/1554 1503/1503/1490
f 1503/1503/1490 1567/1567/1554 1568/1568/1555
f 1503/1503/1490 1568/1568/1555 1504/1504/1491
f 1504/1504/1491 1568/1568/1555 1569/1569/1556
f 1504/1504/1491 1569/1569/1556 1505/1505/1492
f 1505/1505/1492 1569/1569/1556 1570/1570/1557
f 1505/1505/1492 1570/1570/1557 1506/1506/1493
f 1506/1506/1493 1570/1570/1557 1571/1571/1558
f 1506/1506/1493 1571/1571/1558 1507/1507/1494
f 1507/1507/1494 1571/1571/1558 1572/1572/1559
f 1507/1507/1494 1572/1572/1559 1508/1508/1495
f 1508/1508/1495 1572/1572/1559 1573/1573/1560
f 1508/1508/1495 1573/1573/1560 1509/1509/1496
f 1509/1509/1496 1573/1573/1560 1574/1574/1561
f 1509/1509/1496 1574/1574/1561 1510/1510/1497
f 1510/1510/1497 1574/1574/1561 1575/1575/1562
f 1510/1510/1497 1575/1575/1562 1511/1511/1498
f 1511/1511/1498 1575/1575/1562 1576/1576/1563
f 1511/1511/1498 1576/1576/1563 1512/1512/1499
f 1512/1512/1499 1576/1576/1563 1577/1577/1564
f 1512/1512/1499 1577/1577/1564 1513/1513/1500
f 1513/1513/1500 1577/1577/1564 1578/1578/1565
f 1513/1513/1500 1578/1578/1565 1514/1514/1501
f 1514/1514/1501 1578/1578/1565 1579/1579/1566
f 1514/1514/1501 1579/1579/1566 1515/1515/1502
f 1515/1515/1502 1579/1579/1566 1580/1580/1567
f 1515/1515/1502 1580/1580/1567 1516/1516/1503
f 1516/1516/1503 1580/1580/1567 1581/1581/1568
f 1516/1516/1503 1581/1581/1568 1517/1517/1504
f 1517/1517/1504 1581/1581/1568 1582/1582/1569
f 1517/1517/1504 1582/1582/1569 1518/1518/1505
f 1518/1518/1505 1582/1582/1569 1583/1583/1570
f 1518/1518/1505 1583/1583/1570 1519/1519/1506
f 1519/1519/1506 1583/1583/1570 1584/1584/1571
f 1519/1519/1506 1584/1584/1571 1520/1520/1507
f 1520/1520/1507 1584/1584/1571 1585/1585/1572
f 1520/1520/1507 1585/1585/1572 1521/1521/1508
f 1521/1521/1508 1585/1585/1572 1586/1586/1573
f 1521/1521/1508 1586/1586/1573 1522/1522/1509
f 1522/1522/1509 1586/1586/1573 1587/1587/1574
f 1522/1522/1509 1587/1587/1574 1523/1523/1510
f 1523/1523/1510 1587/1587/1574 1588/1588/1575
f 1523/1523/1510 1588/1588/1575 1524/1524/1511
f 1524/1524/1511 1588/1588/1575 1589/1589/1576
f 1524/1524/1511 1589/1589/1576 1525/1525/1512
f 1525/1525/1512 1589/1589/1576 1590/1590/1577
f 1525/1525/1512 1590/1590/1577 1526/1526/1513
f 1526/1526/1513 1590/1590/1577 1591/1591/1578
f 1526/1526/1513 1591/1591/1578 1527/1527/1514
f 1527/1527/1514 1591/1591/1578 1592/1592/1579
f 1527/1527/1514 1592/1592/1579 1528/1528/1515
f 1528/1528/1515 1592/1592/1579 1593/1593/1580
f 1528/1528/1515 1593/1593/1580 1529/1529/1516
f 1529/1529/1516 1593/1593/1580 1594/1594/1581
f 1529/1529/1516 1594/1594/1581 1530/1530/1517
f 1530/1530/1517 1594/1594/1581 1595/1595/1582
f 1530/1530/1517 1595/1595/1582 1531/1531/1518
f 1531/1531/1518 1595/1595/1582 1596/1596/1583
f 1531/1531/1518 1596/1596/1583 1532/1532/1519
f 1532/1532/1519 1596/1596/1583 1597/1597/1584
f 1532/1532/1519 1597/1597/1584 1533/1533/1520
f 1533/1533/1520 1597/1597/1584 1598/1598/1585
f 1533/1533/1520 1598/1598/1585 1534/1534/1521
f 1534/1534/1521 1598/1598/1585 1599/1599/1586
f 1534/1534/1521 1599/1599/1586 1535/1535/1522
f 1535/1535/1522 1599/1599/1586 1600/1600/1587
f 1535/1535/1522 1600/1600/1587 1536/1536/1523
f 1536/1536/1523 1600/1600/1587 1601/1601/1588
f 1536/1536/1523 1601/1601/1588 1537/1537/1524
f 1537/1537/1524 1601/1601/1588 1602/1602/1589
f 1537/1537/1524 1602/1602/1589 1538/1538/1525
f 1538/1538/1525 1602/1602/1589 1603/1603/1590
f 1538/1538/1525 1603/1603/1590 1539/1539/1526
f 1539/1539/1526 1603/1603/1590 1604/1604/1591
f 1539/1539/1526 1604/1604/1591 1540/1540/1527
f 1540/1540/1527 1604/1604/1591 1605/1605/1592
f 1540/1540/1527 1605/1605/1592 1541/1541/1528
f 1541/1541/1528 1605/1605/1592 1606/1606/1593
f 1541/1541/1528 1606/1606/1593 1542/1542/1529
f 1542/1542/1529 1606/1606/1593 1607/1607/1594
f 1542/1542/1529 1607/1607/1594 1543/1543/1530
f 1543/1543/1530 1607/1607/1594 1608/1608/1595
f 1543/1543/1530 1608/1608/1595 1544/1544/1531
f 1544/1544/1531 1608/1608/1595 1609/1609/1596
f 1544/1544/1531 1609/1609/1596 1545/1545/1532
f 1545/1545/1532 1609/1609/1596 1610/1610/1597
f 1545/1545/1532 1610/1610/1597 1546/1546/1533
f 1546/1546/1533 1610/1610/1597 1611/1611/1598
f 1546/1546/1533 1611/1611/1598 1547/1547/1534
f 1547/1547/1534 1611/1611/1598 1612/1612/1599
f 1547/1547/1534 1612/1612/1599 1548/1548/1535
f 1548/1548/1535 1612/1612/1599 1613/1613/1600
f 1548/1548/1535 1613/1613/1600 1549/1549/1536
f 1549/1549/1536 1613/1613/1600 1614/1614/1601
f 1549/1549/1536 1614/1614/1601 1550/1550/1537
f 1550/1550/1537 1614/1614/1601 1615/1615/1602
f 1550/1550/1537 1615/1615/1602 1551/1551/1538
f 1551/1551/1538 1615/1615/1602 1616/1616/1603
f 1551/1551/1538 1616/1616/1603 1552/1552/1539
f 1552/1552/1539 1616/1616/1603 1617/1617/1604
f 1552/1552/1539 1617/1617/1604 1553/1553/1540
f 1553/1553/1540 1617/1617/1604 1618/1618/1605
f 1553/1553/1540 1618/1618/1605 1554/1554/1541
f 1554/1554/1541 1618/1618/1605 1619/1619/1606
f 1554/1554/1541 1619/1619/1606 1555/1555/1542
f 1555/1555/1542 1619/1619/1606 1620/1620/1607
f 1555/1555/1542 1620/1620/1607 1556/1556/1543
f 1556/1556/1543 1620/1620/1607 1621/1621/1608
f 1556/1556/1543 1621/1621/1608 1557/1557/1544
f 1557/1557/1544 1621/1621/1608 1622/1622/1609
f 1557/1557/1544 1622/1622/1609 1558/1558/1545
f 1558/1558/1545 1622/1622/1609 1623/1623/1610
f 1558/1558/1545 1623/1623/1610 1559/1559/1546
f 1559/1559/1546 1623/1623/1610 1624/1624/1611
f 1559/1559/1546 1624/1624/1611 1560/1560/1547
f 1560/1560/1547 1624/1624/1611 1625/1625/1612
f 1561/1561/1548 1626/1626/1613 1562/1562/1549
f 1562/1562/1549 1626/1626/1613 1627/1627/1614
f 1562/1562/1549 1627/1627/1614 1563/1563/1550
f 1563/1563/1550 1627/1627/1614 1628/1628/1615
f 1563/1563/1550 1628/1628/1615 1564/1564/1551
f 1564/1564/1551 1628/1628/1615 1629/1629/1616
f 1564/1564/1551 1629/1629/1616 1565/1565/1552
f 1565/1565/1552 1629/1629/1616 1630/1630/1617
f 1565/1565/1552 1630/1630/1617 1566/1566/1553
f 1566/1566/1553 1630/1630/1617 1631/1631/1618
f 1566/1566/1553 1631/1631/1618 1567/1567/1554
f 1567/1567/1554 1631/1631/1618 1632/1632/1619
f 1567/1567/1554 1632/1632/1619 1568/1568/1555
f 1568/1568/1555 1632/1632/1619 1633/1633/1620
f 1568/1568/1555 1633/1633/1620 1569/1569/1556
f 1569/1569/1556 1633/1633/1620 1634/1634/1621
f 1569/1569/1556 1634/1634/1621 1570/1570/1557
f 1570/1570/1557 1634/1634/1621 1635/1635/1622
f 1570/1570/1557 1635/1635/1622 1571/1571/1558
f 1571/1571/1558 1635/1635/1622 1636/1636/1623
f 1571/1571/1558 1636/1636/1623 1572/1572/1559
f 1572/1572/1559 1636/1636/1623 1637/1637/1624
f 1572/1572/1559 1637/1637/1624 1573/1573/1560
f 1573/1573/1560 1637/1637/1624 1638/1638/1625
f 1573/1573/1560 1638/1638/1625 1574/1574/1561
f 1574/1574/1561 1638/1638/1625 1639/1639/1626
f 1574/1574/1561 1639/1639/1626 1575/1575/1562
f 1575/1575/1562 1639/1639/1626 1640/1640/1627
f 1575/1575/1562 1640/1640/1627 1576/1576/1563
f 1576/1576/1563 1640/1640/1627 1641/1641/1628
f 1576/1576/1563 1641/1641/1628 1577/1577/1564
f 1577/1577/1564 1641/1641/1628 1642/1642/1629
f 1577/1577/1564 1642/1642/1629 1578/1578/1565
f 1578/1578/1565 1642/1642/1629 1643/1643/1630
f 1578/1578/1565 1643/1643/1630 1579/1579/1566
f 1579/1579/1566 1643/1643/1630 1644/1644/1631
f 1579/1579/1566 1644/1644/1631 1580/1580/1567
f 1580/1580/1567 1644/1644/1631 1645/1645/1632
f 1580/1580/1567 1645/1645/1632 1581/1581/1568
f 1581/1581/1568 1645/1645/1632 1646/1646/1633
f 1581/1581/1568 1646/1646/1633 1582/1582/1569
f 1582/1582/1569 1646/1646/1633 1647/1647/1634
f 1582/1582/1569 1647/1647/1634 1583/1583/1570
f 1583/1583/1570 1647/1647/1634 1648/1648/1635
f 1583/1583/1570 1648/1648/1635 1584/1584/1571
f 1584/1584/1571 1648/1648/1635 1649/1649/1636
f 1584/1584/1571 1649/1649/1636 1585/1585/1572
f 1585/1585/1572 1649/1649/1636 1650/1650/1637
f 1585/1585/1572 1650/1650/1637 1586/1586/1573
f 1586/1586/1573 1650/1650/1637 1651/1651/1638
f 1586/1586/1573 1651/1651/1638 1587/1587/1574
f 1587/1587/1574 1651/1651/1638 1652/1652/1639
f 1587/1587/1574 1652/1652/1639 1588/1588/1575
f 1588/1588/1575 1652/1652/1639 1653/1653/1640
f 1588/1588/1575 1653/1653/1640 1589/1589/1576
f 1589/1589/1576 1653/1653/1640 1654/1654/1641
f 1589/1589/1576 1654/1654/1641 1590/1590/1577
f 1590/1590/1577 1654/1654/1641 1655/1655/1642
f 1590/1590/1577 1655/1655/1642 1591/1591/1578
f 1591/1591/1578 1655/1655/1642 1656/1656/1643
f 1591/1591/1578 1656/1656/1643 1592/1592/1579
f 1592/1592/1579 1656/1656/1643 1657/1657/1644
f 1592/1592/1579 1657/1657/1644 1593/1593/1580
f 1593/1593/1580 1657/1657/1644 1658/1658/1645
f 1593/1593/1580 1658/1658/1645 1594/1594/1581
f 1594/1594/1581 1658/1658/1645 1659/1659/1646
f 1594/1594/1581 1659/1659/1646 1595/1595/1582
f 1595/1595/1582 1659/1659/1646 1660/1660/1647
f 1595/1595/1582 1660/1660/1647 1596/1596/1583
f 1596/1596/1583 1660/1660/1647 1661/1661/1648
f 1596/1596/1583 1661/1661/1648 1597/1597/1584
f 1597/1597/1584 1661/1661/1648 1662/1662/1649
f 1597/1597/1584 1662/1662/1649 1598/1598/1585
f 1598/1598/1585 1662/1662/1649 1663/1663/1650
f 1598/1598/1585 1663/1663/1650 1599/1599/1586
f 1599/1599/1586 1663/1663/1650 1664/1664/1651
f 1599/1599/1586 1664/1664/1651 1600/1600/1587
f 1600/1600/1587 1664/1664/1651 1665/1665/1652
f 1600/1600/1587 1665/1665/1652 1601/1601/1588
f 1601/1601/1588 1665/1665/1652 1666/1666/1653
f 1601/1601/1588 1666/1666/1653 1602/1602/1589
f 1602/1602/1589 1666/1666/1653 1667/1667/1654
f 1602/1602/1589 1667/1667/1654 1603/1603/1590
f 1603/1603/1590 1667/1667/1654 1668/1668/1655
f 1603/1603/1590 1668/1668/1655 1604/1604/1591
f 1604/1604/1591 1668/1668/1655 1669/1669/1656
f 1604/1604/1591 1669/1669/1656 1605/1605/1592
f 1605/1605/1592 1669/1669/1656 1670/1670/1657
f 1605/1605/1592 1670/1670/1657 1606/1606/1593
f 1606/1606/1593 1670/1670/1657 1671/1671/1658
f 1606/1606/1593 1671/1671/1658 1607/1607/1594
f 1607/1607/1594 1671/1671/1658 1672/1672/1659
f 1607/1607/1594 1672/1672/1659 1608/1608/1595
f 1608/1608/1595 1672/1672/1659 1673/1673/1660
f 1608/1608/1595 1673/1673/1660 1609/1609/1596
f 1609/1609/1596 1673/1673/1660 1674/1674/1661
f 1609/1609/1596 1674/1674/1661 1610/1610/1597
f 1610/1610/1597 1674/1674/1661 1675/1675/1662
f 1610/1610/1597 1675/1675/1662 1611/1611/1598
f 1611/1611/1598 1675/1675/1662 1676/1676/1663
f 1611/1611/1598 1676/1676/1663 1612/1612/1599
f 1612/1612/1599 1676/1676/1663 1677/1677/1664
f 1612/1612/1599 1677/1677/1664 1613/1613/1600
f 1613/1613/1600 1677/1677/1664 1678/1678/1665
f 1613/1613/1600 1678/1678/1665 1614/1614/1601
f 1614/1614/1601 1678/1678/1665 1679/1679/1666
f 1614/1614/1601 1679/1679/1666 1615/1615/1602
f 1615/1615/1602 1679/1679/1666 1680/1680/1667
f 1615/1615/1602 1680/1680/1667 1616/1616/1603
f 1616/1616/1603 1680/1680/1667 1681/1681/1668
f 1616/1616/1603 1681/1681/1668 1617/1617/1604
f 1617/1617/1604 1681/1681/1668 1682/1682/1669
f 1617/1617/1604 1682/1682/1669 1618/1618/1605
f 1618/1618/1605 1682/1682/1669 1683/1683/1670
f 1618/1618/1605 1683/1683/1670 1619/1619/1606
f 1619/1619/1606 1683/1683/1670 1684/1684/1671
f 1619/1619/1606 1684/1684/1671 1620/1620/1607
f 1620/1620/1607 1684/1684/1671 1685/1685/1672
f 1620/1620/1607 1685/1685/1672 1621/1621/1608
f 1621/1621/1608 1685/1685/1672 1686/1686/1673
f 1621/1621/1608 1686/1686/1673 1622/1622/1609
f 1622/1622/1609 1686/1686/1673 1687/1687/1674
f 1622/1622/1609 1687/1687/1674 1623/1623/1610
f 1623/1623/1610 1687/1687/1674 1688/1688/1675
f 1623/1623/1610 1688/1688/1675 1624/1624/1611
f 1624/1624/1611 1688/1688/1675 1689/1689/1676
f 1624/1624/1611 1689/1689/1676 1625/1625/1612
f 1625/1625/1612 1689/1689/1676 1690/1690/1677
f 1626/1626/1613 1691/1691/1678 1627/1627/1614
f 1627/1627/1614 1691/1691/1678 1692/1692/1679
f 1627/1627/1614 1692/1692/1679 1628/1628/1615
f 1628/1628/1615 1692/1692/1679 1693/1693/1680
f 1628/1628/1615 1693/1693/1680 1629/1629/1616
f 1629/1629/1616 1693/1693/1680 1694/1694/1681
f 1629/1629/1616 1694/1694/1681 1630/1630/1617
f 1630/1630/1617 1694/1694/1681 1695/1695/1682
f 1630/1630/1617 1695/1695/1682 1631/1631/1618
f 1631/1631/1618 1695/1695/1682 1696/1696/1683
f 1631/1631/1618 1696/1696/1683 1632/1632/1619
f 1632/1632/1619 1696/1696/1683 1697/1697/1684
f 1632/1632/1619 1697/1697/1684 1633/1633/1620
f 1633/1633/1620 1697/1697/1684 1698/1698/1685
f 1633/1633/1620 1698/1698/1685 1634/1634/1621
f 1634/1634/1621 1698/1698/1685 1699/1699/1686
f 1634/1634/1621 1699/1699/1686 1635/1635/1622
f 1635/1635/1622 1699/1699/1686 1700/1700/1687
f 1635/1635/1622 1700/1700/1687 1636/1636/1623
f 1636/1636/1623 1700/1700/1687 1701/1701/1688
f 1636/1636/1623 1701/1701/1688 1637/1637/1624
f 1637/1637/1624 1701/1701/1688 1702/1702/1689
f 1637/1637/1624 1702/1702/1689 1638/1638/1625
f 1638/1638/1625 1702/1702/1689 1703/1703/1690
f 1638/1638/1625 1703/1703/1690 1639/1639/1626
f 1639/1639/1626 1703/1703/1690 1704/1704/1691
f 1639/1639/1626 1704/1704/1691 1640/1640/1627
f 1640/1640/1627 1704/1704/1691 1705/1705/1692
f 1640/1640/1627 1705/1705/1692 1641/1641/1628
f 1641/1641/1628 1705/1705/1692 1706/1706/1693
f 1641/1641/1628 1706/1706/1693 1642/1642/1629
f 1642/1642/1629 1706/1706/1693 1707/1707/1694
f 1642/1642/1629 1707/1707/1694 1643/1643/1630
f 1643/1643/1630 1707/1707/1694 1708/1708/1695
f 1643/1643/1630 1708/1708/1695 1644/1644/1631
f 1644/1644/1631 1708/1708/1695 1709/1709/1696
f 1644/1644/1631 1709/1709/1696 1645/1645/1632
f 1645/1645/1632 1709/1709/1696 1710/1710/1697
f 1645/1645/1632 1710/1710/1697 1646/1646/1633
f 1646/1646/1633 1710/1710/1697 1711/1711/1698
f 1646/1646/1633 1711/1711/1698 1647/1647/1634
f 1647/1647/1634 1711/1711/1698 1712/1712/1699
f 1647/1647/1634 1712/1712/1699 1648/1648/1635
f 1648/1648/1635 1712/1712/1699 1713/1713/1700
f 1648/1648/1635 1713/1713/1700 1649/1649/1636
f 1649/1649/1636 1713/1713/1700 1714/1714/1701
f 1649/1649/1636 1714/1714/1701 1650/1650/1637
f 1650/1650/1637 1714/1714/1701 1715/1715/1702
f 1650/1650/1637 1715/1715/1702 1651/1651/1638
f 1651/1651/1638 1715/1715/1702 1716/1716/1703
f 1651/1651/1638 1716/1716/1703 1652/1652/1639
f 1652/1652/1639 1716/1716/1703 1717/1717/1704
f 1652/1652/1639 1717/1717/1704 1653/1653/1640
f 1653/1653/1640 1717/1717/1704 1718/1718/1705
f 1653/1653/1640 1718/1718/1705 1654/1654/1641
f 1654/1654/1641 1718/1718/1705 1719/1719/1706
f 1654/1654/1641 1719/1719/1706 1655/1655/1642
f 1655/1655/1642 1719/1719/1706 1720/1720/1707
f 1655/1655/1642 1720/1720/1707 1656/1656/1643
f 1656/1656/1643 1720/1720/1707 1721/1721/1708
f 1656/1656/1643 1721/1721/1708 1657/1657/1644
f 1657/1657/1644 1721/1721/1708 1722/1722/1709
f 1657/1657/1644 1722/1722/1709 1658/1658/1645
f 1658/1658/1645 1722/1722/1709 1723/1723/1710
f 1658/1658/1645 1723/1723/1710 1659/1659/1646
f 1659/1659/1646 1723/1723/1710 1724/1724/1711
f 1659/1659/1646 1724/1724/1711 1660/1660/1647
f 1660/1660/1647 1724/1724/1711 1725/1725/1712
f 1660/1660/1647 1725/1725/1712 1661/1661/1648
f 1661/1661/1648 1725/1725/1712 1726/1726/1713
f 1661/1661/1648 1726/1726/1713 1662/1662/1649
f 1662/1662/1649 1726/1726/1713 1727/1727/1714
f 1662/1662/1649 1727/1727/1714 1663/1663/1650
f 1663/1663/1650 1727/1727/1714 1728/1728/1715
f 1663/1663/1650 1728/1728/1715 1664/1664/1651
f 1664/1664/1651 1728/1728/1715 1729/1729/1716
f 1664/1664/1651 1729/1729/1716 1665/1665/1652
f 1665/1665/1652 1729/1729/1716 1730/1730/1717
f 1665/1665/1652 1730/1730/1717 1666/1666/1653
f 1666/1666/1653 1730/1730/1717 1731/1731/1718
f 1666/1666/1653 1731/1731/1718 1667/1667/1654
f 1667/1667/1654 1731/1731/1718 1732/1732/1719
f 1667/1667/1654 1732/1732/1719 1668/1668/1655
f 1668/1668/1655 1732/1732/1719 1733/1733/1720
f 1668/1668/1655 1733/1733/1720 1669/1669/1656
f 1669/1669/1656 1733/1733/1720 1734/1734/1721
f 1669/1669/1656 1734/1734/1721 1670/1670/1657
f 1670/1670/1657 1734/1734/1721 1735/1735/1722
f 1670/1670/1657 1735/1735/1722 1671/1671/1658
f 1671/1671/1658 1735/1735/1722 1736/1736/1723
f 1671/1671/1658 1736/1736/1723 1672/1672/1659
f 1672/1672/1659 1736/1736/1723 1737/1737/1724
f 1672/1672/1659 1737/1737/1724 1673/1673/1660
f 1673/1673/1660 1737/1737/1724 1738/1738/1725
f 1673/1673/1660 1738/1738/1725 1674/1674/1661
f 1674/1674/1661 1738/1738/1725 1739/1739/1726
f 1674/1674/1661 1739/1739/1726 1675/1675/1662
f 1675/1675/1662 1739/1739/1726 1740/1740/1727
f 1675/1675/1662 1740/1740/1727 1676/1676/1663
f 1676/1676/1663 1740/1740/1727 1741/1741/1728
f 1676/1676/1663 1741/1741/1728 1677/1677/1664
f 1677/1677/1664 1741/1741/1728 1742/1742/1729
f 1677/1677/1664 1742/1742/1729 1678/1678/1665
f 1678/1678/1665 1742/1742/1729 1743/1743/1730
f 1678/1678/1665 1743/1743/1730 1679/1679/1666
f 1679/1679/1666 1743/1743/1730 1744/1744/1731
f 1679/1679/1666 1744/1744/1731 1680/1680/1667
f 1680/1680/1667 1744/1744/1731 1745/1745/1732
f 1680/1680/1667 1745/1745/1732 1681/1681/1668
f 1681/1681/1668 1745/1745/1732 1746/1746/1733
f 1681/1681/1668 1746/1746/1733 1682/1682/1669
f 1682/1682/1669 1746/1746/1733 1747/1747/1734
f 1682/1682/1669 1747/1747/1734 1683/1683/1670
f 1683/1683/1670 1747/1747/1734 1748/1748/1735
f 1683/1683/1670 1748/1748/1735 1684/1684/1671
f 1684/1684/1671 1748/1748/1735 1749/1749/1736
f 1684/1684/1671 1749/1749/1736 1685/1685/1672
f 1685/1685/1672 1749/1749/1736 1750/1750/1737
f 1685/1685/1672 1750/1750/1737 1686/1686/1673
f 1686/1686/1673 1750/1750/1737 1751/1751/1738
f 1686/1686/1673 1751/1751/1738 1687/1687/1674
f 1687/1687/1674 1751/1751/1738 1752/1752/1739
f 1687/1687/1674 1752/1752/1739 1688/1688/1675
f 1688/1688/1675 1752/1752/1739 1753/1753/1740
f 1688/1688/1675 1753/1753/1740 1689/1689/1676
f 1689/1689/1676 1753/1753/1740 1754/1754/1741
f 1689/1689/1676 1754/1754/1741 1690/1690/1677
f 1690/1690/1677 1754/1754/1741 1755/1755/1742
f 1691/1691/1678 1756/1756/1743 1692/1692/1679
f 1692/1692/1679 1756/1756/1743 1757/1757/1744
f 1692/1692/1679 1757/1757/1744 1693/1693/1680
f 1693/1693/1680 1757/1757/1744 1758/1758/1745
f 1693/1693/1680 1758/1758/1745 1694/1694/1681
f 1694/1694/1681 1758/1758/1745 1759/1759/1746
f 1694/1694/1681 1759/1759/1746 1695/1695/1682
f 1695/1695/1682 1759/1759/1746 1760/1760/1747
f 1695/1695/1682 1760/1760/1747 1696/1696/1683
f 1696/1696/1683 1760/1760/1747 1761/1761/1748
f 1696/1696/1683 1761/1761/1748 1697/1697/1684
f 1697/1697/1684 1761/1761/1748 1762/1762/1749
f 1697/1697/1684 1762/1762/1749 1698/1698/1685
f 1698/1698/1685 1762/1762/1749 1763/1763/1750
f 1698/1698/1685 1763/1763/1750 1699/1699/1686
f 1699/1699/1686 1763/1763/1750 1764/1764/1751
f 1699/1699/1686 1764/1764/1751 1700/1700/1687
f 1700/1700/1687 1764/1764/1751 1765/1765/1752
f 1700/1700/1687 1765/1765/1752 1701/1701/1688
f 1701/1701/1688 1765/1765/1752 1766/1766/1753
f 1701/1701/1688 1766/1766/1753 1702/1702/1689
f 1702/1702/1689 1766/1766/1753 1767/1767/1754
f 1702/1702/1689 1767/1767/1754 1703/1703/1690
f 1703/1703/1690 1767/1767/1754 1768/1768/1755
f 1703/1703/1690 1768/1768/1755 1704/1704/1691
f 1704/1704/1691 1768/1768/1755 1769/1769/1756
f 1704/1704/1691 1769/1769/1756 1705/1705/1692
f 1705/1705/1692 1769/1769/1756 1770/1770/1757
f 1705/1705/1692 1770/1770/1757 1706/1706/1693
f 1706/1706/1693 1770/1770/1757 1771/1771/1758
f 1706/1706/1693 1771/1771/1758 1707/1707/1694
f 1707/1707/1694 1771/1771/1758 1772/1772/1759
f 1707/1707/1694 1772/1772/1759 1708/1708/1695
f 1708/1708/1695 1772/1772/1759 1773/1773/1760
f 1708/1708/1695 1773/1773/1760 1709/1709/1696
f 1709/1709/1696 1773/1773/1760 1774/1774/1761
f 1709/1709/1696 1774/1774/1761 1710/1710/1697
f 1710/1710/1697 1774/1774/1761 1775/1775/1762
f 1710/1710/1697 1775/1775/1762 1711/1711/1698
f 1711/1711/1698 1775/1775/1762 1776/1776/1763
f 1711/1711/1698 1776/1776/1763 1712/1712/1699
f 1712/1712/1699 1776/1776/1763 1777/1777/1764
f 1712/1712/1699 1777/1777/1764 1713/1713/1700
f 1713/1713/1700 1777/1777/1764 1778/1778/1765
f 1713/1713/1700 1778/1778/1765 1714/1714/1701
f 1714/1714/1701 1778/1778/1765 1779/1779/1766
f 1714/1714/1701 1779/1779/1766 1715/1715/1702
f 1715/1715/1702 1779/1779/1766 1780/1780/1767
f 1715/1715/1702 1780/1780/1767 1716/1716/1703
f 1716/1716/1703 1780/1780/1767 1781/1781/1768
f 1716/1716/1703 1781/1781/1768 1717/1717/1704
f 1717/1717/1704 1781/1781/1768 1782/1782/1769
f 1717/1717/1704 1782/1782/1769 1718/1718/1705
f 1718/1718/1705 1782/1782/1769 1783/1783/1770
f 1718/1718/1705 1783/1783/1770 1719/1719/1706
f 1719/1719/1706 1783/1783/1770 1784/1784/1771
f 1719/1719/1706 1784/1784/1771 1720/1720/1707
f 1720/1720/1707 1784/1784/1771 1785/1785/1772
f 1720/1720/1707 1785/1785/1772 1721/1721/1708
f 1721/1721/1708 1785/1785/1772 1786/1786/1773
f 1721/1721/1708 1786/1786/1773 1722/1722/1709
f 1722/1722/1709 1786/1786/1773 1787/1787/1774
f 1722/1722/1709 1787/1787/1774 1723/1723/1710
f 1723/1723/1710 1787/1787/1774 1788/1788/1775
f 1723/1723/1710 1788/1788/1775 1724/1724/1711
f 1724/1724/1711 1788/1788/1775 1789/1789/1776
f 1724/1724/1711 1789/1789/1776 1725/1725/1712
f 1725/1725/1712 1789/1789/1776 1790/1790/1777
f 1725/1725/1712 1790/1790/1777 1726/1726/1713
f 1726/1726/1713 1790/1790/1777 1791/1791/1778
f 1726/1726/1713 1791/1791/1778 1727/1727/1714
f 1727/1727/1714 1791/1791/1778 1792/1792/1779
f 1727/1727/1714 1792/1792/1779 1728/1728/1715
f 1728/1728/1715 1792/1792/1779 1793/1793/1780
f 1728/1728/1715 1793/1793/1780 1729/1729/1716
f 1729/1729/1716 1793/1793/1780 1794/1794/1781
f 1729/1729/1716 1794/1794/1781 1730/1730/1717
f 1730/1730/1717 1794/1794/1781 1795/1795/1782
f 1730/1730/1717 1795/1795/1782 1731/1731/1718
f 1731/1731/1718 1795/1795/1782 1796/1796/1783
f 1731/1731/1718 1796/1796/1783 1732/1732/1719
f 1732/1732/1719 1796/1796/1783 1797/1797/1784
f 1732/1732/1719 1797/1797/1784 1733/1733/1720
f 1733/1733/1720 1797/1797/1784 1798/1798/1785
f 1733/1733/1720 1798/1798/1785 1734/1734/1721
f 1734/1734/1721 1798/1798/1785 1799/1799/1786
f 1734/1734/1721 1799/1799/1786 1735/1735/1722
f 1735/1735/1722 1799/1799/1786 1800/1800/1787
f 1735/1735/1722 1800/1800/1787 1736/1736/1723
f 1736/1736/1723 1800/1800/1787 1801/1801/1788
f 1736/1736/1723 1801/1801/1788 1737/1737/1724
f 1737/1737/1724 1801/1801/1788 1802/1802/1789
f 1737/1737/1724 1802/1802/1789 1738/1738/1725
f 1738/1738/1725 1802/1802/1789 1803/1803/1790
f 1738/1738/1725 1803/1803/1790 1739/1739/1726
f 1739/1739/1726 1803/1803/1790 1804/1804/1791
f 1739/1739/1726 1804/1804/1791 1740/1740/1727
f 1740/1740/1727 1804/1804/1791 1805/1805/1792
f 1740/1740/1727 1805/1805/1792 1741/1741/1728
f 1741/1741/1728 1805/1805/1792 1806/1806/1793
f 1741/1741/1728 1806/1806/1793 1742/1742/1729
f 1742/1742/1729 1806/1806/1793 1807/1807/1794
f 1742/1742/1729 1807/1807/1794 1743/1743/1730
f 1743/1743/1730 1807/1807/1794 1808/1808/1795
f 1743/1743/1730 1808/1808/1795 1744/1744/1731
f 1744/1744/1731 1808/1808/1795 1809/1809/1796
f 1744/1744/1731 1809/1809/1796 1745/1745/1732
f 1745/1745/1732 1809/1809/1796 1810/1810/1797
f 1745/1745/1732 1810/1810/1797 1746/1746/1733
f 1746/1746/1733 1810/1810/1797 1811/1811/1798
f 1746/1746/1733 1811/1811/1798 1747/1747/1734
f 1747/1747/1734 1811/1811/1798 1812/1812/1799
f 1747/1747/1734 1812/1812/1799 1748/1748/1735
f 1748/1748/1735 1812/1812/1799 1813/1813/1800
f 1748/1748/1735 1813/1813/1800 1749/1749/1736
f 1749/1749/1736 1813/1813/1800 1814/1814/1801
f 1749/1749/1736 1814/1814/1801 1750/1750/1737
f 1750/1750/1737 1814/1814/1801 1815/1815/1802
f 1750/1750/1737 1815/1815/1802 1751/1751/1738
f 1751/1751/1738 1815/1815/1802 1816/1816/1803
f 1751/1751/1738 1816/1816/1803 1752/1752/1739
f 1752/1752/1739 1816/1816/1803 1817/1817/1804
f 1752/1752/1739 1817/1817/1804 1753/1753/1740
f 1753/1753/1740 1817/1817/1804 1818/1818/1805
f 1753/1753/1740 1818/1818/1805 1754/1754/1741
f 1754/1754/1741 1818/1818/1805 1819/1819/1806
f 1754/1754/1741 1819/1819/1806 1755/1755/1742
f 1755/1755/1742 1819/1819/1806 1820/1820/1807
f 1756/1756/1743 1821/1821/1808 1757/1757/1744
f 1757/1757/1744 1821/1821/1808 1822/1822/1809
f 1757/1757/1744 1822/1822/1809 1758/1758/1745
f 1758/1758/1745 1822/1822/1809 1823/1823/1810
f 1758/1758/1745 1823/1823/1810 1759/1759/1746
f 1759/1759/1746 1823/1823/1810 1824/1824/1811
f 1759/1759/1746 1824/1824/1811 1760/1760/1747
f 1760/1760/1747 1824/1824/1811 1825/1825/1812
f 1760/1760/1747 1825/1825/1812 1761/1761/1748
f 1761/1761/1748 1825/1825/1812 1826/1826/1813
f 1761/1761/1748 1826/1826/1813 1762/1762/1749
f 1762/1762/1749 1826/1826/1813 1827/1827/1814
f 1762/1762/1749 1827/1827/1814 1763/1763/1750
f 1763/1763/1750 1827/1827/1814 1828/1828/1815
f 1763/1763/1750 1828/1828/1815 1764/1764/1751
f 1764/1764/1751 1828/1828/1815 1829/1829/1816
f 1764/1764/1751 1829/1829/1816 1765/1765/1752
f 1765/1765/1752 1829/1829/1816 1830/1830/1817
f 1765/1765/1752 1830/1830/1817 1766/1766/1753
f 1766/1766/1753 1830/1830/1817 1831/1831/1818
f 1766/1766/1753 1831/1831/1818 1767/1767/1754
f 1767/1767/1754 1831/1831/1818 1832/1832/1819
f 1767/1767/1754 1832/1832/1819 1768/1768/1755
f 1768/1768/1755 1832/1832/1819 1833/1833/1820
f 1768/1768/1755 1833/1833/1820 1769/1769/1756
f 1769/1769/1756 1833/1833/1820 1834/1834/1821
f 1769/1769/1756 1834/1834/1821 1770/1770/1757
f 1770/1770/1757 1834/1834/1821 1835/1835/1822
f 1770/1770/1757 1835/1835/1822 1771/1771/1758
f 1771/1771/1758 1835/1835/1822 1836/1836/1823
f 1771/1771/1758 1836/1836/1823 1772/1772/1759
f 1772/1772/1759 1836/1836/1823 1837/1837/1824
f 1772/1772/1759 1837/1837/1824 1773/1773/1760
f 1773/1773/1760 1837/1837/1824 1838/1838/1825
f 1773/1773/1760 1838/1838/1825 1774/1774/1761
f 1774/1774/1761 1838/1838/1825 1839/1839/1826
f 1774/1774/1761 1839/1839/1826 1775/1775/1762
f 1775/1775/1762 1839/1839/1826 1840/1840/1827
f 1775/1775/1762 1840/1840/1827 1776/1776/1763
f 1776/1776/1763 1840/1840/1827 1841/1841/1828
f 1776/1776/1763 1841/1841/1828 1777/1777/1764
f 1777/1777/1764 1841/1841/1828 1842/1842/1829
f 1777/1777/1764 1842/1842/1829 1778/1778/1765
f 1778/1778/1765 1842/1842/1829 1843/1843/1830
f 1778/1778/1765 1843/1843/1830 1779/1779/1766
f 1779/1779/1766 1843/1843/1830 1844/1844/1831
f 1779/1779/1766 1844/1844/1831 1780/1780/1767
f 1780/1780/1767 1844/1844/1831 1845/1845/1832
f 1780/1780/1767 1845/1845/1832 1781/1781/1768
f 1781/1781/1768 1845/1845/1832 1846/1846/1833
f 1781/1781/1768 1846/1846/1833 1782/1782/1769
f 1782/1782/1769 1846/1846/1833 1847/1847/1834
f 1782/1782/1769 1847/1847/1834 1783/1783/1770
f 1783/1783/1770 1847/1847/1834 1848/1848/1835
f 1783/1783/1770 1848/1848/1835 1784/1784/1771
f 1784/1784/1771 1848/1848/1835 1849/1849/1836
f 1784/1784/1771 1849/1849/1836 1785/1785/1772
f 1785/1785/1772 1849/1849/1836 1850/1850/1837
f 1785/1785/1772 1850/1850/1837 1786/1786/1773
f 1786/1786/1773 1850/1850/1837 1851/1851/1838
f 1786/1786/1773 1851/1851/1838 1787/1787/1774
f 1787/1787/1774 1851/1851/1838 1852/1852/1839
f 1787/1787/1774 1852/1852/1839 1788/1788/1775
f 1788/1788/1775 1852/1852/1839 1853/1853/1840
f 1788/1788/1775 1853/1853/1840 1789/1789/1776
f 1789/1789/1776 1853/1853/1840 1854/1854/1841
f 1789/1789/1776 1854/1854/1841 1790/1790/1777
f 1790/1790/1777 1854/1854/1841 1855/1855/1842
f 1790/1790/1777 1855/1855/1842 1791/1791/1778
f 1791/1791/1778 1855/1855/1842 1856/1856/1843
f 1791/1791/1778 1856/1856/1843 1792/1792/1779
f 1792/1792/1779 1856/1856/1843 1857/1857/1844
f 1792/1792/1779 1857/1857/1844 1793/1793/1780
f 1793/1793/1780 1857/1857/1844 1858/1858/1845
f 1793/1793/1780 1858/1858/1845 1794/1794/1781
f 1794/1794/1781 1858/1858/1845 1859/1859/1846
f 1794/1794/1781 1859/1859/1846 1795/1795/1782
f 1795/1795/1782 1859/1859/1846 1860/1860/1847
f 1795/1795/1782 1860/1860/1847 1796/1796/1783
f 1796/1796/1783 1860/1860/1847 1861/1861/1848
f 1796/1796/1783 1861/1861/1848 1797/1797/1784
f 1797/1797/1784 1861/1861/1848 1862/1862/1849
f 1797/1797/1784 1862/1862/1849 1798/1798/1785
f 1798/1798/1785 1862/1862/1849 1863/1863/1850
f 1798/1798/1785 1863/1863/1850 1799/1799/1786
f 1799/1799/1786 1863/1863/1850 1864/1864/1851
f 1799/1799/1786 1864/1864/1851 1800/1800/1787
f 1800/1800/1787 1864/1864/1851 1865/1865/1852
f 1800/1800/1787 1865/1865/1852 1801/1801/1788
f 1801/1801/1788 1865/1865/1852 1866/1866/1853
f 1801/1801/1788 1866/1866/1853 1802/1802/1789
f 1802/1802/1789 1866/1866/1853 1867/1867/1854
f 1802/1802/1789 1867/1867/1854 1803/1803/1790
f 1803/1803/1790 1867/1867/1854 1868/1868/1855
f 1803/1803/1790 1868/1868/1855 1804/1804/1791
f 1804/1804/1791 1868/1868/1855 1869/1869/1856
f 1804/1804/1791 1869/1869/1856 1805/1805/1792
f 1805/1805/1792 1869/1869/1856 1870/1870/1857
f 1805/1805/1792 1870/1870/1857 1806/1806/1793
f 1806/1806/1793 1870/1870/1857 1871/1871/1858
f 1806/1806/1793 1871/1871/1858 1807/1807/1794
f 1807/1807/1794 1871/1871/1858 1872/1872/1859
f 1807/1807/1794 1872/1872/1859 1808/1808/1795
f 1808/1808/1795 1872/1872/1859 1873/1873/1860
f 1808/1808/1795 1873/1873/1860 1809/1809/1796
f 1809/1809/1796 1873/1873/1860 1874/1874/1861
f 1809/1809/1796 1874/1874/1861 1810/1810/1797
f 1810/1810/1797 1874/1874/1861 1875/1875/1862
f 1810/1810/1797 1875/1875/1862 1811/1811/1798
f 1811/1811/1798 1875/1875/1862 1876/1876/1863
f 1811/1811/1798 1876/1876/1863 1812/1812/1799
f 1812/1812/1799 1876/1876/1863 1877/1877/1864
f 1812/1812/1799 1877/1877/1864 1813/1813/1800
f 1813/1813/1800 1877/1877/1864 1878/1878/1865
f 1813/1813/1800 1878/1878/1865 1814/1814/1801
f 1814/1814/1801 1878/1878/1865 1879/1879/1866
f 1814/1814/1801 1879/1879/1866 1815/1815/1802
f 1815/1815/1802 1879/1879/1866 1880/1880/1867
f 1815/1815/1802 1880/1880/1867 1816/1816/1803
f 1816/1816/1803 1880/1880/1867 1881/1881/1868
f 1816/1816/1803 1881/1881/1868 1817/1817/1804
f 1817/1817/1804 1881/1881/1868 1882/1882/1869
f 1817/1817/1804 1882/1882/1869 1818/1818/1805
f 1818/1818/1805 1882/1882/1869 1883/1883/1870
f 1818/1818/1805 1883/1883/1870 1819/1819/1806
f 1819/1819/1806 1883/1883/1870 1884/1884/1871
f 1819/1819/1806 1884/1884/1871 1820/1820/1807
f 1820/1820/1807 1884/1884/1871 1885/1885/1872
f 1821/1821/1808 1886/1886/1873 1822/1822/1809
f 1822/1822/1809 1886/1886/1873 1887/1887/1874
f 1822/1822/1809 1887/1887/1874 1823/1823/1810
f 1823/1823/1810 1887/1887/1874 1888/1888/1875
f 1823/1823/1810 1888/1888/1875 1824/1824/1811
f 1824/1824/1811 1888/1888/1875 1889/1889/1876
f 1824/1824/1811 1889/1889/1876 1825/1825/1812
f 1825/1825/1812 1889/1889/1876 1890/1890/1877
f 1825/1825/1812 1890/1890/1877 1826/1826/1813
f 1826/1826/1813 1890/1890/1877 1891/1891/1878
f 1826/1826/1813 1891/1891/1878 1827/1827/1814
f 1827/1827/1814 1891/1891/1878 1892/1892/1879
f 1827/1827/1814 1892/1892/1879 1828/1828/1815
f 1828/1828/1815 1892/1892/1879 1893/1893/1880
f 1828/1828/1815 1893/1893/1880 1829/1829/1816
f 1829/1829/1816 1893/1893/1880 1894/1894/1881
f 1829/1829/1816 1894/1894/1881 1830/1830/1817
f 1830/1830/1817 1894/1894/1881 1895/1895/1882
f 1830/1830/1817 1895/1895/1882 1831/1831/1818
f 1831/1831/1818 1895/1895/1882 1896/1896/1883
f 1831/1831/1818 1896/1896/1883 1832/1832/1819
f 1832/1832/1819 1896/1896/1883 1897/1897/1884
f 1832/1832/1819 1897/1897/1884 1833/1833/1820
f 1833/1833/1820 1897/1897/1884 1898/1898/1885
f 1833/1833/1820 1898/1898/1885 1834/1834/1821
f 1834/1834/1821 1898/1898/1885 1899/1899/1886
f 1834/1834/1821 1899/1899/1886 1835/1835/1822
f 1835/1835/1822 1899/1899/1886 1900/1900/1887
f 1835/1835/1822 1900/1900/1887 1836/1836/1823
f 1836/1836/1823 1900/1900/1887 1901/1901/1888
f 1836/1836/1823 1901/1901/1888 1837/1837/1824
f 1837/1837/1824 1901/1901/1888 1902/1902/1889
f 1837/1837/1824 1902/1902/1889 1838/1838/1825
f 1838/1838/1825 1902/1902/1889 1903/1903/1890
f 1838/1838/1825 1903/1903/1890 1839/1839/1826
f 1839/1839/1826 1903/1903/1890 1904/1904/1891
f 1839/1839/1826 1904/1904/1891 1840/1840/1827
f 1840/1840/1827 1904/1904/1891 1905/1905/1892
f 1840/1840/1827 1905/1905/1892 1841/1841/1828
f 1841/1841/1828 1905/1905/1892 1906/1906/1893
f 1841/1841/1828 1906/1906/1893 1842/1842/1829
f 1842/1842/1829 1906/1906/1893 1907/1907/1894
f 1842/1842/1829 1907/1907/1894 1843/1843/1830
f 1843/1843/1830 1907/1907/1894 1908/1908/1895
f 1843/1843/1830 1908/1908/1895 1844/1844/1831
f 1844/1844/1831 1908/1908/1895 1909/1909/1896
f 1844/1844/1831 1909/1909/1896 1845/1845/1832
f 1845/1845/1832 1909/1909/1896 1910/1910/1897
f 1845/1845/1832 1910/1910/1897 1846/1846/1833
f 1846/1846/1833 1910/1910/1897 1911/1911/1898
f 1846/1846/1833 1911/1911/1898 1847/1847/1834
f 1847/1847/1834 1911/1911/1898 1912/1912/1899
f 1847/1847/1834 1912/1912/1899 1848/1848/1835
f 1848/1848/1835 1912/1912/1899 1913/1913/1900
f 1848/1848/1835 1913/1913/1900 1849/1849/1836
f 1849/1849/1836 1913/1913/1900 1914/1914/1901
f 1849/1849/1836 1914/1914/1901 1850/1850/1837
f 1850/1850/1837 1914/1914/1901 1915/1915/1902
f 1850/1850/1837 1915/1915/1902 1851/1851/1838
f 1851/1851/1838 1915/1915/1902 1916/1916/1903
f 1851/1851/1838 1916/1916/1903 1852/1852/1839
f 1852/1852/1839 1916/1916/1903 1917/1917/1904
f 1852/1852/1839 1917/1917/1904 1853/1853/1840
f 1853/1853/1840 1917/1917/1904 1918/1918/1905
f 1853/1853/1840 1918/1918/1905 1854/1854/1841
f 1854/1854/1841 1918/1918/1905 1919/1919/1906
f 1854/1854/1841 1919/1919/1906 1855/1855/1842
f 1855/1855/1842 1919/1919/1906 1920/1920/1907
f 1855/1855/1842 1920/1920/1907 1856/1856/1843
f 1856/1856/1843 1920/1920/1907 1921/1921/1908
f 1856/1856/1843 1921/1921/1908 1857/1857/1844
f 1857/1857/1844 1921/1921/1908 1922/1922/1909
f 1857/1857/1844 1922/1922/1909 1858/1858/1845
f 1858/1858/1845 1922/1922/1909 1923/1923/1910
f 1858/1858/1845 1923/1923/1910 1859/1859/1846
f 1859/1859/1846 1923/1923/1910 1924/1924/1911
f 1859/1859/1846 1924/1924/1911 1860/1860/1847
f 1860/1860/1847 1924/1924/1911 1925/1925/1912
f 1860/1860/1847 1925/1925/1912 1861/1861/1848
f 1861/1861/1848 1925/1925/1912 1926/1926/1913
f 1861/1861/1848 1926/1926/1913 1862/1862/1849
f 1862/1862/1849 1926/1926/1913 1927/1927/1914
f 1862/1862/1849 1927/1927/1914 1863/1863/1850
f 1863/1863/1850 1927/1927/1914 1928/1928/1915
f 1863/1863/1850 1928/1928/1915 1864/1864/1851
f 1864/1864/1851 1928/1928/1915 1929/1929/1916
f 1864/1864/1851 1929/1929/1916 1865/1865/1852
f 1865/1865/1852 1929/1929/1916 1930/1930/1917
f 1865/1865/1852 1930/1930/1917 1866/1866/1853
f 1866/1866/1853 1930/1930/1917 1931/1931/1918
f 1866/1866/1853 1931/1931/1918 1867/1867/1854
f 1867/1867/1854 1931/1931/1918 1932/1932/1919
f 1867/1867/1854 1932/1932/1919 1868/1868/1855
f 1868/1868/1855 1932/1932/1919 1933/1933/1920
f 1868/1868/1855 1933/1933/1920 1869/1869/1856
f 1869/1869/1856 1933/1933/1920 1934/1934/1921
f 1869/1869/1856 1934/1934/1921 1870/1870/1857
f 1870/1870/1857 1934/1934/1921 1935/1935/1922
f 1870/1870/1857 1935/1935/1922 1871/1871/1858
f 1871/1871/1858 1935/1935/1922 1936/1936/1923
f 1871/1871/1858 1936/1936/1923 1872/1872/1859
f 1872/1872/1859 1936/1936/1923 1937/1937/1924
f 1872/1872/1859 1937/1937/1924 1873/1873/1860
f 1873/1873/1860 1937/1937/1924 1938/1938/1925
f 1873/1873/1860 1938/1938/1925 1874/1874/1861
f 1874/1874/1861 1938/1938/1925 1939/1939/1926
f 1874/1874/1861 1939/1939/1926 1875/1875/1862
f 1875/1875/1862 1939/1939/1926 1940/1940/1927
f 1875/1875/1862 1940/1940/1927 1876/1876/1863
f 1876/1876/1863 1940/1940/1927 1941/1941/1928
f 1876/1876/1863 1941/1941/1928 1877/1877/1864
f 1877/1877/1864 1941/1941/1928 1942/1942/1929
f 1877/1877/1864 1942/1942/1929 1878/1878/1865
f 1878/1878/1865 1942/1942/1929 1943/1943/1930
f 1878/1878/1865 1943/1943/1930 1879/1879/1866
f 1879/1879/1866 1943/1943/1930 1944/1944/1931
f 1879/1879/1866 1944/1944/1931 1880/1880/1867
f 1880/1880/1867 1944/1944/1931 1945/1945/1932
f 1880/1880/1867 1945/1945/1932 1881/1881/1868
f 1881/1881/1868 1945/1945/1932 1946/1946/1933
f 1881/1881/1868 1946/1946/1933 1882/1882/1869
f 1882/1882/1869 1946/1946/1933 1947/1947/1934
f 1882/1882/1869 1947/1947/1934 1883/1883/1870
f 1883/1883/1870 1947/1947/1934 1948/1948/1935
f 1883/1883/1870 1948/1948/1935 1884/1884/1871
f 1884/1884/1871 1948/1948/1935 1949/1949/1936
f 1884/1884/1871 1949/1949/1936 1885/1885/1872
f 1885/1885/1872 1949/1949/1936 1950/1950/1937
f 1886/1886/1873 1951/1951/1938 1887/1887/1874
f 1887/1887/1874 1951/1951/1938 1952/1952/1939
f 1887/1887/1874 1952/1952/1939 1888/1888/1875
f 1888/1888/1875 1952/1952/1939 1953/1953/1940
f 1888/1888/1875 1953/1953/1940 1889/1889/1876
f 1889/1889/1876 1953/1953/1940 1954/1954/1941
f 1889/1889/1876 1954/1954/1941 1890/1890/1877
f 1890/1890/1877 1954/1954/1941 1955/1955/1942
f 1890/1890/1877 1955/1955/1942 1891/1891/1878
f 1891/1891/1878 1955/1955/1942 1956/1956/1943
f 1891/1891/1878 1956/1956/1943 1892/1892/1879
f 1892/1892/1879 1956/1956/1943 1957/1957/1944
f 1892/1892/1879 1957/1957/1944 1893/1893/1880
f 1893/1893/1880 1957/1957/1944 1958/1958/1945
f 1893/1893/1880 1958/1958/1945 1894/1894/1881
f 1894/1894/1881 1958/1958/1945 1959/1959/1946
f 1894/1894/1881 1959/1959/1946 1895/1895/1882
f 1895/1895/1882 1959/1959/1946 1960/1960/1947
f 1895/1895/1882 1960/1960/1947 1896/1896/1883
f 1896/1896/1883 1960/1960/1947 1961/1961/1948
f 1896/1896/1883 1961/1961/1948 1897/1897/1884
f 1897/1897/1884 1961/1961/1948 1962/1962/1949
f 1897/1897/1884 1962/1962/1949 1898/1898/1885
f 1898/1898/1885 1962/1962/1949 1963/1963/1950
f 1898/1898/1885 1963/1963/1950 1899/1899/1886
f 1899/1899/1886 1963/1963/1950 1964/1964/1951
f 1899/1899/1886 1964/1964/1951 1900/1900/1887
f 1900/1900/1887 1964/1964/1951 1965/1965/1952
f 1900/1900/1887 1965/1965/1952 1901/1901/1888
f 1901/1901/1888 1965/1965/1952 1966/1966/1953
f 1901/1901/1888 1966/1966/1953 1902/1902/1889
f 1902/1902/1889 1966/1966/1953 1967/1967/1954
f 1902/1902/1889 1967/1967/1954 1903/1903/1890
f 1903/1903/1890 1967/1967/1954 1968/1968/1955
f 1903/1903/1890 1968/1968/1955 1904/1904/1891
f 1904/1904/1891 1968/1968/1955 1969/1969/1956
f 1904/1904/1891 1969/1969/1956 1905/1905/1892
f 1905/1905/1892 1969/1969/1956 1970/1970/1957
f 1905/1905/1892 1970/1970/1957 1906/1906/1893
f 1906/1906/1893 1970/1970/1957 1971/1971/1958
f 1906/1906/1893 1971/1971/1958 1907/1907/1894
f 1907/1907/1894 1971/1971/1958 1972/1972/1959
f 1907/1907/1894 1972/1972/1959 1908/1908/1895
f 1908/1908/1895 1972/1972/1959 1973/1973/1960
f 1908/1908/1895 1973/1973/1960 1909/1909/1896
f 1909/1909/1896 1973/1973/1960 1974/1974/1961
f 1909/1909/1896 1974/1974/1961 1910/1910/1897
f 1910/1910/1897 1974/1974/1961 1975/1975/1962
f 1910/1910/1897 1975/1975/1962 1911/1911/1898
f 1911/1911/1898 1975/1975/1962 1976/1976/1963
f 1911/1911/1898 1976/1976/1963 1912/1912/1899
f 1912/1912/1899 1976/1976/1963 1977/1977/1964
f 1912/1912/1899 1977/1977/1964 1913/1913/1900
f 1913/1913/1900 1977/1977/1964 1978/1978/1965
f 1913/1913/1900 1978/1978/1965 1914/1914/1901
f 1914/1914/1901 1978/1978/1965 1979/1979/1966
f 1914/1914/1901 1979/1979/1966 1915/1915/1902
f 1915/1915/1902 1979/1979/1966 1980/1980/1967
f 1915/1915/1902 1980/1980/1967 1916/1916/1903
f 1916/1916/1903 1980/1980/1967 1981/1981/1968
f 1916/1916/1903 1981/1981/1968 1917/1917/1904
f 1917/1917/1904 1981/1981/1968 1982/1982/1969
f 1917/1917/1904 1982/1982/1969 1918/1918/1905
f 1918/1918/1905 1982/1982/1969 1983/1983/1970
f 1918/1918/1905 1983/1983/1970 1919/1919/1906
f 1919/1919/1906 1983/1983/1970 1984/1984/1971
f 1919/1919/1906 1984/1984/1971 1920/1920/1907
f 1920/1920/1907 1984/1984/1971 1985/1985/1972
f 1920/1920/1907 1985/1985/1972 1921/1921/1908
f 1921/1921/1908 1985/1985/1972 1986/1986/1973
f 1921/1921/1908 1986/1986/1973 1922/1922/1909
f 1922/1922/1909 1986/1986/1973 1987/1987/1974
f 1922/1922/1909 1987/1987/1974 1923/1923/1910
f 1923/1923/1910 1987/1987/1974 1988/1988/1975
f 1923/1923/1910 1988/1988/1975 1924/1924/1911
f 1924/1924/1911 1988/1988/1975 1989/1989/1976
f 1924/1924/1911 1989/1989/1976 1925/1925/1912
f 1925/1925/1912 1989/1989/1976 1990/1990/1977
f 1925/1925/1912 1990/1990/1977 1926/1926/1913
f 1926/1926/1913 1990/1990/1977 1991/1991/1978
f 1926/1926/1913 1991/1991/1978 1927/1927/1914
f 1927/1927/1914 1991/1991/1978 1992/1992/1979
f 1927/1927/1914 1992/1992/1979 1928/1928/1915
f 1928/1928/1915 1992/1992/1979 1993/1993/1980
f 1928/1928/1915 1993/1993/1980 1929/1929/1916
f 1929/1929/1916 1993/1993/1980 1994/1994/1981
f 1929/1929/1916 1994/1994/1981 1930/1930/1917
f 1930/1930/1917 1994/1994/1981 1995/1995/1982
f 1930/1930/1917 1995/1995/1982 1931/1931/1918
f 1931/1931/1918 1995/1995/1982 1996/1996/1983
f 1931/1931/1918 1996/1996/1983 1932/1932/1919
f 1932/1932/1919 1996/1996/1983 1997/1997/1984
f 1932/1932/1919 1997/1997/1984 1933/1933/1920
f 1933/1933/1920 1997/1997/1984 1998/1998/1985
f 1933/1933/1920 1998/1998/1985 1934/1934/1921
f 1934/1934/1921 1998/1998/1985 1999/1999/1986
f 1934/1934/1921 1999/1999/1986 1935/1935/1922
f 1935/1935/1922 1999/1999/1986 2000/2000/1987
f 1935/1935/1922 2000/2000/1987 1936/1936/1923
f 1936/1936/1923 2000/2000/1987 2001/2001/1988
f 1936/1936/1923 2001/2001/1988 1937/1937/1924
f 1937/1937/1924 2001/2001/1988 2002/2002/1989
f 1937/1937/1924 2002/2002/1989 1938/1938/1925
f 1938/1938/1925 2002/2002/1989 2003/2003/1990
f 1938/1938/1925 2003/2003/1990 1939/1939/1926
f 1939/1939/1926 2003/2003/1990 2004/2004/1991
f 1939/1939/1926 2004/2004/1991 1940/1940/1927
f 1940/1940/1927 2004/2004/1991 2005/2005/1992
f 1940/1940/1927 2005/2005/1992 1941/1941/1928
f 1941/1941/1928 2005/2005/1992 2006/2006/1993
f 1941/1941/1928 2006/2006/1993 1942/1942/1929
f 1942/1942/1929 2006/2006/1993 2007/2007/1994
f 1942/1942/1929 2007/2007/1994 1943/1943/1930
f 1943/1943/1930 2007/2007/1994 2008/2008/1995
f 1943/1943/1930 2008/2008/1995 1944/1944/1931
f 1944/1944/1931 2008/2008/1995 2009/2009/1996
f 1944/1944/1931 2009/2009/1996 1945/1945/1932
f 1945/1945/1932 2009/2009/1996 2010/2010/1997
f 1945/1945/1932 2010/2010/1997 1946/1946/1933
f 1946/1946/1933 2010/2010/1997 2011/2011/1998
f 1946/1946/1933 2011/2011/1998 1947/1947/1934
f 1947/1947/1934 2011/2011/1998 2012/2012/1999
f 1947/1947/1934 2012/2012/1999 1948/1948/1935
f 1948/1948/1935 2012/2012/1999 2013/2013/2000
f 1948/1948/1935 2013/2013/2000 1949/1949/1936
f 1949/1949/1936 2013/2013/2000 2014/2014/2001
f 1949/1949/1936 2014/2014/2001 1950/1950/1937
f 1950/1950/1937 2014/2014/2001 2015/2015/2002
f 1951/1951/1938 2016/2016/2003 1952/1952/1939
f 1952/1952/1939 2016/2016/2003 2017/2017/2004
f 1952/1952/1939 2017/2017/2004 1953/1953/1940
f 1953/1953/1940 2017/2017/2004 2018/2018/2005
f 1953/1953/1940 2018/2018/2005 1954/1954/1941
f 1954/1954/1941 2018/2018/2005 2019/2019/2006
f 1954/1954/1941 2019/2019/2006 1955/1955/1942
f 1955/1955/1942 2019/2019/2006 2020/2020/2007
f 1955/1955/1942 2020/2020/2007 1956/1956/1943
f 1956/1956/1943 2020/2020/2007 2021/2021/2008
f 1956/1956/1943 2021/2021/2008 1957/1957/1944
f 1957/1957/1944 2021/2021/2008 2022/2022/2009
f 1957/1957/1944 2022/2022/2009 1958/1958/1945
f 1958/1958/1945 2022/2022/2009 2023/2023/2010
f 1958/1958/1945 2023/2023/2010 1959/1959/1946
f 1959/1959/1946 2023/2023/2010 2024/2024/2011
f 1959/1959/1946 2024/2024/2011 1960/1960/1947
f 1960/1960/1947 2024/2024/2011 2025/2025/2012
f 1960/1960/1947 2025/2025/2012 1961/1961/1948
f 1961/1961/1948 2025/2025/2012 2026/2026/2013
f 1961/1961/1948 2026/2026/2013 1962/1962/1949
f 1962/1962/1949 2026/2026/2013 2027/2027/2014
f 1962/1962/1949 2027/2027/2014 1963/1963/1950
f 1963/1963/1950 2027/2027/2014 2028/2028/2015
f 1963/1963/1950 2028/2028/2015 1964/1964/1951
f 1964/1964/1951 2028/2028/2015 2029/2029/2016
f 1964/1964/1951 2029/2029/2016 1965/1965/1952
f 1965/1965/1952 2029/2029/2016 2030/2030/2017
f 1965/1965/1952 2030/2030/2017 1966/1966/1953
f 1966/1966/1953 2030/2030/2017 2031/2031/2018
f 1966/1966/1953 2031/2031/2018 1967/1967/1954
f 1967/1967/1954 2031/2031/2018 2032/2032/2019
f 1967/1967/1954 2032/2032/2019 1968/1968/1955
f 1968/1968/1955 2032/2032/2019 2033/2033/2020
f 1968/1968/1955 2033/2033/2020 1969/1969/1956
f 1969/1969/1956 2033/2033/2020 2034/2034/2021
f 1969/1969/1956 2034/2034/2021 1970/1970/1957
f 1970/1970/1957 2034/2034/2021 2035/2035/2022
f 1970/1970/1957 2035/2035/2022 1971/1971/1958
f 1971/1971/1958 2035/2035/2022 2036/2036/2023
f 1971/1971/1958 2036/2036/2023 1972/1972/1959
f 1972/1972/1959 2036/2036/2023 2037/2037/2024
f 1972/1972/1959 2037/2037/2024 1973/1973/1960
f 1973/1973/1960 2037/2037/2024 2038/2038/2025
f 1973/1973/1960 2038/2038/2025 1974/1974/1961
f 1974/1974/1961 2038/2038/2025 2039/2039/2026
f 1974/1974/1961 2039/2039/2026 1975/1975/1962
f 1975/1975/1962 2039/2039/2026 2040/2040/2027
f 1975/1975/1962 2040/2040/2027 1976/1976/1963
f 1976/1976/1963 2040/2040/2027 2041/2041/2028
f 1976/1976/1963 2041/2041/2028 1977/1977/1964
f 1977/1977/1964 2041/2041/2028 2042/2042/2029
f 1977/1977/1964 2042/2042/2029 1978/1978/1965
f 1978/1978/1965 2042/2042/2029 2043/2043/2030
f 1978/1978/1965 2043/2043/2030 1979/1979/1966
f 1979/1979/1966 2043/2043/2030 2044/2044/2031
f 1979/1979/1966 2044/2044/2031 1980/1980/1967
f 1980/1980/1967 2044/2044/2031 2045/2045/2032
f 1980/1980/1967 2045/2045/2032 1981/1981/1968
f 1981/1981/1968 2045/2045/2032 2046/2046/2033
f 1981/1981/1968 2046/2046/2033 1982/1982/1969
f 1982/1982/1969 2046/2046/2033 2047/2047/2034
f 1982/1982/1969 2047/2047/2034 1983/1983/1970
f 1983/1983/1970 2047/2047/2034 2048/2048/2035
f 1983/1983/1970 2048/2048/2035 1984/1984/1971
f 1984/1984/1971 2048/2048/2035 2049/2049/2036
f 1984/1984/1971 2049/2049/2036 1985/1985/1972
f 1985/1985/1972 2049/2049/2036 2050/2050/2037
f 1985/1985/1972 2050/2050/2037 1986/1986/1973
f 1986/1986/1973 2050/2050/2037 2051/2051/2038
f 1986/1986/1973 2051/2051/2038 1987/1987/1974
f 1987/1987/1974 2051/2051/2038 2052/2052/2039
f 1987/1987/1974 2052/2052/2039 1988/1988/1975
f 1988/1988/1975 2052/2052/2039 2053/2053/2040
f 1988/1988/1975 2053/2053/2040 1989/1989/1976
f 1989/1989/1976 2053/2053/2040 2054/2054/2041
f 1989/1989/1976 2054/2054/2041 1990/1990/1977
f 1990/1990/1977 2054/2054/2041 2055/2055/2042
f 1990/1990/1977 2055/2055/2042 1991/1991/1978
f 1991/1991/1978 2055/2055/2042 2056/2056/2043
f 1991/1991/1978 2056/2056/2043 1992/1992/1979
f 1992/1992/1979 2056/2056/2043 2057/2057/2044
f 1992/1992/1979 2057/2057/2044 1993/1993/1980
f 1993/1993/1980 2057/2057/2044 2058/2058/2045
f 1993/1993/1980 2058/2058/2045 1994/1994/1981
f 1994/1994/1981 2058/2058/2045 2059/2059/2046
f 1994/1994/1981 2059/2059/2046 1995/1995/1982
f 1995/1995/1982 2059/2059/2046 2060/2060/2047
f 1995/1995/1982 2060/2060/2047 1996/1996/1983
f 1996/1996/1983 2060/2060/2047 2061/2061/2048
f 1996/1996/1983 2061/2061/2048 1997/1997/1984
f 1997/1997/1984 2061/2061/2048 2062/2062/2049
f 1997/1997/1984 2062/2062/2049 1998/1998/1985
f 1998/1998/1985 2062/2062/2049 2063/2063/2050
f 1998/1998/1985 2063/2063/2050 1999/1999/1986
f 1999/1999/1986 2063/2063/2050 2064/2064/2051
f 1999/1999/1986 2064/2064/2051 2000/2000/1987
f 2000/2000/1987 2064/2064/2051 2065/2065/2052
f 2000/2000/1987 2065/2065/2052 2001/2001/1988
f 2001/2001/1988 2065/2065/2052 2066/2066/2053
f 2001/2001/1988 2066/2066/2053 2002/2002/1989
f 2002/2002/1989 2066/2066/2053 2067/2067/2054
f 2002/2002/1989 2067/2067/2054 2003/2003/1990
f 2003/2003/1990 2067/2067/2054 2068/2068/2055
f 2003/2003/1990 2068/2068/2055 2004/2004/1991
f 2004/2004/1991 2068/2068/2055 2069/2069/2056
f 2004/2004/1991 2069/2069/2056 2005/2005/1992
f 2005/2005/1992 2069/2069/2056 2070/2070/2057
f 2005/2005/1992 2070/2070/2057 2006/2006/1993
f 2006/2006/1993 2070/2070/2057 2071/2071/2058
f 2006/2006/1993 2071/2071/2058 2007/2007/1994
f 2007/2007/1994 2071/2071/2058 2072/2072/2059
f 2007/2007/1994 2072/2072/2059 2008/2008/1995
f 2008/2008/1995 2072/2072/2059 2073/2073/2060
f 2008/2008/1995 2073/2073/2060 2009/2009/1996
f 2009/2009/1996 2073/2073/2060 2074/2074/2061
f 2009/2009/1996 2074/2074/2061 2010/2010/1997
f 2010/2010/1997 2074/2074/2061 2075/2075/2062
f 2010/2010/1997 2075/2075/2062 2011/2011/1998
f 2011/2011/1998 2075/2075/2062 2076/2076/2063
f 2011/2011/1998 2076/2076/2063 2012/2012/1999
f 2012/2012/1999 2076/2076/2063 2077/2077/2064
f 2012/2012/1999 2077/2077/2064 2013/2013/2000
f 2013/2013/2000 2077/2077/2064 2078/2078/2065
f 2013/2013/2000 2078/2078/2065 2014/2014/2001
f 2014/2014/2001 2078/2078/2065 2079/2079/2066
f 2014/2014/2001 2079/2079/2066 2015/2015/2002
f 2015/2015/2002 2079/2079/2066 2080/2080/2067
f 2016/2016/2003 2081/2081/2068 2017/2017/2004
f 2017/2017/2004 2081/2081/2068 2082/2082/2069
f 2017/2017/2004 2082/2082/2069 2018/2018/2005
f 2018/2018/2005 2082/2082/2069 2083/2083/2070
f 2018/2018/2005 2083/2083/2070 2019/2019/2006
f 2019/2019/2006 2083/2083/2070 2084/2084/2071
f 2019/2019/2006 2084/2084/2071 2020/2020/2007
f 2020/2020/2007 2084/2084/2071 2085/2085/2072
f 2020/2020/2007 2085/2085/2072 2021/2021/2008
f 2021/2021/2008 2085/2085/2072 2086/2086/2073
f 2021/2021/2008 2086/2086/2073 2022/2022/2009
f 2022/2022/2009 2086/2086/2073 2087/2087/2074
f 2022/2022/2009 2087/2087/2074 2023/2023/2010
f 2023/2023/2010 2087/2087/2074 2088/2088/2075
f 2023/2023/2010 2088/2088/2075 2024/2024/2011
f 2024/2024/2011 2088/2088/2075 2089/2089/2076
f 2024/2024/2011 2089/2089/2076 2025/2025/2012
f 2025/2025/2012 2089/2089/2076 2090/2090/2077
f 2025/2025/2012 2090/2090/2077 2026/2026/2013
f 2026/2026/2013 2090/2090/2077 2091/2091/2078
f 2026/2026/2013 2091/2091/2078 2027/2027/2014
f 2027/2027/2014 2091/2091/2078 2092/2092/2079
f 2027/2027/2014 2092/2092/2079 2028/2028/2015
f 2028/2028/2015 2092/2092/2079 2093/2093/2080
f 2028/2028/2015 2093/2093/2080 2029/2029/2016
f 2029/2029/2016 2093/2093/2080 2094/2094/2081
f 2029/2029/2016 2094/2094/2081 2030/2030/2017
f 2030/2030/2017 2094/2094/2081 2095/2095/2082
f 2030/2030/2017 2095/2095/2082 2031/2031/2018
f 2031/2031/2018 2095/2095/2082 2096/2096/2083
f 2031/2031/2018 2096/2096/2083 2032/2032/2019
f 2032/2032/2019 2096/2096/2083 2097/2097/2084
f 2032/2032/2019 2097/2097/2084 2033/2033/2020
f 2033/2033/2020 2097/2097/2084 2098/2098/2085
f 2033/2033/2020 2098/2098/2085 2034/2034/2021
f 2034/2034/2021 2098/2098/2085 2099/2099/2086
f 2034/2034/2021 2099/2099/2086 2035/2035/2022
f 2035/2035/2022 2099/2099/2086 2100/2100/2087
f 2035/2035/2022 2100/2100/2087 2036/2036/2023
f 2036/2036/2023 2100/2100/2087 2101/2101/2088
f 2036/2036/2023 2101/2101/2088 2037/2037/2024
f 2037/2037/2024 2101/2101/2088 2102/2102/2089
f 2037/2037/2024 2102/2102/2089 2038/2038/2025
f 2038/2038/2025 2102/2102/2089 2103/2103/2090
f 2038/2038/2025 2103/2103/2090 2039/2039/2026
f 2039/2039/2026 2103/2103/2090 2104/2104/2091
f 2039/2039/2026 2104/2104/2091 2040/2040/2027
f 2040/2040/2027 2104/2104/2091 2105/2105/2092
f 2040/2040/2027 2105/2105/2092 2041/2041/2028
f 2041/2041/2028 2105/2105/2092 2106/2106/2093
f 2041/2041/2028 2106/2106/2093 2042/2042/2029
f 2042/2042/2029 2106/2106/2093 2107/2107/2094
f 2042/2042/2029 2107/2107/2094 2043/2043/2030
f 2043/2043/2030 2107/2107/2094 2108/2108/2095
f 2043/2043/2030 2108/2108/2095 2044/2044/2031
f 2044/2044/2031 2108/2108/2095 2109/2109/2096
f 2044/2044/2031 2109/2109/2096 2045/2045/2032
f 2045/2045/2032 2109/2109/2096 2110/2110/2097
f 2045/2045/2032 2110/2110/2097 2046/2046/2033
f 2046/2046/2033 2110/2110/2097 2111/2111/2098
f 2046/2046/2033 2111/2111/2098 2047/2047/2034
f 2047/2047/2034 2111/2111/2098 2112/2112/2099
f 2047/2047/2034 2112/2112/2099 2048/2048/2035
f 2048/2048/2035 2112/2112/2099 2113/2113/2100
f 2048/2048/2035 2113/2113/2100 2049/2049/2036
f 2049/2049/2036 2113/2113/2100 2114/2114/2101
f 2049/2049/2036 2114/2114/2101 2050/2050/2037
f 2050/2050/2037 2114/2114/2101 2115/2115/2102
f 2050/2050/2037 2115/2115/2102 2051/2051/2038
f 2051/2051/2038 2115/2115/2102 2116/2116/2103
f 2051/2051/2038 2116/2116/2103 2052/2052/2039
f 2052/2052/2039 2116/2116/2103 2117/2117/2104
f 2052/2052/2039 2117/2117/2104 2053/2053/2040
f 2053/2053/2040 2117/2117/2104 2118/2118/2105
f 2053/2053/2040 2118/2118/2105 2054/2054/2041
f 2054/2054/2041 2118/2118/2105 2119/2119/2106
f 2054/2054/2041 2119/2119/2106 2055/2055/2042
f 2055/2055/2042 2119/2119/2106 2120/2120/2107
f 2055/2055/2042 2120/2120/2107 2056/2056/2043
f 2056/2056/2043 2120/2120/2107 2121/2121/2108
f 2056/2056/2043 2121/2121/2108 2057/2057/2044
f 2057/2057/2044 2121/2121/2108 2122/2122/2109
f 2057/2057/2044 2122/2122/2109 2058/2058/2045
f 2058/2058/2045 2122/2122/2109 2123/2123/2110
f 2058/2058/2045 2123/2123/2110 2059/2059/2046
f 2059/2059/2046 2123/2123/2110 2124/2124/2111
f 2059/2059/2046 2124/2124/2111 2060/2060/2047
f 2060/2060/2047 2124/2124/2111 2125/2125/2112
f 2060/2060/2047 2125/2125/2112 2061/2061/2048
f 2061/2061/2048 2125/2125/2112 2126/2126/2113
f 2061/2061/2048 2126/2126/2113 2062/2062/2049
f 2062/2062/2049 2126/2126/2113 2127/2127/2114
f 2062/2062/2049 2127/2127/2114 2063/2063/2050
f 2063/2063/2050 2127/2127/2114 2128/2128/2115
f 2063/2063/2050 2128/2128/2115 2064/2064/2051
f 2064/2064/2051 2128/2128/2115 2129/2129/2116
f 2064/2064/2051 2129/2129/2116 2065/2065/2052
f 2065/2065/2052 2129/2129/2116 2130/2130/2117
f 2065/2065/2052 2130/2130/2117 2066/2066/2053
f 2066/2066/2053 2130/2130/2117 2131/2131/2118
f 2066/2066/2053 2131/2131/2118 2067/2067/2054
f 2067/2067/2054 2131/2131/2118 2132/2132/2119
f 2067/2067/2054 2132/2132/2119 2068/2068/2055
f 2068/2068/2055 2132/2132/2119 2133/2133/2120
f 2068/2068/2055 2133/2133/2120 2069/2069/2056
f 2069/2069/2056 2133/2133/2120 2134/2134/2121
f 2069/2069/2056 2134/2134/2121 2070/2070/2057
f 2070/2070/2057 2134/2134/2121 2135/2135/2122
f 2070/2070/2057 2135/2135/2122 2071/2071/2058
f 2071/2071/2058 2135/2135/2122 2136/2136/2123
f 2071/2071/2058 2136/2136/2123 2072/2072/2059
f 2072/2072/2059 2136/2136/2123 2137/2137/2124
f 2072/2072/2059 2137/2137/2124 2073/2073/2060
f 2073/2073/2060 2137/2137/2124 2138/2138/2125
f 2073/2073/2060 2138/2138/2125 2074/2074/2061
f 2074/2074/2061 2138/2138/2125 2139/2139/2126
f 2074/2074/2061 2139/2139/2126 2075/2075/2062
f 2075/2075/2062 2139/2139/2126 2140/2140/2127
f 2075/2075/2062 2140/2140/2127 2076/2076/2063
f 2076/2076/2063 2140/2140/2127 2141/2141/2128
f 2076/2076/2063 2141/2141/2128 2077/2077/2064
f 2077/2077/2064 2141/2141/2128 2142/2142/2129
f 2077/2077/2064 2142/2142/2129 2078/2078/2065
f 2078/2078/2065 2142/2142/2129 2143/2143/2130
f 2078/2078/2065 2143/2143/2130 2079/2079/2066
f 2079/2079/2066 2143/2143/2130 2144/2144/2131
f 2079/2079/2066 2144/2144/2131 2080/2080/2067
f 2080/2080/2067 2144/2144/2131 2145/2145/2132
f 2081/2081/2068 2146/2146/2133 2082/2082/2069
f 2082/2082/2069 2146/2146/2133 2147/2147/2134
f 2082/2082/2069 2147/2147/2134 2083/2083/2070
f 2083/2083/2070 2147/2147/2134 2148/2148/2135
f 2083/2083/2070 2148/2148/2135 2084/2084/2071
f 2084/2084/2071 2148/2148/2135 2149/2149/2136
f 2084/2084/2071 2149/2149/2136 2085/2085/2072
f 2085/2085/2072 2149/2149/2136 2150/2150/2137
f 2085/2085/2072 2150/2150/2137 2086/2086/2073
f 2086/2086/2073 2150/2150/2137 2151/2151/2138
f 2086/2086/2073 2151/2151/2138 2087/2087/2074
f 2087/2087/2074 2151/2151/2138 2152/2152/2139
f 2087/2087/2074 2152/2152/2139 2088/2088/2075
f 2088/2088/2075 2152/2152/2139 2153/2153/2140
f 2088/2088/2075 2153/2153/2140 2089/2089/2076
f 2089/2089/2076 2153/2153/2140 2154/2154/2141
f 2089/2089/2076 2154/2154/2141 2090/2090/2077
f 2090/2090/2077 2154/2154/2141 2155/2155/2142
f 2090/2090/2077 2155/2155/2142 2091/2091/2078
f 2091/2091/2078 2155/2155/2142 2156/2156/2143
f 2091/2091/2078 2156/2156/2143 2092/2092/2079
f 2092/2092/2079 2156/2156/2143 2157/2157/2144
f 2092/2092/2079 2157/2157/2144 2093/2093/2080
f 2093/2093/2080 2157/2157/2144 2158/2158/2145
f 2093/2093/2080 2158/2158/2145 2094/2094/2081
f 2094/2094/2081 2158/2158/2145 2159/2159/2146
f 2094/2094/2081 2159/2159/2146 2095/2095/2082
f 2095/2095/2082 2159/2159/2146 2160/2160/2147
f 2095/2095/2082 2160/2160/2147 2096/2096/2083
f 2096/2096/2083 2160/2160/2147 2161/2161/2148
f 2096/2096/2083 2161/2161/2148 2097/2097/2084
f 2097/2097/2084 2161/2161/2148 2162/2162/2149
f 2097/2097/2084 2162/2162/2149 2098/2098/2085
f 2098/2098/2085 2162/2162/2149 2163/2163/2150
f 2098/2098/2085 2163/2163/2150 2099/2099/2086
f 2099/2099/2086 2163/2163/2150 2164/2164/2151
f 2099/2099/2086 2164/2164/2151 2100/2100/2087
f 2100/2100/2087 2164/2164/2151 2165/2165/2152
f 2100/2100/2087 2165/2165/2152 2101/2101/2088
f 2101/2101/2088 2165/2165/2152 2166/2166/2153
f 2101/2101/2088 2166/2166/2153 2102/2102/2089
f 2102/2102/2089 2166/2166/2153 2167/2167/2154
f 2102/2102/2089 2167/2167/2154 2103/2103/2090
f 2103/2103/2090 2167/2167/2154 2168/2168/2155
f 2103/2103/2090 2168/2168/2155 2104/2104/2091
f 2104/2104/2091 2168/2168/2155 2169/2169/2156
f 2104/2104/2091 2169/2169/2156 2105/2105/2092
f 2105/2105/2092 2169/2169/2156 2170/2170/2157
f 2105/2105/2092 2170/2170/2157 2106/2106/2093
f 2106/2106/2093 2170/2170/2157 2171/2171/2158
f 2106/2106/2093 2171/2171/2158 2107/2107/2094
f 2107/2107/2094 2171/2171/2158 2172/2172/2159
f 2107/2107/2094 2172/2172/2159 2108/2108/2095
f 2108/2108/2095 2172/2172/2159 2173/2173/2160
f 2108/2108/2095 2173/2173/2160 2109/2109/2096
f 2109/2109/2096 2173/2173/2160 2174/2174/2161
f 2109/2109/2096 2174/2174/2161 2110/2110/2097
f 2110/2110/2097 2174/2174/2161 2175/2175/2162
f 2110/2110/2097 2175/2175/2162 2111/2111/2098
f 2111/2111/2098 2175/2175/2162 2176/2176/2163
f 2111/2111/2098 2176/2176/2163 2112/2112/2099
f 2112/2112/2099 2176/2176/2163 2177/2177/2164
f 2112/2112/2099 2177/2177/2164 2113/2113/2100
f 2113/2113/2100 2177/2177/2164 2178/2178/2165
f 2113/2113/2100 2178/2178/2165 2114/2114/2101
f 2114/2114/2101 2178/2178/2165 2179/2179/2166
f 2114/2114/2101 2179/2179/2166 2115/2115/2102
f 2115/2115/2102 2179/2179/2166 2180/2180/2167
f 2115/2115/2102 2180/2180/2167 2116/2116/2103
f 2116/2116/2103 2180/2180/2167 2181/2181/2168
f 2116/2116/2103 2181/2181/2168 2117/2117/2104
f 2117/2117/2104 2181/2181/2168 2182/2182/2169
f 2117/2117/2104 2182/2182/2169 2118/2118/2105
f 2118/2118/2105 2182/2182/2169 2183/2183/2170
f 2118/2118/2105 2183/2183/2170 2119/2119/2106
f 2119/2119/2106 2183/2183/2170 2184/2184/2171
f 2119/2119/2106 2184/2184/2171 2120/2120/2107
f 2120/2120/2107 2184/2184/2171 2185/2185/2172
f 2120/2120/2107 2185/2185/2172 2121/2121/2108
f 2121/2121/2108 2185/2185/2172 2186/2186/2173
f 2121/2121/2108 2186/2186/2173 2122/2122/2109
f 2122/2122/2109 2186/2186/2173 2187/2187/2174
f 2122/2122/2109 2187/2187/2174 2123/2123/2110
f 2123/2123/2110 2187/2187/2174 2188/2188/2175
f 2123/2123/2110 2188/2188/2175 2124/2124/2111
f 2124/2124/2111 2188/2188/2175 2189/2189/2176
f 2124/2124/2111 2189/2189/2176 2125/2125/2112
f 2125/2125/2112 2189/2189/2176 2190/2190/2177
f 2125/2125/2112 2190/2190/2177 2126/2126/2113
f 2126/2126/2113 2190/2190/2177 2191/2191/2178
f 2126/2126/2113 2191/2191/2178 2127/2127/2114
f 2127/2127/2114 2191/2191/2178 2192/2192/2179
f 2127/2127/2114 2192/2192/2179 2128/2128/2115
f 2128/2128/2115 2192/2192/2179 2193/2193/2180
f 2128/2128/2115 2193/2193/2180 2129/2129/2116
f 2129/2129/2116 2193/2193/2180 2194/2194/2181
f 2129/2129/2116 2194/2194/2181 2130/2130/2117
f 2130/2130/2117 2194/2194/2181 2195/2195/2182
f 2130/2130/2117 2195/2195/2182 2131/2131/2118
f 2131/2131/2118 2195/2195/2182 2196/2196/2183
f 2131/2131/2118 2196/2196/2183 2132/2132/2119
f 2132/2132/2119 2196/2196/2183 2197/2197/2184
f 2132/2132/2119 2197/2197/2184 2133/2133/2120
f 2133/2133/2120 2197/2197/2184 2198/2198/2185
f 2133/2133/2120 2198/2198/2185 2134/2134/2121
f 2134/2134/2121 2198/2198/2185 2199/2199/2186
f 2134/2134/2121 2199/2199/2186 2135/2135/2122
f 2135/2135/2122 2199/2199/2186 2200/2200/2187
f 2135/2135/2122 2200/2200/2187 2136/2136/2123
f 2136/2136/2123 2200/2200/2187 2201/2201/2188
f 2136/2136/2123 2201/2201/2188 2137/2137/2124
f 2137/2137/2124 2201/2201/2188 2202/2202/2189
f 2137/2137/2124 2202/2202/2189 2138/2138/2125
f 2138/2138/2125 2202/2202/2189 2203/2203/2190
f 2138/2138/2125 2203/2203/2190 2139/2139/2126
f 2139/2139/2126 2203/2203/2190 2204/2204/2191
f 2139/2139/2126 2204/2204/2191 2140/2140/2127
f 2140/2140/2127 2204/2204/2191 2205/2205/2192
f 2140/2140/2127 2205/2205/2192 2141/2141/2128
f 2141/2141/2128 2205/2205/2192 2206/2206/2193
f 2141/2141/2128 2206/2206/2193 2142/2142/2129
f 2142/2142/2129 2206/2206/2193 2207/2207/2194
f 2142/2142/2129 2207/2207/2194 2143/2143/2130
f 2143/2143/2130 2207/2207/2194 2208/2208/2195
f 2143/2143/2130 2208/2208/2195 2144/2144/2131
f 2144/2144/2131 2208/2208/2195 2209/2209/2196
f 2144/2144/2131 2209/2209/2196 2145/2145/2132
f 2145/2145/2132 2209/2209/2196 2210/2210/2197
f 2146/2146/2133 2211/2211/2198 2147/2147/2134
f 2147/2147/2134 2211/2211/2198 2212/2212/2199
f 2147/2147/2134 2212/2212/2199 2148/2148/2135
f 2148/2148/2135 2212/2212/2199 2213/2213/2200
f 2148/2148/2135 2213/2213/2200 2149/2149/2136
f 2149/2149/2136 2213/2213/2200 2214/2214/2201
f 2149/2149/2136 2214/2214/2201 2150/2150/2137
f 2150/2150/2137 2214/2214/2201 2215/2215/2202
f 2150/2150/2137 2215/2215/2202 2151/2151/2138
f 2151/2151/2138 2215/2215/2202 2216/2216/2203
f 2151/2151/2138 2216/2216/2203 2152/2152/2139
f 2152/2152/2139 2216/2216/2203 2217/2217/2204
f 2152/2152/2139 2217/2217/2204 2153/2153/2140
f 2153/2153/2140 2217/2217/2204 2218/2218/2205
f 2153/2153/2140 2218/2218/2205 2154/2154/2141
f 2154/2154/2141 2218/2218/2205 2219/2219/2206
f 2154/2154/2141 2219/2219/2206 2155/2155/2142
f 2155/2155/2142 2219/2219/2206 2220/2220/2207
f 2155/2155/2142 2220/2220/2207 2156/2156/2143
f 2156/2156/2143 2220/2220/2207 2221/2221/2208
f 2156/2156/2143 2221/2221/2208 2157/2157/2144
f 2157/2157/2144 2221/2221/2208 2222/2222/2209
f 2157/2157/2144 2222/2222/2209 2158/2158/2145
f 2158/2158/2145 2222/2222/2209 2223/2223/2210
f 2158/2158/2145 2223/2223/2210 2159/2159/2146
f 2159/2159/2146 2223/2223/2210 2224/2224/2211
f 2159/2159/2146 2224/2224/2211 2160/2160/2147
f 2160/2160/2147 2224/2224/2211 2225/2225/2212
f 2160/2160/2147 2225/2225/2212 2161/2161/2148
f 2161/2161/2148 2225/2225/2212 2226/2226/2213
f 2161/2161/2148 2226/2226/2213 2162/2162/2149
f 2162/2162/2149 2226/2226/2213 2227/2227/2214
f 2162/2162/2149 2227/2227/2214 2163/2163/2150
f 2163/2163/2150 2227/2227/2214 2228/2228/2215
f 2163/2163/2150 2228/2228/2215 2164/2164/2151
f 2164/2164/2151 2228/2228/2215 2229/2229/2216
f 2164/2164/2151 2229/2229/2216 2165/2165/2152
f 2165/2165/2152 2229/2229/2216 2230/2230/2217
f 2165/2165/2152 2230/2230/2217 2166/2166/2153
f 2166/2166/2153 2230/2230/2217 2231/2231/2218
f 2166/2166/2153 2231/2231/2218 2167/2167/2154
f 2167/2167/2154 2231/2231/2218 2232/2232/2219
f 2167/2167/2154 2232/2232/2219 2168/2168/2155
f 2168/2168/2155 2232/2232/2219 2233/2233/2220
f 2168/2168/2155 2233/2233/2220 2169/2169/2156
f 2169/2169/2156 2233/2233/2220 2234/2234/2221
f 2169/2169/2156 2234/2234/2221 2170/2170/2157
f 2170/2170/2157 2234/2234/2221 2235/2235/2222
f 2170/2170/2157 2235/2235/2222 2171/2171/2158
f 2171/2171/2158 2235/2235/2222 2236/2236/2223
f 2171/2171/2158 2236/2236/2223 2172/2172/2159
f 2172/2172/2159 2236/2236/2223 2237/2237/2224
f 2172/2172/2159 2237/2237/2224 2173/2173/2160
f 2173/2173/2160 2237/2237/2224 2238/2238/2225
f 2173/2173/2160 2238/2238/2225 2174/2174/2161
f 2174/2174/2161 2238/2238/2225 2239/2239/2226
f 2174/2174/2161 2239/2239/2226 2175/2175/2162
f 2175/2175/2162 2239/2239/2226 2240/2240/2227
f 2175/2175/2162 2240/2240/2227 2176/2176/2163
f 2176/2176/2163 2240/2240/2227 2241/2241/2228
f 2176/2176/2163 2241/2241/2228 2177/2177/2164
f 2177/2177/2164 2241/2241/2228 2242/2242/2229
f 2177/2177/2164 2242/2242/2229 2178/2178/2165
f 2178/2178/2165 2242/2242/2229 2243/2243/2230
f 2178/2178/2165 2243/2243/2230 2179/2179/2166
f 2179/2179/2166 2243/2243/2230 2244/2244/2231
f 2179/2179/2166 2244/2244/2231 2180/2180/2167
f 2180/2180/2167 2244/2244/2231 2245/2245/2232
f 2180/2180/2167 2245/2245/2232 2181/2181/2168
f 2181/2181/2168 2245/2245/2232 2246/2246/2233
f 2181/2181/2168 2246/2246/2233 2182/2182/2169
f 2182/2182/2169 2246/2246/2233 2247/2247/2234
f 2182/2182/2169 2247/2247/2234 2183/2183/2170
f 2183/2183/2170 2247/2247/2234 2248/2248/2235
f 2183/2183/2170 2248/2248/2235 2184/2184/2171
f 2184/2184/2171 2248/2248/2235 2249/2249/2236
f 2184/2184/2171 2249/2249/2236 2185/2185/2172
f 2185/2185/2172 2249/2249/2236 2250/2250/2237
f 2185/2185/2172 2250/2250/2237 2186/2186/2173
f 2186/2186/2173 2250/2250/2237 2251/2251/2238
f 2186/2186/2173 2251/2251/2238 2187/2187/2174
f 2187/2187/2174 2251/2251/2238 2252/2252/2239
f 2187/2187/2174 2252/2252/2239 2188/2188/2175
f 2188/2188/2175 2252/2252/2239 2253/2253/2240
f 2188/2188/2175 2253/2253/2240 2189/2189/2176
f 2189/2189/2176 2253/2253/2240 2254/2254/2241
f 2189/2189/2176 2254/2254/2241 2190/2190/2177
f 2190/2190/2177 2254/2254/2241 2255/2255/2242
f 2190/2190/2177 2255/2255/2242 2191/2191/2178
f 2191/2191/2178 2255/2255/2242 2256/2256/2243
f 2191/2191/2178 2256/2256/2243 2192/2192/2179
f 2192/2192/2179 2256/2256/2243 2257/2257/2244
f 2192/2192/2179 2257/2257/2244 2193/2193/2180
f 2193/2193/2180 2257/2257/2244 2258/2258/2245
f 2193/2193/2180 2258/2258/2245 2194/2194/2181
f 2194/2194/2181 2258/2258/2245 2259/2259/2246
f 2194/2194/2181 2259/2259/2246 2195/2195/2182
f 2195/2195/2182 2259/2259/2246 2260/2260/2247
f 2195/2195/2182 2260/2260/2247 2196/2196/2183
f 2196/2196/2183 2260/2260/2247 2261/2261/2248
f 2196/2196/2183 2261/2261/2248 2197/2197/2184
f 2197/2197/2184 2261/2261/2248 2262/2262/2249
f 2197/2197/2184 2262/2262/2249 2198/2198/2185
f 2198/2198/2185 2262/2262/2249 2263/2263/2250
f 2198/2198/2185 2263/2263/2250 2199/2199/2186
f 2199/2199/2186 2263/2263/2250 2264/2264/2251
f 2199/2199/2186 2264/2264/2251 2200/2200/2187
f 2200/2200/2187 2264/2264/2251 2265/2265/2252
f 2200/2200/2187 2265/2265/2252 2201/2201/2188
f 2201/2201/2188 2265/2265/2252 2266/2266/2253
f 2201/2201/2188 2266/2266/2253 2202/2202/2189
f 2202/2202/2189 2266/2266/2253 2267/2267/2254
f 2202/2202/2189 2267/2267/2254 2203/2203/2190
f 2203/2203/2190 2267/2267/2254 2268/2268/2255
f 2203/2203/2190 2268/2268/2255 2204/2204/2191
f 2204/2204/2191 2268/2268/2255 2269/2269/2256
f 2204/2204/2191 2269/2269/2256 2205/2205/2192
f 2205/2205/2192 2269/2269/2256 2270/2270/2257
f 2205/2205/2192 2270/2270/2257 2206/2206/2193
f 2206/2206/2193 2270/2270/2257 2271/2271/2258
f 2206/2206/2193 2271/2271/2258 2207/2207/2194
f 2207/2207/2194 2271/2271/2258 2272/2272/2259
f 2207/2207/2194 2272/2272/2259 2208/2208/2195
f 2208/2208/2195 2272/2272/2259 2273/2273/2260
f 2208/2208/2195 2273/2273/2260 2209/2209/2196
f 2209/2209/2196 2273/2273/2260 2274/2274/2261
f 2209/2209/2196 2274/2274/2261 2210/2210/2197
f 2210/2210/2197 2274/2274/2261 2275/2275/2262
f 2211/2211/2198 2276/2276/2263 2212/2212/2199
f 2212/2212/2199 2276/2276/2263 2277/2277/2264
f 2212/2212/2199 2277/2277/2264 2213/2213/2200
f 2213/2213/2200 2277/2277/2264 2278/2278/2265
f 2213/2213/2200 2278/2278/2265 2214/2214/2201
f 2214/2214/2201 2278/2278/2265 2279/2279/2266
f 2214/2214/2201 2279/2279/2266 2215/2215/2202
f 2215/2215/2202 2279/2279/2266 2280/2280/2267
f 2215/2215/2202 2280/2280/2267 2216/2216/2203
f 2216/2216/2203 2280/2280/2267 2281/2281/2268
f 2216/2216/2203 2281/2281/2268 2217/2217/2204
f 2217/2217/2204 2281/2281/2268 2282/2282/2269
f 2217/2217/2204 2282/2282/2269 2218/2218/2205
f 2218/2218/2205 2282/2282/2269 2283/2283/2270
f 2218/2218/2205 2283/2283/2270 2219/2219/2206
f 2219/2219/2206 2283/2283/2270 2284/2284/2271
f 2219/2219/2206 2284/2284/2271 2220/2220/2207
f 2220/2220/2207 2284/2284/2271 2285/2285/2272
f 2220/2220/2207 2285/2285/2272 2221/2221/2208
f 2221/2221/2208 2285/2285/2272 2286/2286/2273
f 2221/2221/2208 2286/2286/2273 2222/2222/2209
f 2222/2222/2209 2286/2286/2273 2287/2287/2274
f 2222/2222/2209 2287/2287/2274 2223/2223/2210
f 2223/2223/2210 2287/2287/2274 2288/2288/2275
f 2223/2223/2210 2288/2288/2275 2224/2224/2211
f 2224/2224/2211 2288/2288/2275 2289/2289/2276
f 2224/2224/2211 2289/2289/2276 2225/2225/2212
f 2225/2225/2212 2289/2289/2276 2290/2290/2277
f 2225/2225/2212 2290/2290/2277 2226/2226/2213
f 2226/2226/2213 2290/2290/2277 2291/2291/2278
f 2226/2226/2213 2291/2291/2278 2227/2227/2214
f 2227/2227/2214 2291/2291/2278 2292/2292/2279
f 2227/2227/2214 2292/2292/2279 2228/2228/2215
f 2228/2228/2215 2292/2292/2279 2293/2293/2280
f 2228/2228/2215 2293/2293/2280 2229/2229/2216
f 2229/2229/2216 2293/2293/2280 2294/2294/2281
f 2229/2229/2216 2294/2294/2281 2230/2230/2217
f 2230/2230/2217 2294/2294/2281 2295/2295/2282
f 2230/2230/2217 2295/2295/2282 2231/2231/2218
f 2231/2231/2218 2295/2295/2282 2296/2296/2283
f 2231/2231/2218 2296/2296/2283 2232/2232/2219
f 2232/2232/2219 2296/2296/2283 2297/2297/2284
f 2232/2232/2219 2297/2297/2284 2233/2233/2220
f 2233/2233/2220 2297/2297/2284 2298/2298/2285
f 2233/2233/2220 2298/2298/2285 2234/2234/2221
f 2234/2234/2221 2298/2298/2285 2299/2299/2286
f 2234/2234/2221 2299/2299/2286 2235/2235/2222
f 2235/2235/2222 2299/2299/2286 2300/2300/2287
f 2235/2235/2222 2300/2300/2287 2236/2236/2223
f 2236/2236/2223 2300/2300/2287 2301/2301/2288
f 2236/2236/2223 2301/2301/2288 2237/2237/2224
f 2237/2237/2224 2301/2301/2288 2302/2302/2289
f 2237/2237/2224 2302/2302/2289 2238/2238/2225
f 2238/2238/2225 2302/2302/2289 2303/2303/2290
f 2238/2238/2225 2303/2303/2290 2239/2239/2226
f 2239/2239/2226 2303/2303/2290 2304/2304/2291
f 2239/2239/2226 2304/2304/2291 2240/2240/2227
f 2240/2240/2227 2304/2304/2291 2305/2305/2292
f 2240/2240/2227 2305/2305/2292 2241/2241/2228
f 2241/2241/2228 2305/2305/2292 2306/2306/2293
f 2241/2241/2228 2306/2306/2293 2242/2242/2229
f 2242/2242/2229 2306/2306/2293 2307/2307/2294
f 2242/2242/2229 2307/2307/2294 2243/2243/2230
f 2243/2243/2230 2307/2307/2294 2308/2308/2295
f 2243/2243/2230 2308/2308/2295 2244/2244/2231
f 2244/2244/2231 2308/2308/2295 2309/2309/2296
f 2244/2244/2231 2309/2309/2296 2245/2245/2232
f 2245/2245/2232 2309/2309/2296 2310/2310/2297
f 2245/2245/2232 2310/2310/2297 2246/2246/2233
f 2246/2246/2233 2310/2310/2297 2311/2311/2298
f 2246/2246/2233 2311/2311/2298 2247/2247/2234
f 2247/2247/2234 2311/2311/2298 2312/2312/2299
f 2247/2247/2234 2312/2312/2299 2248/2248/2235
f 2248/2248/2235 2312/2312/2299 2313/2313/2300
f 2248/2248/2235 2313/2313/2300 2249/2249/2236
f 2249/2249/2236 2313/2313/2300 2314/2314/2301
f 2249/2249/2236 2314/2314/2301 2250/2250/2237
f 2250/2250/2237 2314/2314/2301 2315/2315/2302
f 2250/2250/2237 2315/2315/2302 2251/2251/2238
f 2251/2251/2238 2315/2315/2302 2316/2316/2303
f 2251/2251/2238 2316/2316/2303 2252/2252/2239
f 2252/2252/2239 2316/2316/2303 2317/2317/2304
f 2252/2252/2239 2317/2317/2304 2253/2253/2240
f 2253/2253/2240 2317/2317/2304 2318/2318/2305
f 2253/2253/2240 2318/2318/2305 2254/2254/2241
f 2254/2254/2241 2318/2318/2305 2319/2319/2306
f 2254/2254/2241 2319/2319/2306 2255/2255/2242
f 2255/2255/2242 2319/2319/2306 2320/2320/2307
f 2255/2255/2242 2320/2320/2307 2256/2256/2243
f 2256/2256/2243 2320/2320/2307 2321/2321/2308
f 2256/2256/2243 2321/2321/2308 2257/2257/2244
f 2257/2257/2244 2321/2321/2308 2322/2322/2309
f 2257/2257/2244 2322/2322/2309 2258/2258/2245
f 2258/2258/2245 2322/2322/2309 2323/2323/2310
f 2258/2258/2245 2323/2323/2310 2259/2259/2246
f 2259/2259/2246 2323/2323/2310 2324/2324/2311
f 2259/2259/2246 2324/2324/2311 2260/2260/2247
f 2260/2260/2247 2324/2324/2311 2325/2325/2312
f 2260/2260/2247 2325/2325/2312 2261/2261/2248
f 2261/2261/2248 2325/2325/2312 2326/2326/2313
f 2261/2261/2248 2326/2326/2313 2262/2262/2249
f 2262/2262/2249 2326/2326/2313 2327/2327/2314
f 2262/2262/2249 2327/2327/2314 2263/2263/2250
f 2263/2263/2250 2327/2327/2314 2328/2328/2315
f 2263/2263/2250 2328/2328/2315 2264/2264/2251
f 2264/2264/2251 2328/2328/2315 2329/2329/2316
f 2264/2264/2251 2329/2329/2316 2265/2265/2252
f 2265/2265/2252 2329/2329/2316 2330/2330/2317
f 2265/2265/2252 2330/2330/2317 2266/2266/2253
f 2266/2266/2253 2330/2330/2317 2331/2331/2318
f 2266/2266/2253 2331/2331/2318 2267/2267/2254
f 2267/2267/2254 2331/2331/2318 2332/2332/2319
f 2267/2267/2254 2332/2332/2319 2268/2268/2255
f 2268/2268/2255 2332/2332/2319 2333/2333/2320
f 2268/2268/2255 2333/2333/2320 2269/2269/2256
f 2269/2269/2256 2333/2333/2320 2334/2334/2321
f 2269/2269/2256 2334/2334/2321 2270/2270/2257
f 2270/2270/2257 2334/2334/2321 2335/2335/2322
f 2270/2270/2257 2335/2335/2322 2271/2271/2258
f 2271/2271/2258 2335/2335/2322 2336/2336/2323
f 2271/2271/2258 2336/2336/2323 2272/2272/2259
f 2272/2272/2259 2336/2336/2323 2337/2337/2324
f 2272/2272/2259 2337/2337/2324 2273/2273/2260
f 2273/2273/2260 2337/2337/2324 2338/2338/2325
f 2273/2273/2260 2338/2338/2325 2274/2274/2261
f 2274/2274/2261 2338/2338/2325 2339/2339/2326
f 2274/2274/2261 2339/2339/2326 2275/2275/2262
f 2275/2275/2262 2339/2339/2326 2340/2340/2327
f 2276/2276/2263 2341/2341/2328 2277/2277/2264
f 2277/2277/2264 2341/2341/2328 2342/2342/2329
f 2277/2277/2264 2342/2342/2329 2278/2278/2265
f 2278/2278/2265 2342/2342/2329 2343/2343/2330
f 2278/2278/2265 2343/2343/2330 2279/2279/2266
f 2279/2279/2266 2343/2343/2330 2344/2344/2331
f 2279/2279/2266 2344/2344/2331 2280/2280/2267
f 2280/2280/2267 2344/2344/2331 2345/2345/2332
f 2280/2280/2267 2345/2345/2332 2281/2281/2268
f 2281/2281/2268 2345/2345/2332 2346/2346/2333
f 2281/2281/2268 2346/2346/2333 2282/2282/2269
f 2282/2282/2269 2346/2346/2333 2347/2347/2334
f 2282/2282/2269 2347/2347/2334 2283/2283/2270
f 2283/2283/2270 2347/2347/2334 2348/2348/2335
f 2283/2283/2270 2348/2348/2335 2284/2284/2271
f 2284/2284/2271 2348/2348/2335 2349/2349/2336
f 2284/2284/2271 2349/2349/2336 2285/2285/2272
f 2285/2285/2272 2349/2349/2336 2350/2350/2337
f 2285/2285/2272 2350/2350/2337 2286/2286/2273
f 2286/2286/2273 2350/2350/2337 2351/2351/2338
f 2286/2286/2273 2351/2351/2338 2287/2287/2274
f 2287/2287/2274 2351/2351/2338 2352/2352/2339
f 2287/2287/2274 2352/2352/2339 2288/2288/2275
f 2288/2288/2275 2352/2352/2339 2353/2353/2340
f 2288/2288/2275 2353/2353/2340 2289/2289/2276
f 2289/2289/2276 2353/2353/2340 2354/2354/2341
f 2289/2289/2276 2354/2354/2341 2290/2290/2277
f 2290/2290/2277 2354/2354/2341 2355/2355/2342
f 2290/2290/2277 2355/2355/2342 2291/2291/2278
f 2291/2291/2278 2355/2355/2342 2356/2356/2343
f 2291/2291/2278 2356/2356/2343 2292/2292/2279
f 2292/2292/2279 2356/2356/2343 2357/2357/2344
f 2292/2292/2279 2357/2357/2344 2293/2293/2280
f 2293/2293/2280 2357/2357/2344 2358/2358/2345
f 2293/2293/2280 2358/2358/2345 2294/2294/2281
f 2294/2294/2281 2358/2358/2345 2359/2359/2346
f 2294/2294/2281 2359/2359/2346 2295/2295/2282
f 2295/2295/2282 2359/2359/2346 2360/2360/2347
f 2295/2295/2282 2360/2360/2347 2296/2296/2283
f 2296/2296/2283 2360/2360/2347 2361/2361/2348
f 2296/2296/2283 2361/2361/2348 2297/2297/2284
f 2297/2297/2284 2361/2361/2348 2362/2362/2349
f 2297/2297/2284 2362/2362/2349 2298/2298/2285
f 2298/2298/2285 2362/2362/2349 2363/2363/2350
f 2298/2298/2285 2363/2363/2350 2299/2299/2286
f 2299/2299/2286 2363/2363/2350 2364/2364/2351
f 2299/2299/2286 2364/2364/2351 2300/2300/2287
f 2300/2300/2287 2364/2364/2351 2365/2365/2352
f 2300/2300/2287 2365/2365/2352 2301/2301/2288
f 2301/2301/2288 2365/2365/2352 2366/2366/2353
f 2301/2301/2288 2366/2366/2353 2302/2302/2289
f 2302/2302/2289 2366/2366/2353 2367/2367/2354
f 2302/2302/2289 2367/2367/2354 2303/2303/2290
f 2303/2303/2290 2367/2367/2354 2368/2368/2355
f 2303/2303/2290 2368/2368/2355 2304/2304/2291
f 2304/2304/2291 2368/2368/2355 2369/2369/2356
f 2304/2304/2291 2369/2369/2356 2305/2305/2292
f 2305/2305/2292 2369/2369/2356 2370/2370/2357
f 2305/2305/2292 2370/2370/2357 2306/2306/2293
f 2306/2306/2293 2370/2370/2357 2371/2371/2358
f 2306/2306/2293 2371/2371/2358 2307/2307/2294
f 2307/2307/2294 2371/2371/2358 2372/2372/2359
f 2307/2307/2294 2372/2372/2359 2308/2308/2295
f 2308/2308/2295 2372/2372/2359 2373/2373/2360
f 2308/2308/2295 2373/2373/2360 2309/2309/2296
f 2309/2309/2296 2373/2373/2360 2374/2374/2361
f 2309/2309/2296 2374/2374/2361 2310/2310/2297
f 2310/2310/2297 2374/2374/2361 2375/2375/2362
f 2310/2310/2297 2375/2375/2362 2311/2311/2298
f 2311/2311/2298 2375/2375/2362 2376/2376/2363
f 2311/2311/2298 2376/2376/2363 2312/2312/2299
f 2312/2312/2299 2376/2376/2363 2377/2377/2364
f 2312/2312/2299 2377/2377/2364 2313/2313/2300
f 2313/2313/2300 2377/2377/2364 2378/2378/2365
f 2313/2313/2300 2378/2378/2365 2314/2314/2301
f 2314/2314/2301 2378/2378/2365 2379/2379/2366
f 2314/2314/2301 2379/2379/2366 2315/2315/2302
f 2315/2315/2302 2379/2379/2366 2380/2380/2367
f 2315/2315/2302 2380/2380/2367 2316/2316/2303
f 2316/2316/2303 2380/2380/2367 2381/2381/2368
f 2316/2316/2303 2381/2381/2368 2317/2317/2304
f 2317/2317/2304 2381/2381/2368 2382/2382/2369
f 2317/2317/2304 2382/2382/2369 2318/2318/2305
f 2318/2318/2305 2382/2382/2369 2383/2383/2370
f 2318/2318/2305 2383/2383/2370 2319/2319/2306
f 2319/2319/2306 2383/2383/2370 2384/2384/2371
f 2319/2319/2306 2384/2384/2371 2320/2320/2307
f 2320/2320/2307 2384/2384/2371 2385/2385/2372
f 2320/2320/2307 2385/2385/2372 2321/2321/2308
f 2321/2321/2308 2385/2385/2372 2386/2386/2373
f 2321/2321/2308 2386/2386/2373 2322/2322/2309
f 2322/2322/2309 2386/2386/2373 2387/2387/2374
f 2322/2322/2309 2387/2387/2374 2323/2323/2310
f 2323/2323/2310 2387/2387/2374 2388/2388/2375
f 2323/2323/2310 2388/2388/2375 2324/2324/2311
f 2324/2324/2311 2388/2388/2375 2389/2389/2376
f 2324/2324/2311 2389/2389/2376 2325/2325/2312
f 2325/2325/2312 2389/2389/2376 2390/2390/2377
f 2325/2325/2312 2390/2390/2377 2326/2326/2313
f 2326/2326/2313 2390/2390/2377 2391/2391/2378
f 2326/2326/2313 2391/2391/2378 2327/2327/2314
f 2327/2327/2314 2391/2391/2378 2392/2392/2379
f 2327/2327/2314 2392/2392/2379 2328/2328/2315
f 2328/2328/2315 2392/2392/2379 2393/2393/2380
f 2328/2328/2315 2393/2393/2380 2329/2329/2316
f 2329/2329/2316 2393/2393/2380 2394/2394/2381
f 2329/2329/2316 2394/2394/2381 2330/2330/2317
f 2330/2330/2317 2394/2394/2381 2395/2395/2382
f 2330/2330/2317 2395/2395/2382 2331/2331/2318
f 2331/2331/2318 2395/2395/2382 2396/2396/2383
f 2331/2331/2318 2396/2396/2383 2332/2332/2319
f 2332/2332/2319 2396/2396/2383 2397/2397/2384
f 2332/2332/2319 2397/2397/2384 2333/2333/2320
f 2333/2333/2320 2397/2397/2384 2398/2398/2385
f 2333/2333/2320 2398/2398/2385 2334/2334/2321
f 2334/2334/2321 2398/2398/2385 2399/2399/2386
f 2334/2334/2321 2399/2399/2386 2335/2335/2322
f 2335/2335/2322 2399/2399/2386 2400/2400/2387
f 2335/2335/2322 2400/2400/2387 2336/2336/2323
f 2336/2336/2323 2400/2400/2387 2401/2401/2388
f 2336/2336/2323 2401/2401/2388 2337/2337/2324
f 2337/2337/2324 2401/2401/2388 2402/2402/2389
f 2337/2337/2324 2402/2402/2389 2338/2338/2325
f 2338/2338/2325 2402/2402/2389 2403/2403/2390
f 2338/2338/2325 2403/2403/2390 2339/2339/2326
f 2339/2339/2326 2403/2403/2390 2404/2404/2391
f 2339/2339/2326 2404/2404/2391 2340/2340/2327
f 2340/2340/2327 2404/2404/2391 2405/2405/2392
f 2341/2341/2328 2406/2406/2393 2342/2342/2329
f 2342/2342/2329 2406/2406/2393 2407/2407/2394
f 2342/2342/2329 2407/2407/2394 2343/2343/2330
f 2343/2343/2330 2407/2407/2394 2408/2408/2395
f 2343/2343/2330 2408/2408/2395 2344/2344/2331
f 2344/2344/2331 2408/2408/2395 2409/2409/2396
f 2344/2344/2331 2409/2409/2396 2345/2345/2332
f 2345/2345/2332 2409/2409/2396 2410/2410/2397
f 2345/2345/2332 2410/2410/2397 2346/2346/2333
f 2346/2346/2333 2410/2410/2397 2411/2411/2398
f 2346/2346/2333 2411/2411/2398 2347/2347/2334
f 2347/2347/2334 2411/2411/2398 2412/2412/2399
f 2347/2347/2334 2412/2412/2399 2348/2348/2335
f 2348/2348/2335 2412/2412/2399 2413/2413/2400
f 2348/2348/2335 2413/2413/2400 2349/2349/2336
f 2349/2349/2336 2413/2413/2400 2414/2414/2401
f 2349/2349/2336 2414/2414/2401 2350/2350/2337
f 2350/2350/2337 2414/2414/2401 2415/2415/2402
f 2350/2350/2337 2415/2415/2402 2351/2351/2338
f 2351/2351/2338 2415/2415/2402 2416/2416/2403
f 2351/2351/2338 2416/2416/2403 2352/2352/2339
f 2352/2352/2339 2416/2416/2403 2417/2417/2404
f 2352/2352/2339 2417/2417/2404 2353/2353/2340
f 2353/2353/2340 2417/2417/2404 2418/2418/2405
f 2353/2353/2340 2418/2418/2405 2354/2354/2341
f 2354/2354/2341 2418/2418/2405 2419/2419/2406
f 2354/2354/2341 2419/2419/2406 2355/2355/2342
f 2355/2355/2342 2419/2419/2406 2420/2420/2407
f 2355/2355/2342 2420/2420/2407 2356/2356/2343
f 2356/2356/2343 2420/2420/2407 2421/2421/2408
f 2356/2356/2343 2421/2421/2408 2357/2357/2344
f 2357/2357/2344 2421/2421/2408 2422/2422/2409
f 2357/2357/2344 2422/2422/2409 2358/2358/2345
f 2358/2358/2345 2422/2422/2409 2423/2423/2410
f 2358/2358/2345 2423/2423/2410 2359/2359/2346
f 2359/2359/2346 2423/2423/2410 2424/2424/2411
f 2359/2359/2346 2424/2424/2411 2360/2360/2347
f 2360/2360/2347 2424/2424/2411 2425/2425/2412
f 2360/2360/2347 2425/2425/2412 2361/2361/2348
f 2361/2361/2348 2425/2425/2412 2426/2426/2413
f 2361/2361/2348 2426/2426/2413 2362/2362/2349
f 2362/2362/2349 2426/2426/2413 2427/2427/2414
f 2362/2362/2349 2427/2427/2414 2363/2363/2350
f 2363/2363/2350 2427/2427/2414 2428/2428/2415
f 2363/2363/2350 2428/2428/2415 2364/2364/2351
f 2364/2364/2351 2428/2428/2415 2429/2429/2416
f 2364/2364/2351 2429/2429/2416 2365/2365/2352
f 2365/2365/2352 2429/2429/2416 2430/2430/2417
f 2365/2365/2352 2430/2430/2417 2366/2366/2353
f 2366/2366/2353 2430/2430/2417 2431/2431/2418
f 2366/2366/2353 2431/2431/2418 2367/2367/2354
f 2367/2367/2354 2431/2431/2418 2432/2432/2419
f 2367/2367/2354 2432/2432/2419 2368/2368/2355
f 2368/2368/2355 2432/2432/2419 2433/2433/2420
f 2368/2368/2355 2433/2433/2420 2369/2369/2356
f 2369/2369/2356 2433/2433/2420 2434/2434/2421
f 2369/2369/2356 2434/2434/2421 2370/2370/2357
f 2370/2370/2357 2434/2434/2421 2435/2435/2422
f 2370/2370/2357 2435/2435/2422 2371/2371/2358
f 2371/2371/2358 2435/2435/2422 2436/2436/2423
f 2371/2371/2358 2436/2436/2423 2372/2372/2359
f 2372/2372/2359 2436/2436/2423 2437/2437/2424
f 2372/2372/2359 2437/2437/2424 2373/2373/2360
f 2373/2373/2360 2437/2437/2424 2438/2438/2425
f 2373/2373/2360 2438/2438/2425 2374/2374/2361
f 2374/2374/2361 2438/2438/2425 2439/2439/2426
f 2374/2374/2361 2439/2439/2426 2375/2375/2362
f 2375/2375/2362 2439/2439/2426 2440/2440/2427
f 2375/2375/2362 2440/2440/2427 2376/2376/2363
f 2376/2376/2363 2440/2440/2427 2441/2441/2428
f 2376/2376/2363 2441/2441/2428 2377/2377/2364
f 2377/2377/2364 2441/2441/2428 2442/2442/2429
f 2377/2377/2364 2442/2442/2429 2378/2378/2365
f 2378/2378/2365 2442/2442/2429 2443/2443/2430
f 2378/2378/2365 2443/2443/2430 2379/2379/2366
f 2379/2379/2366 2443/2443/2430 2444/2444/2431
f 2379/2379/2366 2444/2444/2431 2380/2380/2367
f 2380/2380/2367 2444/2444/2431 2445/2445/2432
f 2380/2380/2367 2445/2445/2432 2381/2381/2368
f 2381/2381/2368 2445/2445/2432 2446/2446/2433
f 2381/2381/2368 2446/2446/2433 2382/2382/2369
f 2382/2382/2369 2446/2446/2433 2447/2447/2434
f 2382/2382/2369 2447/2447/2434 2383/2383/2370
f 2383/2383/2370 2447/2447/2434 2448/2448/2435
f 2383/2383/2370 2448/2448/2435 2384/2384/2371
f 2384/2384/2371 2448/2448/2435 2449/2449/2436
f 2384/2384/2371 2449/2449/2436 2385/2385/2372
f 2385/2385/2372 2449/2449/2436 2450/2450/2437
f 2385/2385/2372 2450/2450/2437 2386/2386/2373
f 2386/2386/2373 2450/2450/2437 2451/2451/2438
f 2386/2386/2373 2451/2451/2438 2387/2387/2374
f 2387/2387/2374 2451/2451/2438 2452/2452/2439
f 2387/2387/2374 2452/2452/2439 2388/2388/2375
f 2388/2388/2375 2452/2452/2439 2453/2453/2440
f 2388/2388/2375 2453/2453/2440 2389/2389/2376
f 2389/2389/2376 2453/2453/2440 2454/2454/2441
f 2389/2389/2376 2454/2454/2441 2390/2390/2377
f 2390/2390/2377 2454/2454/2441 2455/2455/2442
f 2390/2390/2377 2455/2455/2442 2391/2391/2378
f 2391/2391/2378 2455/2455/2442 2456/2456/2443
f 2391/2391/2378 2456/2456/2443 2392/2392/2379
f 2392/2392/2379 2456/2456/2443 2457/2457/2444
f 2392/2392/2379 2457/2457/2444 2393/2393/2380
f 2393/2393/2380 2457/2457/2444 2458/2458/2445
f 2393/2393/2380 2458/2458/2445 2394/2394/2381
f 2394/2394/2381 2458/2458/2445 2459/2459/2446
f 2394/2394/2381 2459/2459/2446 2395/2395/2382
f 2395/2395/2382 2459/2459/2446 2460/2460/2447
f 2395/2395/2382 2460/2460/2447 2396/2396/2383
f 2396/2396/2383 2460/2460/2447 2461/2461/2448
f 2396/2396/2383 2461/2461/2448 2397/2397/2384
f 2397/2397/2384 2461/2461/2448 2462/2462/2449
f 2397/2397/2384 2462/2462/2449 2398/2398/2385
f 2398/2398/2385 2462/2462/2449 2463/2463/2450
f 2398/2398/2385 2463/2463/2450 2399/2399/2386
f 2399/2399/2386 2463/2463/2450 2464/2464/2451
f 2399/2399/2386 2464/2464/2451 2400/2400/2387
f 2400/2400/2387 2464/2464/2451 2465/2465/2452
f 2400/2400/2387 2465/2465/2452 2401/2401/2388
f 2401/2401/2388 2465/2465/2452 2466/2466/2453
f 2401/2401/2388 2466/2466/2453 2402/2402/2389
f 2402/2402/2389 2466/2466/2453 2467/2467/2454
f 2402/2402/2389 2467/2467/2454 2403/2403/2390
f 2403/2403/2390 2467/2467/2454 2468/2468/2455
f 2403/2403/2390 2468/2468/2455 2404/2404/2391
f 2404/2404/2391 2468/2468/2455 2469/2469/2456
f 2404/2404/2391 2469/2469/2456 2405/2405/2392
f 2405/2405/2392 2469/2469/2456 2470/2470/2457
f 2406/2406/2393 2471/2471/2458 2407/2407/2394
f 2407/2407/2394 2471/2471/2458 2472/2472/2459
f 2407/2407/2394 2472/2472/2459 2408/2408/2395
f 2408/2408/2395 2472/2472/2459 2473/2473/2460
f 2408/2408/2395 2473/2473/2460 2409/2409/2396
f 2409/2409/2396 2473/2473/2460 2474/2474/2461
f 2409/2409/2396 2474/2474/2461 2410/2410/2397
f 2410/2410/2397 2474/2474/2461 2475/2475/2462
f 2410/2410/2397 2475/2475/2462 2411/2411/2398
f 2411/2411/2398 2475/2475/2462 2476/2476/2463
f 2411/2411/2398 2476/2476/2463 2412/2412/2399
f 2412/2412/2399 2476/2476/2463 2477/2477/2464
f 2412/2412/2399 2477/2477/2464 2413/2413/2400
f 2413/2413/2400 2477/2477/2464 2478/2478/2465
f 2413/2413/2400 2478/2478/2465 2414/2414/2401
f 2414/2414/2401 2478/2478/2465 2479/2479/2466
f 2414/2414/2401 2479/2479/2466 2415/2415/2402
f 2415/2415/2402 2479/2479/2466 2480/2480/2467
f 2415/2415/2402 2480/2480/2467 2416/2416/2403
f 2416/2416/2403 2480/2480/2467 2481/2481/2468
f 2416/2416/2403 2481/2481/2468 2417/2417/2404
f 2417/2417/2404 2481/2481/2468 2482/2482/2469
f 2417/2417/2404 2482/2482/2469 2418/2418/2405
f 2418/2418/2405 2482/2482/2469 2483/2483/2470
f 2418/2418/2405 2483/2483/2470 2419/2419/2406
f 2419/2419/2406 2483/2483/2470 2484/2484/2471
f 2419/2419/2406 2484/2484/2471 2420/2420/2407
f 2420/2420/2407 2484/2484/2471 2485/2485/2472
f 2420/2420/2407 2485/2485/2472 2421/2421/2408
f 2421/2421/2408 2485/2485/2472 2486/2486/2473
f 2421/2421/2408 2486/2486/2473 2422/2422/2409
f 2422/2422/2409 2486/2486/2473 2487/2487/2474
f 2422/2422/2409 2487/2487/2474 2423/2423/2410
f 2423/2423/2410 2487/2487/2474 2488/2488/2475
f 2423/2423/2410 2488/2488/2475 2424/2424/2411
f 2424/2424/2411 2488/2488/2475 2489/2489/2476
f 2424/2424/2411 2489/2489/2476 2425/2425/2412
f 2425/2425/2412 2489/2489/2476 2490/2490/2477
f 2425/2425/2412 2490/2490/2477 2426/2426/2413
f 2426/2426/2413 2490/2490/2477 2491/2491/2478
f 2426/2426/2413 2491/2491/2478 2427/2427/2414
f 2427/2427/2414 2491/2491/2478 2492/2492/2479
f 2427/2427/2414 2492/2492/2479 2428/2428/2415
f 2428/2428/2415 2492/2492/2479 2493/2493/2480
f 2428/2428/2415 2493/2493/2480 2429/2429/2416
f 2429/2429/2416 2493/2493/2480 2494/2494/2481
f 2429/2429/2416 2494/2494/2481 2430/2430/2417
f 2430/2430/2417 2494/2494/2481 2495/2495/2482
f 2430/2430/2417 2495/2495/2482 2431/2431/2418
f 2431/2431/2418 2495/2495/2482 2496/2496/2483
f 2431/2431/2418 2496/2496/2483 2432/2432/2419
f 2432/2432/2419 2496/2496/2483 2497/2497/2484
f 2432/2432/2419 2497/2497/2484 2433/2433/2420
f 2433/2433/2420 2497/2497/2484 2498/2498/2485
f 2433/2433/2420 2498/2498/2485 2434/2434/2421
f 2434/2434/2421 2498/2498/2485 2499/2499/2486
f 2434/2434/2421 2499/2499/2486 2435/2435/2422
f 2435/2435/2422 2499/2499/2486 2500/2500/2487
f 2435/2435/2422 2500/2500/2487 2436/2436/2423
f 2436/2436/2423 2500/2500/2487 2501/2501/2488
f 2436/2436/2423 2501/2501/2488 2437/2437/2424
f 2437/2437/2424 2501/2501/2488 2502/2502/2489
f 2437/2437/2424 2502/2502/2489 2438/2438/2425
f 2438/2438/2425 2502/2502/2489 2503/2503/2490
f 2438/2438/2425 2503/2503/2490 2439/2439/2426
f 2439/2439/2426 2503/2503/2490 2504/2504/2491
f 2439/2439/2426 2504/2504/2491 2440/2440/2427
f 2440/2440/2427 2504/2504/2491 2505/2505/2492
f 2440/2440/2427 2505/2505/2492 2441/2441/2428
f 2441/2441/2428 2505/2505/2492 2506/2506/2493
f 2441/2441/2428 2506/2506/2493 2442/2442/2429
f 2442/2442/2429 2506/2506/2493 2507/2507/2494
f 2442/2442/2429 2507/2507/2494 2443/2443/2430
f 2443/2443/2430 2507/2507/2494 2508/2508/2495
f 2443/2443/2430 2508/2508/2495 2444/2444/2431
f 2444/2444/2431 2508/2508/2495 2509/2509/2496
f 2444/2444/2431 2509/2509/2496 2445/2445/2432
f 2445/2445/2432 2509/2509/2496 2510/2510/2497
f 2445/2445/2432 2510/2510/2497 2446/2446/2433
f 2446/2446/2433 2510/2510/2497 2511/2511/2498
f 2446/2446/2433 2511/2511/2498 2447/2447/2434
f 2447/2447/2434 2511/2511/2498 2512/2512/2499
f 2447/2447/2434 2512/2512/2499 2448/2448/2435
f 2448/2448/2435 2512/2512/2499 2513/2513/2500
f 2448/2448/2435 2513/2513/2500 2449/2449/2436
f 2449/2449/2436 2513/2513/2500 2514/2514/2501
f 2449/2449/2436 2514/2514/2501 2450/2450/2437
f 2450/2450/2437 2514/2514/2501 2515/2515/2502
f 2450/2450/2437 2515/2515/2502 2451/2451/2438
f 2451/2451/2438 2515/2515/2502 2516/2516/2503
f 2451/2451/2438 2516/2516/2503 2452/2452/2439
f 2452/2452/2439 2516/2516/2503 2517/2517/2504
f 2452/2452/2439 2517/2517/2504 2453/2453/2440
f 2453/2453/2440 2517/2517/2504 2518/2518/2505
f 2453/2453/2440 2518/2518/2505 2454/2454/2441
f 2454/2454/2441 2518/2518/2505 2519/2519/2506
f 2454/2454/2441 2519/2519/2506 2455/2455/2442
f 2455/2455/2442 2519/2519/2506 2520/2520/2507
f 2455/2455/2442 2520/2520/2507 2456/2456/2443
f 2456/2456/2443 2520/2520/2507 2521/2521/2508
f 2456/2456/2443 2521/2521/2508 2457/2457/2444
f 2457/2457/2444 2521/2521/2508 2522/2522/2509
f 2457/2457/2444 2522/2522/2509 2458/2458/2445
f 2458/2458/2445 2522/2522/2509 2523/2523/2510
f 2458/2458/2445 2523/2523/2510 2459/2459/2446
f 2459/2459/2446 2523/2523/2510 2524/2524/2511
f 2459/2459/2446 2524/2524/2511 2460/2460/2447
f 2460/2460/2447 2524/2524/2511 2525/2525/2512
f 2460/2460/2447 2525/2525/2512 2461/2461/2448
f 2461/2461/2448 2525/2525/2512 2526/2526/2513
f 2461/2461/2448 2526/2526/2513 2462/2462/2449
f 2462/2462/2449 2526/2526/2513 2527/2527/2514
f 2462/2462/2449 2527/2527/2514 2463/2463/2450
f 2463/2463/2450 2527/2527/2514 2528/2528/2515
f 2463/2463/2450 2528/2528/2515 2464/2464/2451
f 2464/2464/2451 2528/2528/2515 2529/2529/2516
f 2464/2464/2451 2529/2529/2516 2465/2465/2452
f 2465/2465/2452 2529/2529/2516 2530/2530/2517
f 2465/2465/2452 2530/2530/2517 2466/2466/2453
f 2466/2466/2453 2530/2530/2517 2531/2531/2518
f 2466/2466/2453 2531/2531/2518 2467/2467/2454
f 2467/2467/2454 2531/2531/2518 2532/2532/2519
f 2467/2467/2454 2532/2532/2519 2468/2468/2455
f 2468/2468/2455 2532/2532/2519 2533/2533/2520
f 2468/2468/2455 2533/2533/2520 2469/2469/2456
f 2469/2469/2456 2533/2533/2520 2534/2534/2521
f 2469/2469/2456 2534/2534/2521 2470/2470/2457
f 2470/2470/2457 2534/2534/2521 2535/2535/2522
f 2471/2471/2458 2536/2536/2523 2472/2472/2459
f 2472/2472/2459 2536/2536/2523 2537/2537/2524
f 2472/2472/2459 2537/2537/2524 2473/2473/2460
f 2473/2473/2460 2537/2537/2524 2538/2538/2525
f 2473/2473/2460 2538/2538/2525 2474/2474/2461
f 2474/2474/2461 2538/2538/2525 2539/2539/2526
f 2474/2474/2461 2539/2539/2526 2475/2475/2462
f 2475/2475/2462 2539/2539/2526 2540/2540/2527
f 2475/2475/2462 2540/2540/2527 2476/2476/2463
f 2476/2476/2463 2540/2540/2527 2541/2541/2528
f 2476/2476/2463 2541/2541/2528 2477/2477/2464
f 2477/2477/2464 2541/2541/2528 2542/2542/2529
f 2477/2477/2464 2542/2542/2529 2478/2478/2465
f 2478/2478/2465 2542/2542/2529 2543/2543/2530
f 2478/2478/2465 2543/2543/2530 2479/2479/2466
f 2479/2479/2466 2543/2543/2530 2544/2544/2531
f 2479/2479/2466 2544/2544/2531 2480/2480/2467
f 2480/2480/2467 2544/2544/2531 2545/2545/2532
f 2480/2480/2467 2545/2545/2532 2481/2481/2468
f 2481/2481/2468 2545/2545/2532 2546/2546/2533
f 2481/2481/2468 2546/2546/2533 2482/2482/2469
f 2482/2482/2469 2546/2546/2533 2547/2547/2534
f 2482/2482/2469 2547/2547/2534 2483/2483/2470
f 2483/2483/2470 2547/2547/2534 2548/2548/2535
f 2483/2483/2470 2548/2548/2535 2484/2484/2471
f 2484/2484/2471 2548/2548/2535 2549/2549/2536
f 2484/2484/2471 2549/2549/2536 2485/2485/2472
f 2485/2485/2472 2549/2549/2536 2550/2550/2537
f 2485/2485/2472 2550/2550/2537 2486/2486/2473
f 2486/2486/2473 2550/2550/2537 2551/2551/2538
f 2486/2486/2473 2551/2551/2538 2487/2487/2474
f 2487/2487/2474 2551/2551/2538 2552/2552/2539
f 2487/2487/2474 2552/2552/2539 2488/2488/2475
f 2488/2488/2475 2552/2552/2539 2553/2553/2540
f 2488/2488/2475 2553/2553/2540 2489/2489/2476
f 2489/2489/2476 2553/2553/2540 2554/2554/2541
f 2489/2489/2476 2554/2554/2541 2490/2490/2477
f 2490/2490/2477 2554/2554/2541 2555/2555/2542
f 2490/2490/2477 2555/2555/2542 2491/2491/2478
f 2491/2491/2478 2555/2555/2542 2556/2556/2543
f 2491/2491/2478 2556/2556/2543 2492/2492/2479
f 2492/2492/2479 2556/2556/2543 2557/2557/2544
f 2492/2492/2479 2557/2557/2544 2493/2493/2480
f 2493/2493/2480 2557/2557/2544 2558/2558/2545
f 2493/2493/2480 2558/2558/2545 2494/2494/2481
f 2494/2494/2481 2558/2558/2545 2559/2559/2546
f 2494/2494/2481 2559/2559/2546 2495/2495/2482
f 2495/2495/2482 2559/2559/2546 2560/2560/2547
f 2495/2495/2482 2560/2560/2547 2496/2496/2483
f 2496/2496/2483 2560/2560/2547 2561/2561/2548
f 2496/2496/2483 2561/2561/2548 2497/2497/2484
f 2497/2497/2484 2561/2561/2548 2562/2562/2549
f 2497/2497/2484 2562/2562/2549 2498/2498/2485
f 2498/2498/2485 2562/2562/2549 2563/2563/2550
f 2498/2498/2485 2563/2563/2550 2499/2499/2486
f 2499/2499/2486 2563/2563/2550 2564/2564/2551
f 2499/2499/2486 2564/2564/2551 2500/2500/2487
f 2500/2500/2487 2564/2564/2551 2565/2565/2552
f 2500/2500/2487 2565/2565/2552 2501/2501/2488
f 2501/2501/2488 2565/2565/2552 2566/2566/2553
f 2501/2501/2488 2566/2566/2553 2502/2502/2489
f 2502/2502/2489 2566/2566/2553 2567/2567/2554
f 2502/2502/2489 2567/2567/2554 2503/2503/2490
f 2503/2503/2490 2567/2567/2554 2568/2568/2555
f 2503/2503/2490 2568/2568/2555 2504/2504/2491
f 2504/2504/2491 2568/2568/2555 2569/2569/2556
f 2504/2504/2491 2569/2569/2556 2505/2505/2492
f 2505/2505/2492 2569/2569/2556 2570/2570/2557
f 2505/2505/2492 2570/2570/2557 2506/2506/2493
f 2506/2506/2493 2570/2570/2557 2571/2571/2558
f 2506/2506/2493 2571/2571/2558 2507/2507/2494
f 2507/2507/2494 2571/2571/2558 2572/2572/2559
f 2507/2507/2494 2572/2572/2559 2508/2508/2495
f 2508/2508/2495 2572/2572/2559 2573/2573/2560
f 2508/2508/2495 2573/2573/2560 2509/2509/2496
f 2509/2509/2496 2573/2573/2560 2574/2574/2561
f 2509/2509/2496 2574/2574/2561 2510/2510/2497
f 2510/2510/2497 2574/2574/2561 2575/2575/2562
f 2510/2510/2497 2575/2575/2562 2511/2511/2498
f 2511/2511/2498 2575/2575/2562 2576/2576/2563
f 2511/2511/2498 2576/2576/2563 2512/2512/2499
f 2512/2512/2499 2576/2576/2563 2577/2577/2564
f 2512/2512/2499 2577/2577/2564 2513/2513/2500
f 2513/2513/2500 2577/2577/2564 2578/2578/2565
f 2513/2513/2500 2578/2578/2565 2514/2514/2501
f 2514/2514/2501 2578/2578/2565 2579/2579/2566
f 2514/2514/2501 2579/2579/2566 2515/2515/2502
f 2515/2515/2502 2579/2579/2566 2580/2580/2567
f 2515/2515/2502 2580/2580/2567 2516/2516/2503
f 2516/2516/2503 2580/2580/2567 2581/2581/2568
f 2516/2516/2503 2581/2581/2568 2517/2517/2504
f 2517/2517/2504 2581/2581/2568 2582/2582/2569
f 2517/2517/2504 2582/2582/2569 2518/2518/2505
f 2518/2518/2505 2582/2582/2569 2583/2583/2570
f 2518/2518/2505 2583/2583/2570 2519/2519/2506
f 2519/2519/2506 2583/2583/2570 2584/2584/2571
f 2519/2519/2506 2584/2584/2571 2520/2520/2507
f 2520/2520/2507 2584/2584/2571 2585/2585/2572
f 2520/2520/2507 2585/2585/2572 2521/2521/2508
f 2521/2521/2508 2585/2585/2572 2586/2586/2573
f 2521/2521/2508 2586/2586/2573 2522/2522/2509
f 2522/2522/2509 2586/2586/2573 2587/2587/2574
f 2522/2522/2509 2587/2587/2574 2523/2523/2510
f 2523/2523/2510 2587/2587/2574 2588/2588/2575
f 2523/2523/2510 2588/2588/2575 2524/2524/2511
f 2524/2524/2511 2588/2588/2575 2589/2589/2576
f 2524/2524/2511 2589/2589/2576 2525/2525/2512
f 2525/2525/2512 2589/2589/2576 2590/2590/2577
f 2525/2525/2512 2590/2590/2577 2526/2526/2513
f 2526/2526/2513 2590/2590/2577 2591/2591/2578
f 2526/2526/2513 2591/2591/2578 2527/2527/2514
f 2527/2527/2514 2591/2591/2578 2592/2592/2579
f 2527/2527/2514 2592/2592/2579 2528/2528/2515
f 2528/2528/2515 2592/2592/2579 2593/2593/2580
f 2528/2528/2515 2593/2593/2580 2529/2529/2516
f 2529/2529/2516 2593/2593/2580 2594/2594/2581
f 2529/2529/2516 2594/2594/2581 2530/2530/2517
f 2530/2530/2517 2594/2594/2581 2595/2595/2582
f 2530/2530/2517 2595/2595/2582 2531/2531/2518
f 2531/2531/2518 2595/2595/2582 2596/2596/2583
f 2531/2531/2518 2596/2596/2583 2532/2532/2519
f 2532/2532/2519 2596/2596/2583 2597/2597/2584
f 2532/2532/2519 2597/2597/2584 2533/2533/2520
f 2533/2533/2520 2597/2597/2584 2598/2598/2585
f 2533/2533/2520 2598/2598/2585 2534/2534/2521
f 2534/2534/2521 2598/2598/2585 2599/2599/2586
f 2534/2534/2521 2599/2599/2586 2535/2535/2522
f 2535/2535/2522 2599/2599/2586 2600/2600/2587
f 2536/2536/2523 2601/2601/2588 2537/2537/2524
f 2537/2537/2524 2601/2601/2588 2602/2602/2589
f 2537/2537/2524 2602/2602/2589 2538/2538/2525
f 2538/2538/2525 2602/2602/2589 2603/2603/2590
f 2538/2538/2525 2603/2603/2590 2539/2539/2526
f 2539/2539/2526 2603/2603/2590 2604/2604/2591
f 2539/2539/2526 2604/2604/2591 2540/2540/2527
f 2540/2540/2527 2604/2604/2591 2605/2605/2592
f 2540/2540/2527 2605/2605/2592 2541/2541/2528
f 2541/2541/2528 2605/2605/2592 2606/2606/2593
f 2541/2541/2528 2606/2606/2593 2542/2542/2529
f 2542/2542/2529 2606/2606/2593 2607/2607/2594
f 2542/2542/2529 2607/2607/2594 2543/2543/2530
f 2543/2543/2530 2607/2607/2594 2608/2608/2595
f 2543/2543/2530 2608/2608/2595 2544/2544/2531
f 2544/2544/2531 2608/2608/2595 2609/2609/2596
f 2544/2544/2531 2609/2609/2596 2545/2545/2532
f 2545/2545/2532 2609/2609/2596 2610/2610/2597
f 2545/2545/2532 2610/2610/2597 2546/2546/2533
f 2546/2546/2533 2610/2610/2597 2611/2611/2598
f 2546/2546/2533 2611/2611/2598 2547/2547/2534
f 2547/2547/2534 2611/2611/2598 2612/2612/2599
f 2547/2547/2534 2612/2612/2599 2548/2548/2535
f 2548/2548/2535 2612/2612/2599 2613/2613/2600
f 2548/2548/2535 2613/2613/2600 2549/2549/2536
f 2549/2549/2536 2613/2613/2600 2614/2614/2601
f 2549/2549/2536 2614/2614/2601 2550/2550/2537
f 2550/2550/2537 2614/2614/2601 2615/2615/2602
f 2550/2550/2537 2615/2615/2602 2551/2551/2538
f 2551/2551/2538 2615/2615/2602 2616/2616/2603
f 2551/2551/2538 2616/2616/2603 2552/2552/2539
f 2552/2552/2539 2616/2616/2603 2617/2617/2604
f 2552/2552/2539 2617/2617/2604 2553/2553/2540
f 2553/2553/2540 2617/2617/2604 2618/2618/2605
f 2553/2553/2540 2618/2618/2605 2554/2554/2541
f 2554/2554/2541 2618/2618/2605 2619/2619/2606
f 2554/2554/2541 2619/2619/2606 2555/2555/2542
f 2555/2555/2542 2619/2619/2606 2620/2620/2607
f 2555/2555/2542 2620/2620/2607 2556/2556/2543
f 2556/2556/2543 2620/2620/2607 2621/2621/2608
f 2556/2556/2543 2621/2621/2608 2557/2557/2544
f 2557/2557/2544 2621/2621/2608 2622/2622/2609
f 2557/2557/2544 2622/2622/2609 2558/2558/2545
f 2558/2558/2545 2622/2622/2609 2623/2623/2610
f 2558/2558/2545 2623/2623/2610 2559/2559/2546
f 2559/2559/2546 2623/2623/2610 2624/2624/2611
f 2559/2559/2546 2624/2624/2611 2560/2560/2547
f 2560/2560/2547 2624/2624/2611 2625/2625/2612
f 2560/2560/2547 2625/2625/2612 2561/2561/2548
f 2561/2561/2548 2625/2625/2612 2626/2626/2613
f 2561/2561/2548 2626/2626/2613 2562/2562/2549
f 2562/2562/2549 2626/2626/2613 2627/2627/2614
f 2562/2562/2549 2627/2627/2614 2563/2563/2550
f 2563/2563/2550 2627/2627/2614 2628/2628/2615
f 2563/2563/2550 2628/2628/2615 2564/2564/2551
f 2564/2564/2551 2628/2628/2615 2629/2629/2616
f 2564/2564/2551 2629/2629/2616 2565/2565/2552
f 2565/2565/2552 2629/2629/2616 2630/2630/2617
f 2565/2565/2552 2630/2630/2617 2566/2566/2553
f 2566/2566/2553 2630/2630/2617 2631/2631/2618
f 2566/2566/2553 2631/2631/2618 2567/2567/2554
f 2567/2567/2554 2631/2631/2618 2632/2632/2619
f 2567/2567/2554 2632/2632/2619 2568/2568/2555
f 2568/2568/2555 2632/2632/2619 2633/2633/2620
f 2568/2568/2555 2633/2633/2620 2569/2569/2556
f 2569/2569/2556 2633/2633/2620 2634/2634/2621
f 2569/2569/2556 2634/2634/2621 2570/2570/2557
f 2570/2570/2557 2634/2634/2621 2635/2635/2622
f 2570/2570/2557 2635/2635/2622 2571/2571/2558
f 2571/2571/2558 2635/2635/2622 2636/2636/2623
f 2571/2571/2558 2636/2636/2623 2572/2572/2559
f 2572/2572/2559 2636/2636/2623 2637/2637/2624
f 2572/2572/2559 2637/2637/2624 2573/2573/2560
f 2573/2573/2560 2637/2637/2624 2638/2638/2625
f 2573/2573/2560 2638/2638/2625 2574/2574/2561
f 2574/2574/2561 2638/2638/2625 2639/2639/2626
f 2574/2574/2561 2639/2639/2626 2575/2575/2562
f 2575/2575/2562 2639/2639/2626 2640/2640/2627
f 2575/2575/2562 2640/2640/2627 2576/2576/2563
f 2576/2576/2563 2640/2640/2627 2641/2641/2628
f 2576/2576/2563 2641/2641/2628 2577/2577/2564
f 2577/2577/2564 2641/2641/2628 2642/2642/2629
f 2577/2577/2564 2642/2642/2629 2578/2578/2565
f 2578/2578/2565 2642/2642/2629 2643/2643/2630
f 2578/2578/2565 2643/2643/2630 2579/2579/2566
f 2579/2579/2566 2643/2643/2630 2644/2644/2631
f 2579/2579/2566 2644/2644/2631 2580/2580/2567
f 2580/2580/2567 2644/2644/2631 2645/2645/2632
f 2580/2580/2567 2645/2645/2632 2581/2581/2568
f 2581/2581/2568 2645/2645/2632 2646/2646/2633
f 2581/2581/2568 2646/2646/2633 2582/2582/2569
f 2582/2582/2569 2646/2646/2633 2647/2647/2634
f 2582/2582/2569 2647/2647/2634 2583/2583/2570
f 2583/2583/2570 2647/2647/2634 2648/2648/2635
f 2583/2583/2570 2648/2648/2635 2584/2584/2571
f 2584/2584/2571 2648/2648/2635 2649/2649/2636
f 2584/2584/2571 2649/2649/2636 2585/2585/2572
f 2585/2585/2572 2649/2649/2636 2650/2650/2637
f 2585/2585/2572 2650/2650/2637 2586/2586/2573
f 2586/2586/2573 2650/2650/2637 2651/2651/2638
f 2586/2586/2573 2651/2651/2638 2587/2587/2574
f 2587/2587/2574 2651/2651/2638 2652/2652/2639
f 2587/2587/2574 2652/2652/2639 2588/2588/2575
f 2588/2588/2575 2652/2652/2639 2653/2653/2640
f 2588/2588/2575 2653/2653/2640 2589/2589/2576
f 2589/2589/2576 2653/2653/2640 2654/2654/2641
f 2589/2589/2576 2654/2654/2641 2590/2590/2577
f 2590/2590/2577 2654/2654/2641 2655/2655/2642
f 2590/2590/2577 2655/2655/2642 2591/2591/2578
f 2591/2591/2578 2655/2655/2642 2656/2656/2643
f 2591/2591/2578 2656/2656/2643 2592/2592/2579
f 2592/2592/2579 2656/2656/2643 2657/2657/2644
f 2592/2592/2579 2657/2657/2644 2593/2593/2580
f 2593/2593/2580 2657/2657/2644 2658/2658/2645
f 2593/2593/2580 2658/2658/2645 2594/2594/2581
f 2594/2594/2581 2658/2658/2645 2659/2659/2646
f 2594/2594/2581 2659/2659/2646 2595/2595/2582
f 2595/2595/2582 2659/2659/2646 2660/2660/2647
f 2595/2595/2582 2660/2660/2647 2596/2596/2583
f 2596/2596/2583 2660/2660/2647 2661/2661/2648
f 2596/2596/2583 2661/2661/2648 2597/2597/2584
f 2597/2597/2584 2661/2661/2648 2662/2662/2649
f 2597/2597/2584 2662/2662/2649 2598/2598/2585
f 2598/2598/2585 2662/2662/2649 2663/2663/2650
f 2598/2598/2585 2663/2663/2650 2599/2599/2586
f 2599/2599/2586 2663/2663/2650 2664/2664/2651
f 2599/2599/2586 2664/2664/2651 2600/2600/2587
f 2600/2600/2587 2664/2664/2651 2665/2665/2652
f 2601/2601/2588 2666/2666/2653 2602/2602/2589
f 2602/2602/2589 2666/2666/2653 2667/2667/2654
f 2602/2602/2589 2667/2667/2654 2603/2603/2590
f 2603/2603/2590 2667/2667/2654 2668/2668/2655
f 2603/2603/2590 2668/2668/2655 2604/2604/2591
f 2604/2604/2591 2668/2668/2655 2669/2669/2656
f 2604/2604/2591 2669/2669/2656 2605/2605/2592
f 2605/2605/2592 2669/2669/2656 2670/2670/2657
f 2605/2605/2592 2670/2670/2657 2606/2606/2593
f 2606/2606/2593 2670/2670/2657 2671/2671/2658
f 2606/2606/2593 2671/2671/2658 2607/2607/2594
f 2607/2607/2594 2671/2671/2658 2672/2672/2659
f 2607/2607/2594 2672/2672/2659 2608/2608/2595
f 2608/2608/2595 2672/2672/2659 2673/2673/2660
f 2608/2608/2595 2673/2673/2660 2609/2609/2596
f 2609/2609/2596 2673/2673/2660 2674/2674/2661
f 2609/2609/2596 2674/2674/2661 2610/2610/2597
f 2610/2610/2597 2674/2674/2661 2675/2675/2662
f 2610/2610/2597 2675/2675/2662 2611/2611/2598
f 2611/2611/2598 2675/2675/2662 2676/2676/2663
f 2611/2611/2598 2676/2676/2663 2612/2612/2599
f 2612/2612/2599 2676/2676/2663 2677/2677/2664
f 2612/2612/2599 2677/2677/2664 2613/2613/2600
f 2613/2613/2600 2677/2677/2664 2678/2678/2665
f 2613/2613/2600 2678/2678/2665 2614/2614/2601
f 2614/2614/2601 2678/2678/2665 2679/2679/2666
f 2614/2614/2601 2679/2679/2666 2615/2615/2602
f 2615/2615/2602 2679/2679/2666 2680/2680/2667
f 2615/2615/2602 2680/2680/2667 2616/2616/2603
f 2616/2616/2603 2680/2680/2667 2681/2681/2668
f 2616/2616/2603 2681/2681/2668 2617/2617/2604
f 2617/2617/2604 2681/2681/2668 2682/2682/2669
f 2617/2617/2604 2682/2682/2669 2618/2618/2605
f 2618/2618/2605 2682/2682/2669 2683/2683/2670
f 2618/2618/2605 2683/2683/2670 2619/2619/2606
f 2619/2619/2606 2683/2683/2670 2684/2684/2671
f 2619/2619/2606 2684/2684/2671 2620/2620/2607
f 2620/2620/2607 2684/2684/2671 2685/2685/2672
f 2620/2620/2607 2685/2685/2672 2621/2621/2608
f 2621/2621/2608 2685/2685/2672 2686/2686/2673
f 2621/2621/2608 2686/2686/2673 2622/2622/2609
f 2622/2622/2609 2686/2686/2673 2687/2687/2674
f 2622/2622/2609 2687/2687/2674 2623/2623/2610
f 2623/2623/2610 2687/2687/2674 2688/2688/2675
f 2623/2623/2610 2688/2688/2675 2624/2624/2611
f 2624/2624/2611 2688/2688/2675 2689/2689/2676
f 2624/2624/2611 2689/2689/2676 2625/2625/2612
f 2625/2625/2612 2689/2689/2676 2690/2690/2677
f 2625/2625/2612 2690/2690/2677 2626/2626/2613
f 2626/2626/2613 2690/2690/2677 2691/2691/2678
f 2626/2626/2613 2691/2691/2678 2627/2627/2614
f 2627/2627/2614 2691/2691/2678 2692/2692/2679
f 2627/2627/2614 2692/2692/2679 2628/2628/2615
f 2628/2628/2615 2692/2692/2679 2693/2693/2680
f 2628/2628/2615 2693/2693/2680 2629/2629/2616
f 2629/2629/2616 2693/2693/2680 2694/2694/2681
f 2629/2629/2616 2694/2694/2681 2630/2630/2617
f 2630/2630/2617 2694/2694/2681 2695/2695/2682
f 2630/2630/2617 2695/2695/2682 2631/2631/2618
f 2631/2631/2618 2695/2695/2682 2696/2696/2683
f 2631/2631/2618 2696/2696/2683 2632/2632/2619
f 2632/2632/2619 2696/2696/2683 2697/2697/2684
f 2632/2632/2619 2697/2697/2684 2633/2633/2620
f 2633/2633/2620 2697/2697/2684 2698/2698/2685
f 2633/2633/2620 2698/2698/2685 2634/2634/2621
f 2634/2634/2621 2698/2698/2685 2699/2699/2686
f 2634/2634/2621 2699/2699/2686 2635/2635/2622
f 2635/2635/2622 2699/2699/2686 2700/2700/2687
f 2635/2635/2622 2700/2700/2687 2636/2636/2623
f 2636/2636/2623 2700/2700/2687 2701/2701/2688
f 2636/2636/2623 2701/2701/2688 2637/2637/2624
f 2637/2637/2624 2701/2701/2688 2702/2702/2689
f 2637/2637/2624 2702/2702/2689 2638/2638/2625
f 2638/2638/2625 2702/2702/2689 2703/2703/2690
f 2638/2638/2625 2703/2703/2690 2639/2639/2626
f 2639/2639/2626 2703/2703/2690 2704/2704/2691
f 2639/2639/2626 2704/2704/2691 2640/2640/2627
f 2640/2640/2627 2704/2704/2691 2705/2705/2692
f 2640/2640/2627 2705/2705/2692 2641/2641/2628
f 2641/2641/2628 2705/2705/2692 2706/2706/2693
f 2641/2641/2628 2706/2706/2693 2642/2642/2629
f 2642/2642/2629 2706/2706/2693 2707/2707/2694
f 2642/2642/2629 2707/2707/2694 2643/2643/2630
f 2643/2643/2630 2707/2707/2694 2708/2708/2695
f 2643/2643/2630 2708/2708/2695 2644/2644/2631
f 2644/2644/2631 2708/2708/2695 2709/2709/2696
f 2644/2644/2631 2709/2709/2696 2645/2645/2632
f 2645/2645/2632 2709/2709/2696 2710/2710/2697
f 2645/2645/2632 2710/2710/2697 2646/2646/2633
f 2646/2646/2633 2710/2710/2697 2711/2711/2698
f 2646/2646/2633 2711/2711/2698 2647/2647/2634
f 2647/2647/2634 2711/2711/2698 2712/2712/2699
f 2647/2647/2634 2712/2712/2699 2648/2648/2635
f 2648/2648/2635 2712/2712/2699 2713/2713/2700
f 2648/2648/2635 2713/2713/2700 2649/2649/2636
f 2649/2649/2636 2713/2713/2700 2714/2714/2701
f 2649/2649/2636 2714/2714/2701 2650/2650/2637
f 2650/2650/2637 2714/2714/2701 2715/2715/2702
f 2650/2650/2637 2715/2715/2702 2651/2651/2638
f 2651/2651/2638 2715/2715/2702 2716/2716/2703
f 2651/2651/2638 2716/2716/2703 2652/2652/2639
f 2652/2652/2639 2716/2716/2703 2717/2717/2704
f 2652/2652/2639 2717/2717/2704 2653/2653/2640
f 2653/2653/2640 2717/2717/2704 2718/2718/2705
f 2653/2653/2640 2718/2718/2705 2654/2654/2641
f 2654/2654/2641 2718/2718/2705 2719/2719/2706
f 2654/2654/2641 2719/2719/2706 2655/2655/2642
f 2655/2655/2642 2719/2719/2706 2720/2720/2707
f 2655/2655/2642 2720/2720/2707 2656/2656/2643
f 2656/2656/2643 2720/2720/2707 2721/2721/2708
f 2656/2656/2643 2721/2721/2708 2657/2657/2644
f 2657/2657/2644 2721/2721/2708 2722/2722/2709
f 2657/2657/2644 2722/2722/2709 2658/2658/2645
f 2658/2658/2645 2722/2722/2709 2723/2723/2710
f 2658/2658/2645 2723/2723/2710 2659/2659/2646
f 2659/2659/2646 2723/2723/2710 2724/2724/2711
f 2659/2659/2646 2724/2724/2711 2660/2660/2647
f 2660/2660/2647 2724/2724/2711 2725/2725/2712
f 2660/2660/2647 2725/2725/2712 2661/2661/2648
f 2661/2661/2648 2725/2725/2712 2726/2726/2713
f 2661/2661/2648 2726/2726/2713 2662/2662/2649
f 2662/2662/2649 2726/2726/2713 2727/2727/2714
f 2662/2662/2649 2727/2727/2714 2663/2663/2650
f 2663/2663/2650 2727/2727/2714 2728/2728/2715
f 2663/2663/2650 2728/2728/2715 2664/2664/2651
f 2664/2664/2651 2728/2728/2715 2729/2729/2716
f 2664/2664/2651 2729/2729/2716 2665/2665/2652
f 2665/2665/2652 2729/2729/2716 2730/2730/2717
f 2666/2666/2653 2731/2731/2718 2667/2667/2654
f 2667/2667/2654 2731/2731/2718 2732/2732/2719
f 2667/2667/2654 2732/2732/2719 2668/2668/2655
f 2668/2668/2655 2732/2732/2719 2733/2733/2720
f 2668/2668/2655 2733/2733/2720 2669/2669/2656
f 2669/2669/2656 2733/2733/2720 2734/2734/2721
f 2669/2669/2656 2734/2734/2721 2670/2670/2657
f 2670/2670/2657 2734/2734/2721 2735/2735/2722
f 2670/2670/2657 2735/2735/2722 2671/2671/2658
f 2671/2671/2658 2735/2735/2722 2736/2736/2723
f 2671/2671/2658 2736/2736/2723 2672/2672/2659
f 2672/2672/2659 2736/2736/2723 2737/2737/2724
f 2672/2672/2659 2737/2737/2724 2673/2673/2660
f 2673/2673/2660 2737/2737/2724 2738/2738/2725
f 2673/2673/2660 2738/2738/2725 2674/2674/2661
f 2674/2674/2661 2738/2738/2725 2739/2739/2726
f 2674/2674/2661 2739/2739/2726 2675/2675/2662
f 2675/2675/2662 2739/2739/2726 2740/2740/2727
f 2675/2675/2662 2740/2740/2727 2676/2676/2663
f 2676/2676/2663 2740/2740/2727 2741/2741/2728
f 2676/2676/2663 2741/2741/2728 2677/2677/2664
f 2677/2677/2664 2741/2741/2728 2742/2742/2729
f 2677/2677/2664 2742/2742/2729 2678/2678/2665
f 2678/2678/2665 2742/2742/2729 2743/2743/2730
f 2678/2678/2665 2743/2743/2730 2679/2679/2666
f 2679/2679/2666 2743/2743/2730 2744/2744/2731
f 2679/2679/2666 2744/2744/2731 2680/2680/2667
f 2680/2680/2667 2744/2744/2731 2745/2745/2732
f 2680/2680/2667 2745/2745/2732 2681/2681/2668
f 2681/2681/2668 2745/2745/2732 2746/2746/2733
f 2681/2681/2668 2746/2746/2733 2682/2682/2669
f 2682/2682/2669 2746/2746/2733 2747/2747/2734
f 2682/2682/2669 2747/2747/2734 2683/2683/2670
f 2683/2683/2670 2747/2747/2734 2748/2748/2735
f 2683/2683/2670 2748/2748/2735 2684/2684/2671
f 2684/2684/2671 2748/2748/2735 2749/2749/2736
f 2684/2684/2671 2749/2749/2736 2685/2685/2672
f 2685/2685/2672 2749/2749/2736 2750/2750/2737
f 2685/2685/2672 2750/2750/2737 2686/2686/2673
f 2686/2686/2673 2750/2750/2737 2751/2751/2738
f 2686/2686/2673 2751/2751/2738 2687/2687/2674
f 2687/2687/2674 2751/2751/2738 2752/2752/2739
f 2687/2687/2674 2752/2752/2739 2688/2688/2675
f 2688/2688/2675 2752/2752/2739 2753/2753/2740
f 2688/2688/2675 2753/2753/2740 2689/2689/2676
f 2689/2689/2676 2753/2753/2740 2754/2754/2741
f 2689/2689/2676 2754/2754/2741 2690/2690/2677
f 2690/2690/2677 2754/2754/2741 2755/2755/2742
f 2690/2690/2677 2755/2755/2742 2691/2691/2678
f 2691/2691/2678 2755/2755/2742 2756/2756/2743
f 2691/2691/2678 2756/2756/2743 2692/2692/2679
f 2692/2692/2679 2756/2756/2743 2757/2757/2744
f 2692/2692/2679 2757/2757/2744 2693/2693/2680
f 2693/2693/2680 2757/2757/2744 2758/2758/2745
f 2693/2693/2680 2758/2758/2745 2694/2694/2681
f 2694/2694/2681 2758/2758/2745 2759/2759/2746
f 2694/2694/2681 2759/2759/2746 2695/2695/2682
f 2695/2695/2682 2759/2759/2746 2760/2760/2747
f 2695/2695/2682 2760/2760/2747 2696/2696/2683
f 2696/2696/2683 2760/2760/2747 2761/2761/2748
f 2696/2696/2683 2761/2761/2748 2697/2697/2684
f 2697/2697/2684 2761/2761/2748 2762/2762/2749
f 2697/2697/2684 2762/2762/2749 2698/2698/2685
f 2698/2698/2685 2762/2762/2749 2763/2763/2750
f 2698/2698/2685 2763/2763/2750 2699/2699/2686
f 2699/2699/2686 2763/2763/2750 2764/2764/2751
f 2699/2699/2686 2764/2764/2751 2700/2700/2687
f 2700/2700/2687 2764/2764/2751 2765/2765/2752
f 2700/2700/2687 2765/2765/2752 2701/2701/2688
f 2701/2701/2688 2765/2765/2752 2766/2766/2753
f 2701/2701/2688 2766/2766/2753 2702/2702/2689
f 2702/2702/2689 2766/2766/2753 2767/2767/2754
f 2702/2702/2689 2767/2767/2754 2703/2703/2690
f 2703/2703/2690 2767/2767/2754 2768/2768/2755
f 2703/2703/2690 2768/2768/2755 2704/2704/2691
f 2704/2704/2691 2768/2768/2755 2769/2769/2756
f 2704/2704/2691 2769/2769/2756 2705/2705/2692
f 2705/2705/2692 2769/2769/2756 2770/2770/2757
f 2705/2705/2692 2770/2770/2757 2706/2706/2693
f 2706/2706/2693 2770/2770/2757 2771/2771/2758
f 2706/2706/2693 2771/2771/2758 2707/2707/2694
f 2707/2707/2694 2771/2771/2758 2772/2772/2759
f 2707/2707/2694 2772/2772/2759 2708/2708/2695
f 2708/2708/2695 2772/2772/2759 2773/2773/2760
f 2708/2708/2695 2773/2773/2760 2709/2709/2696
f 2709/2709/2696 2773/2773/2760 2774/2774/2761
f 2709/2709/2696 2774/2774/2761 2710/2710/2697
f 2710/2710/2697 2774/2774/2761 2775/2775/2762
f 2710/2710/2697 2775/2775/2762 2711/2711/2698
f 2711/2711/2698 2775/2775/2762 2776/2776/2763
f 2711/2711/2698 2776/2776/2763 2712/2712/2699
f 2712/2712/2699 2776/2776/2763 2777/2777/2764
f 2712/2712/2699 2777/2777/2764 2713/2713/2700
f 2713/2713/2700 2777/2777/2764 2778/2778/2765
f 2713/2713/2700 2778/2778/2765 2714/2714/2701
f 2714/2714/2701 2778/2778/2765 2779/2779/2766
f 2714/2714/2701 2779/2779/2766 2715/2715/2702
f 2715/2715/2702 2779/2779/2766 2780/2780/2767
f 2715/2715/2702 2780/2780/2767 2716/2716/2703
f 2716/2716/2703 2780/2780/2767 2781/2781/2768
f 2716/2716/2703 2781/2781/2768 2717/2717/2704
f 2717/2717/2704 2781/2781/2768 2782/2782/2769
f 2717/2717/2704 2782/2782/2769 2718/2718/2705
f 2718/2718/2705 2782/2782/2769 2783/2783/2770
f 2718/2718/2705 2783/2783/2770 2719/2719/2706
f 2719/2719/2706 2783/2783/2770 2784/2784/2771
f 2719/2719/2706 2784/2784/2771 2720/2720/2707
f 2720/2720/2707 2784/2784/2771 2785/2785/2772
f 2720/2720/2707 2785/2785/2772 2721/2721/2708
f 2721/2721/2708 2785/2785/2772 2786/2786/2773
f 2721/2721/2708 2786/2786/2773 2722/2722/2709
f 2722/2722/2709 2786/2786/2773 2787/2787/2774
f 2722/2722/2709 2787/2787/2774 2723/2723/2710
f 2723/2723/2710 2787/2787/2774 2788/2788/2775
f 2723/2723/2710 2788/2788/2775 2724/2724/2711
f 2724/2724/2711 2788/2788/2775 2789/2789/2776
f 2724/2724/2711 2789/2789/2776 2725/2725/2712
f 2725/2725/2712 2789/2789/2776 2790/2790/2777
f 2725/2725/2712 2790/2790/2777 2726/2726/2713
f 2726/2726/2713 2790/2790/2777 2791/2791/2778
f 2726/2726/2713 2791/2791/2778 2727/2727/2714
f 2727/2727/2714 2791/2791/2778 2792/2792/2779
f 2727/2727/2714 2792/2792/2779 2728/2728/2715
f 2728/2728/2715 2792/2792/2779 2793/2793/2780
f 2728/2728/2715 2793/2793/2780 2729/2729/2716
f 2729/2729/2716 2793/2793/2780 2794/2794/2781
f 2729/2729/2716 2794/2794/2781 2730/2730/2717
f 2730/2730/2717 2794/2794/2781 2795/2795/2782
f 2731/2731/2718 2796/2796/2783 2732/2732/2719
f 2732/2732/2719 2796/2796/2783 2797/2797/2784
f 2732/2732/2719 2797/2797/2784 2733/2733/2720
f 2733/2733/2720 2797/2797/2784 2798/2798/2785
f 2733/2733/2720 2798/2798/2785 2734/2734/2721
f 2734/2734/2721 2798/2798/2785 2799/2799/2786
f 2734/2734/2721 2799/2799/2786 2735/2735/2722
f 2735/2735/2722 2799/2799/2786 2800/2800/2787
f 2735/2735/2722 2800/2800/2787 2736/2736/2723
f 2736/2736/2723 2800/2800/2787 2801/2801/2788
f 2736/2736/2723 2801/2801/2788 2737/2737/2724
f 2737/2737/2724 2801/2801/2788 2802/2802/2789
f 2737/2737/2724 2802/2802/2789 2738/2738/2725
f 2738/2738/2725 2802/2802/2789 2803/2803/2790
f 2738/2738/2725 2803/2803/2790 2739/2739/2726
f 2739/2739/2726 2803/2803/2790 2804/2804/2791
f 2739/2739/2726 2804/2804/2791 2740/2740/2727
f 2740/2740/2727 2804/2804/2791 2805/2805/2792
f 2740/2740/2727 2805/2805/2792 2741/2741/2728
f 2741/2741/2728 2805/2805/2792 2806/2806/2793
f 2741/2741/2728 2806/2806/2793 2742/2742/2729
f 2742/2742/2729 2806/2806/2793 2807/2807/2794
f 2742/2742/2729 2807/2807/2794 2743/2743/2730
f 2743/2743/2730 2807/2807/2794 2808/2808/2795
f 2743/2743/2730 2808/2808/2795 2744/2744/2731
f 2744/2744/2731 2808/2808/2795 2809/2809/2796
f 2744/2744/2731 2809/2809/2796 2745/2745/2732
f 2745/2745/2732 2809/2809/2796 2810/2810/2797
f 2745/2745/2732 2810/2810/2797 2746/2746/2733
f 2746/2746/2733 2810/2810/2797 2811/2811/2798
f 2746/2746/2733 2811/2811/2798 2747/2747/2734
f 2747/2747/2734 2811/2811/2798 2812/2812/2799
f 2747/2747/2734 2812/2812/2799 2748/2748/2735
f 2748/2748/2735 2812/2812/2799 2813/2813/2800
f 2748/2748/2735 2813/2813/2800 2749/2749/2736
f 2749/2749/2736 2813/2813/2800 2814/2814/2801
f 2749/2749/2736 2814/2814/2801 2750/2750/2737
f 2750/2750/2737 2814/2814/2801 2815/2815/2802
f 2750/2750/2737 2815/2815/2802 2751/2751/2738
f 2751/2751/2738 2815/2815/2802 2816/2816/2803
f 2751/2751/2738 2816/2816/2803 2752/2752/2739
f 2752/2752/2739 2816/2816/2803 2817/2817/2804
f 2752/2752/2739 2817/2817/2804 2753/2753/2740
f 2753/2753/2740 2817/2817/2804 2818/2818/2805
f 2753/2753/2740 2818/2818/2805 2754/2754/2741
f 2754/2754/2741 2818/2818/2805 2819/2819/2806
f 2754/2754/2741 2819/2819/2806 2755/2755/2742
f 2755/2755/2742 2819/2819/2806 2820/2820/2807
f 2755/2755/2742 2820/2820/2807 2756/2756/2743
f 2756/2756/2743 2820/2820/2807 2821/2821/2808
f 2756/2756/2743 2821/2821/2808 2757/2757/2744
f 2757/2757/2744 2821/2821/2808 2822/2822/2809
f 2757/2757/2744 2822/2822/2809 2758/2758/2745
f 2758/2758/2745 2822/2822/2809 2823/2823/2810
f 2758/2758/2745 2823/2823/2810 2759/2759/2746
f 2759/2759/2746 2823/2823/2810 2824/2824/2811
f 2759/2759/2746 2824/2824/2811 2760/2760/2747
f 2760/2760/2747 2824/2824/2811 2825/2825/2812
f 2760/2760/2747 2825/2825/2812 2761/2761/2748
f 2761/2761/2748 2825/2825/2812 2826/2826/2813
f 2761/2761/2748 2826/2826/2813 2762/2762/2749
f 2762/2762/2749 2826/2826/2813 2827/2827/2814
f 2762/2762/2749 2827/2827/2814 2763/2763/2750
f 2763/2763/2750 2827/2827/2814 2828/2828/2815
f 2763/2763/2750 2828/2828/2815 2764/2764/2751
f 2764/2764/2751 2828/2828/2815 2829/2829/2816
f 2764/2764/2751 2829/2829/2816 2765/2765/2752
f 2765/2765/2752 2829/2829/2816 2830/2830/2817
f 2765/2765/2752 2830/2830/2817 2766/2766/2753
f 2766/2766/2753 2830/2830/2817 2831/2831/2818
f 2766/2766/2753 2831/2831/2818 2767/2767/2754
f 2767/2767/2754 2831/2831/2818 2832/2832/2819
f 2767/2767/2754 2832/2832/2819 2768/2768/2755
f 2768/2768/2755 2832/2832/2819 2833/2833/2820
f 2768/2768/2755 2833/2833/2820 2769/2769/2756
f 2769/2769/2756 2833/2833/2820 2834/2834/2821
f 2769/2769/2756 2834/2834/2821 2770/2770/2757
f 2770/2770/2757 2834/2834/2821 2835/2835/2822
f 2770/2770/2757 2835/2835/2822 2771/2771/2758
f 2771/2771/2758 2835/2835/2822 2836/2836/2823
f 2771/2771/2758 2836/2836/2823 2772/2772/2759
f 2772/2772/2759 2836/2836/2823 2837/2837/2824
f 2772/2772/2759 2837/2837/2824 2773/2773/2760
f 2773/2773/2760 2837/2837/2824 2838/2838/2825
f 2773/2773/2760 2838/2838/2825 2774/2774/2761
f 2774/2774/2761 2838/2838/2825 2839/2839/2826
f 2774/2774/2761 2839/2839/2826 2775/2775/2762
f 2775/2775/2762 2839/2839/2826 2840/2840/2827
f 2775/2775/2762 2840/2840/2827 2776/2776/2763
f 2776/2776/2763 2840/2840/2827 2841/2841/2828
f 2776/2776/2763 2841/2841/2828 2777/2777/2764
f 2777/2777/2764 2841/2841/2828 2842/2842/2829
f 2777/2777/2764 2842/2842/2829 2778/2778/2765
f 2778/2778/2765 2842/2842/2829 2843/2843/2830
f 2778/2778/2765 2843/2843/2830 2779/2779/2766
f 2779/2779/2766 2843/2843/2830 2844/2844/2831
f 2779/2779/2766 2844/2844/2831 2780/2780/2767
f 2780/2780/2767 2844/2844/2831 2845/2845/2832
f 2780/2780/2767 2845/2845/2832 2781/2781/2768
f 2781/2781/2768 2845/2845/2832 2846/2846/2833
f 2781/2781/2768 2846/2846/2833 2782/2782/2769
f 2782/2782/2769 2846/2846/2833 2847/2847/2834
f 2782/2782/2769 2847/2847/2834 2783/2783/2770
f 2783/2783/2770 2847/2847/2834 2848/2848/2835
f 2783/2783/2770 2848/2848/2835 2784/2784/2771
f 2784/2784/2771 2848/2848/2835 2849/2849/2836
f 2784/2784/2771 2849/2849/2836 2785/2785/2772
f 2785/2785/2772 2849/2849/2836 2850/2850/2837
f 2785/2785/2772 2850/2850/2837 2786/2786/2773
f 2786/2786/2773 2850/2850/2837 2851/2851/2838
f 2786/2786/2773 2851/2851/2838 2787/2787/2774
f 2787/2787/2774 2851/2851/2838 2852/2852/2839
f 2787/2787/2774 2852/2852/2839 2788/2788/2775
f 2788/2788/2775 2852/2852/2839 2853/2853/2840
f 2788/2788/2775 2853/2853/2840 2789/2789/2776
f 2789/2789/2776 2853/2853/2840 2854/2854/2841
f 2789/2789/2776 2854/2854/2841 2790/2790/2777
f 2790/2790/2777 2854/2854/2841 2855/2855/2842
f 2790/2790/2777 2855/2855/2842 2791/2791/2778
f 2791/2791/2778 2855/2855/2842 2856/2856/2843
f 2791/2791/2778 2856/2856/2843 2792/2792/2779
f 2792/2792/2779 2856/2856/2843 2857/2857/2844
f 2792/2792/2779 2857/2857/2844 2793/2793/2780
f 2793/2793/2780 2857/2857/2844 2858/2858/2845
f 2793/2793/2780 2858/2858/2845 2794/2794/2781
f 2794/2794/2781 2858/2858/2845 2859/2859/2846
f 2794/2794/2781 2859/2859/2846 2795/2795/2782
f 2795/2795/2782 2859/2859/2846 2860/2860/2847
f 2796/2796/2783 2861/2861/2848 2797/2797/2784
f 2797/2797/2784 2861/2861/2848 2862/2862/2849
f 2797/2797/2784 2862/2862/2849 2798/2798/2785
f 2798/2798/2785 2862/2862/2849 2863/2863/2850
f 2798/2798/2785 2863/2863/2850 2799/2799/2786
f 2799/2799/2786 2863/2863/2850 2864/2864/2851
f 2799/2799/2786 2864/2864/2851 2800/2800/2787
f 2800/2800/2787 2864/2864/2851 2865/2865/2852
f 2800/2800/2787 2865/2865/2852 2801/2801/2788
f 2801/2801/2788 2865/2865/2852 2866/2866/2853
f 2801/2801/2788 2866/2866/2853 2802/2802/2789
f 2802/2802/2789 2866/2866/2853 2867/2867/2854
f 2802/2802/2789 2867/2867/2854 2803/2803/2790
f 2803/2803/2790 2867/2867/2854 2868/2868/2855
f 2803/2803/2790 2868/2868/2855 2804/2804/2791
f 2804/2804/2791 2868/2868/2855 2869/2869/2856
f 2804/2804/2791 2869/2869/2856 2805/2805/2792
f 2805/2805/2792 2869/2869/2856 2870/2870/2857
f 2805/2805/2792 2870/2870/2857 2806/2806/2793
f 2806/2806/2793 2870/2870/2857 2871/2871/2858
f 2806/2806/2793 2871/2871/2858 2807/2807/2794
f 2807/2807/2794 2871/2871/2858 2872/2872/2859
f 2807/2807/2794 2872/2872/2859 2808/2808/2795
f 2808/2808/2795 2872/2872/2859 2873/2873/2860
f 2808/2808/2795 2873/2873/2860 2809/2809/2796
f 2809/2809/2796 2873/2873/2860 2874/2874/2861
f 2809/2809/2796 2874/2874/2861 2810/2810/2797
f 2810/2810/2797 2874/2874/2861 2875/2875/2862
f 2810/2810/2797 2875/2875/2862 2811/2811/2798
f 2811/2811/2798 2875/2875/2862 2876/2876/2863
f 2811/2811/2798 2876/2876/2863 2812/2812/2799
f 2812/2812/2799 2876/2876/2863 2877/2877/2864
f 2812/2812/2799 2877/2877/2864 2813/2813/2800
f 2813/2813/2800 2877/2877/2864 2878/2878/2865
f 2813/2813/2800 2878/2878/2865 2814/2814/2801
f 2814/2814/2801 2878/2878/2865 2879/2879/2866
f 2814/2814/2801 2879/2879/2866 2815/2815/2802
f 2815/2815/2802 2879/2879/2866 2880/2880/2867
f 2815/2815/2802 2880/2880/2867 2816/2816/2803
f 2816/2816/2803 2880/2880/2867 2881/2881/2868
f 2816/2816/2803 2881/2881/2868 2817/2817/2804
f 2817/2817/2804 2881/2881/2868 2882/2882/2869
f 2817/2817/2804 2882/2882/2869 2818/2818/2805
f 2818/2818/2805 2882/2882/2869 2883/2883/2870
f 2818/2818/2805 2883/2883/2870 2819/2819/2806
f 2819/2819/2806 2883/2883/2870 2884/2884/2871
f 2819/2819/2806 2884/2884/2871 2820/2820/2807
f 2820/2820/2807 2884/2884/2871 2885/2885/2872
f 2820/2820/2807 2885/2885/2872 2821/2821/2808
f 2821/2821/2808 2885/2885/2872 2886/2886/2873
f 2821/2821/2808 2886/2886/2873 2822/2822/2809
f 2822/2822/2809 2886/2886/2873 2887/2887/2874
f 2822/2822/2809 2887/2887/2874 2823/2823/2810
f 2823/2823/2810 2887/2887/2874 2888/2888/2875
f 2823/2823/2810 2888/2888/2875 2824/2824/2811
f 2824/2824/2811 2888/2888/2875 2889/2889/2876
f 2824/2824/2811 2889/2889/2876 2825/2825/2812
f 2825/2825/2812 2889/2889/2876 2890/2890/2877
f 2825/2825/2812 2890/2890/2877 2826/2826/2813
f 2826/2826/2813 2890/2890/2877 2891/2891/2878
f 2826/2826/2813 2891/2891/2878 2827/2827/2814
f 2827/2827/2814 2891/2891/2878 2892/2892/2879
f 2827/2827/2814 2892/2892/2879 2828/2828/2815
f 2828/2828/2815 2892/2892/2879 2893/2893/2880
f 2828/2828/2815 2893/2893/2880 2829/2829/2816
f 2829/2829/2816 2893/2893/2880 2894/2894/2881
f 2829/2829/2816 2894/2894/2881 2830/2830/2817
f 2830/2830/2817 2894/2894/2881 2895/2895/2882
f 2830/2830/2817 2895/2895/2882 2831/2831/2818
f 2831/2831/2818 2895/2895/2882 2896/2896/2883
f 2831/2831/2818 2896/2896/2883 2832/2832/2819
f 2832/2832/2819 2896/2896/2883 2897/2897/2884
f 2832/2832/2819 2897/2897/2884 2833/2833/2820
f 2833/2833/2820 2897/2897/2884 2898/2898/2885
f 2833/2833/2820 2898/2898/2885 2834/2834/2821
f 2834/2834/2821 2898/2898/2885 2899/2899/2886
f 2834/2834/2821 2899/2899/2886 2835/2835/2822
f 2835/2835/2822 2899/2899/2886 2900/2900/2887
f 2835/2835/2822 2900/2900/2887 2836/2836/2823
f 2836/2836/2823 2900/2900/2887 2901/2901/2888
f 2836/2836/2823 2901/2901/2888 2837/2837/2824
f 2837/2837/2824 2901/2901/2888 2902/2902/2889
f 2837/2837/2824 2902/2902/2889 2838/2838/2825
f 2838/2838/2825 2902/2902/2889 2903/2903/2890
f 2838/2838/2825 2903/2903/2890 2839/2839/2826
f 2839/2839/2826 2903/2903/2890 2904/2904/2891
f 2839/2839/2826 2904/2904/2891 2840/2840/2827
f 2840/2840/2827 2904/2904/2891 2905/2905/2892
f 2840/2840/2827 2905/2905/2892 2841/2841/2828
f 2841/2841/2828 2905/2905/2892 2906/2906/2893
f 2841/2841/2828 2906/2906/2893 2842/2842/2829
f 2842/2842/2829 2906/2906/2893 2907/2907/2894
f 2842/2842/2829 2907/2907/2894 2843/2843/2830
f 2843/2843/2830 2907/2907/2894 2908/2908/2895
f 2843/2843/2830 2908/2908/2895 2844/2844/2831
f 2844/2844/2831 2908/2908/2895 2909/2909/2896
f 2844/2844/2831 2909/2909/2896 2845/2845/2832
f 2845/2845/2832 2909/2909/2896 2910/2910/2897
f 2845/2845/2832 2910/2910/2897 2846/2846/2833
f 2846/2846/2833 2910/2910/2897 2911/2911/2898
f 2846/2846/2833 2911/2911/2898 2847/2847/2834
f 2847/2847/2834 2911/2911/2898 2912/2912/2899
f 2847/2847/2834 2912/2912/2899 2848/2848/2835
f 2848/2848/2835 2912/2912/2899 2913/2913/2900
f 2848/2848/2835 2913/2913/2900 2849/2849/2836
f 2849/2849/2836 2913/2913/2900 2914/2914/2901
f 2849/2849/2836 2914/2914/2901 2850/2850/2837
f 2850/2850/2837 2914/2914/2901 2915/2915/2902
f 2850/2850/2837 2915/2915/2902 2851/2851/2838
f 2851/2851/2838 2915/2915/2902 2916/2916/2903
f 2851/2851/2838 2916/2916/2903 2852/2852/2839
f 2852/2852/2839 2916/2916/2903 2917/2917/2904
f 2852/2852/2839 2917/2917/2904 2853/2853/2840
f 2853/2853/2840 2917/2917/2904 2918/2918/2905
f 2853/2853/2840 2918/2918/2905 2854/2854/2841
f 2854/2854/2841 2918/2918/2905 2919/2919/2906
f 2854/2854/2841 2919/2919/2906 2855/2855/2842
f 2855/2855/2842 2919/2919/2906 2920/2920/2907
f 2855/2855/2842 2920/2920/2907 2856/2856/2843
f 2856/2856/2843 2920/2920/2907 2921/2921/2908
f 2856/2856/2843 2921/2921/2908 2857/2857/2844
f 2857/2857/2844 2921/2921/2908 2922/2922/2909
f 2857/2857/2844 2922/2922/2909 2858/2858/2845
f 2858/2858/2845 2922/2922/2909 2923/2923/2910
f 2858/2858/2845 2923/2923/2910 2859/2859/2846
f 2859/2859/2846 2923/2923/2910 2924/2924/2911
f 2859/2859/2846 2924/2924/2911 2860/2860/2847
f 2860/2860/2847 2924/2924/2911 2925/2925/2912
f 2861/2861/2848 2926/2926/2913 2862/2862/2849
f 2862/2862/2849 2926/2926/2913 2927/2927/2914
f 2862/2862/2849 2927/2927/2914 2863/2863/2850
f 2863/2863/2850 2927/2927/2914 2928/2928/2915
f 2863/2863/2850 2928/2928/2915 2864/2864/2851
f 2864/2864/2851 2928/2928/2915 2929/2929/2916
f 2864/2864/2851 2929/2929/2916 2865/2865/2852
f 2865/2865/2852 2929/2929/2916 2930/2930/2917
f 2865/2865/2852 2930/2930/2917 2866/2866/2853
f 2866/2866/2853 2930/2930/2917 2931/2931/2918
f 2866/2866/2853 2931/2931/2918 2867/2867/2854
f 2867/2867/2854 2931/2931/2918 2932/2932/2919
f 2867/2867/2854 2932/2932/2919 2868/2868/2855
f 2868/2868/2855 2932/2932/2919 2933/2933/2920
f 2868/2868/2855 2933/2933/2920 2869/2869/2856
f 2869/2869/2856 2933/2933/2920 2934/2934/2921
f 2869/2869/2856 2934/2934/2921 2870/2870/2857
f 2870/2870/2857 2934/2934/2921 2935/2935/2922
f 2870/2870/2857 2935/2935/2922 2871/2871/2858
f 2871/2871/2858 2935/2935/2922 2936/2936/2923
f 2871/2871/2858 2936/2936/2923 2872/2872/2859
f 2872/2872/2859 2936/2936/2923 2937/2937/2924
f 2872/2872/2859 2937/2937/2924 2873/2873/2860
f 2873/2873/2860 2937/2937/2924 2938/2938/2925
f 2873/2873/2860 2938/2938/2925 2874/2874/2861
f 2874/2874/2861 2938/2938/2925 2939/2939/2926
f 2874/2874/2861 2939/2939/2926 2875/2875/2862
f 2875/2875/2862 2939/2939/2926 2940/2940/2927
f 2875/2875/2862 2940/2940/2927 2876/2876/2863
f 2876/2876/2863 2940/2940/2927 2941/2941/2928
f 2876/2876/2863 2941/2941/2928 2877/2877/2864
f 2877/2877/2864 2941/2941/2928 2942/2942/2929
f 2877/2877/2864 2942/2942/2929 2878/2878/2865
f 2878/2878/2865 2942/2942/2929 2943/2943/2930
f 2878/2878/2865 2943/2943/2930 2879/2879/2866
f 2879/2879/2866 2943/2943/2930 2944/2944/2931
f 2879/2879/2866 2944/2944/2931 2880/2880/2867
f 2880/2880/2867 2944/2944/2931 2945/2945/2932
f 2880/2880/2867 2945/2945/2932 2881/2881/2868
f 2881/2881/2868 2945/2945/2932 2946/2946/2933
f 2881/2881/2868 2946/2946/2933 2882/2882/2869
f 2882/2882/2869 2946/2946/2933 2947/2947/2934
f 2882/2882/2869 2947/2947/2934 2883/2883/2870
f 2883/2883/2870 2947/2947/2934 2948/2948/2935
f 2883/2883/2870 2948/2948/2935 2884/2884/2871
f 2884/2884/2871 2948/2948/2935 2949/2949/2936
f 2884/2884/2871 2949/2949/2936 2885/2885/2872
f 2885/2885/2872 2949/2949/2936 2950/2950/2937
f 2885/2885/2872 2950/2950/2937 2886/2886/2873
f 2886/2886/2873 2950/2950/2937 2951/2951/2938
f 2886/2886/2873 2951/2951/2938 2887/2887/2874
f 2887/2887/2874 2951/2951/2938 2952/2952/2939
f 2887/2887/2874 2952/2952/2939 2888/2888/2875
f 2888/2888/2875 2952/2952/2939 2953/2953/2940
f 2888/2888/2875 2953/2953/2940 2889/2889/2876
f 2889/2889/2876 2953/2953/2940 2954/2954/2941
f 2889/2889/2876 2954/2954/2941 2890/2890/2877
f 2890/2890/2877 2954/2954/2941 2955/2955/2942
f 2890/2890/2877 2955/2955/2942 2891/2891/2878
f 2891/2891/2878 2955/2955/2942 2956/2956/2943
f 2891/2891/2878 2956/2956/2943 2892/2892/2879
f 2892/2892/2879 2956/2956/2943 2957/2957/2944
f 2892/2892/2879 2957/2957/2944 2893/2893/2880
f 2893/2893/2880 2957/2957/2944 2958/2958/2945
f 2893/2893/2880 2958/2958/2945 2894/2894/2881
f 2894/2894/2881 2958/2958/2945 2959/2959/2946
f 2894/2894/2881 2959/2959/2946 2895/2895/2882
f 2895/2895/2882 2959/2959/2946 2960/2960/2947
f 2895/2895/2882 2960/2960/2947 2896/2896/2883
f 2896/2896/2883 2960/2960/2947 2961/2961/2948
f 2896/2896/2883 2961/2961/2948 2897/2897/2884
f 2897/2897/2884 2961/2961/2948 2962/2962/2949
f 2897/2897/2884 2962/2962/2949 2898/2898/2885
f 2898/2898/2885 2962/2962/2949 2963/2963/2950
f 2898/2898/2885 2963/2963/2950 2899/2899/2886
f 2899/2899/2886 2963/2963/2950 2964/2964/2951
f 2899/2899/2886 2964/2964/2951 2900/2900/2887
f 2900/2900/2887 2964/2964/2951 2965/2965/2952
f 2900/2900/2887 2965/2965/2952 2901/2901/2888
f 2901/2901/2888 2965/2965/2952 2966/2966/2953
f 2901/2901/2888 2966/2966/2953 2902/2902/2889
f 2902/2902/2889 2966/2966/2953 2967/2967/2954
f 2902/2902/2889 2967/2967/2954 2903/2903/2890
f 2903/2903/2890 2967/2967/2954 2968/2968/2955
f 2903/2903/2890 2968/2968/2955 2904/2904/2891
f 2904/2904/2891 2968/2968/2955 2969/2969/2956
f 2904/2904/2891 2969/2969/2956 2905/2905/2892
f 2905/2905/2892 2969/2969/2956 2970/2970/2957
f 2905/2905/2892 2970/2970/2957 2906/2906/2893
f 2906/2906/2893 2970/2970/2957 2971/2971/2958
f 2906/2906/2893 2971/2971/2958 2907/2907/2894
f 2907/2907/2894 2971/2971/2958 2972/2972/2959
f 2907/2907/2894 2972/2972/2959 2908/2908/2895
f 2908/2908/2895 2972/2972/2959 2973/2973/2960
f 2908/2908/2895 2973/2973/2960 2909/2909/2896
f 2909/2909/2896 2973/2973/2960 2974/2974/2961
f 2909/2909/2896 2974/2974/2961 2910/2910/2897
f 2910/2910/2897 2974/2974/2961 2975/2975/2962
f 2910/2910/2897 2975/2975/2962 2911/2911/2898
f 2911/2911/2898 2975/2975/2962 2976/2976/2963
f 2911/2911/2898 2976/2976/2963 2912/2912/2899
f 2912/2912/2899 2976/2976/2963 2977/2977/2964
f 2912/2912/2899 2977/2977/2964 2913/2913/2900
f 2913/2913/2900 2977/2977/2964 2978/2978/2965
f 2913/2913/2900 2978/2978/2965 2914/2914/2901
f 2914/2914/2901 2978/2978/2965 2979/2979/2966
f 2914/2914/2901 2979/2979/2966 2915/2915/2902
f 2915/2915/2902 2979/2979/2966 2980/2980/2967
f 2915/2915/2902 2980/2980/2967 2916/2916/2903
f 2916/2916/2903 2980/2980/2967 2981/2981/2968
f 2916/2916/2903 2981/2981/2968 2917/2917/2904
f 2917/2917/2904 2981/2981/2968 2982/2982/2969
f 2917/2917/2904 2982/2982/2969 2918/2918/2905
f 2918/2918/2905 2982/2982/2969 2983/2983/2970
f 2918/2918/2905 2983/2983/2970 2919/2919/2906
f 2919/2919/2906 2983/2983/2970 2984/2984/2971
f 2919/2919/2906 2984/2984/2971 2920/2920/2907
f 2920/2920/2907 2984/2984/2971 2985/2985/2972
f 2920/2920/2907 2985/2985/2972 2921/2921/2908
f 2921/2921/2908 2985/2985/2972 2986/2986/2973
f 2921/2921/2908 2986/2986/2973 2922/2922/2909
f 2922/2922/2909 2986/2986/2973 2987/2987/2974
f 2922/2922/2909 2987/2987/2974 2923/2923/2910
f 2923/2923/2910 2987/2987/2974 2988/2988/2975
f 2923/2923/2910 2988/2988/2975 2924/2924/2911
f 2924/2924/2911 2988/2988/2975 2989/2989/2976
f 2924/2924/2911 2989/2989/2976 2925/2925/2912
f 2925/2925/2912 2989/2989/2976 2990/2990/2977
f 2926/2926/2913 2991/2991/2978 2927/2927/2914
f 2927/2927/2914 2991/2991/2978 2992/2992/2979
f 2927/2927/2914 2992/2992/2979 2928/2928/2915
f 2928/2928/2915 2992/2992/2979 2993/2993/2980
f 2928/2928/2915 2993/2993/2980 2929/2929/2916
f 2929/2929/2916 2993/2993/2980 2994/2994/2981
f 2929/2929/2916 2994/2994/2981 2930/2930/2917
f 2930/2930/2917 2994/2994/2981 2995/2995/2982
f 2930/2930/2917 2995/2995/2982 2931/2931/2918
f 2931/2931/2918 2995/2995/2982 2996/2996/2983
f 2931/2931/2918 2996/2996/2983 2932/2932/2919
f 2932/2932/2919 2996/2996/2983 2997/2997/2984
f 2932/2932/2919 2997/2997/2984 2933/2933/2920
f 2933/2933/2920 2997/2997/2984 2998/2998/2985
f 2933/2933/2920 2998/2998/2985 2934/2934/2921
f 2934/2934/2921 2998/2998/2985 2999/2999/2986
f 2934/2934/2921 2999/2999/2986 2935/2935/2922
f 2935/2935/2922 2999/2999/2986 3000/3000/2987
f 2935/2935/2922 3000/3000/2987 2936/2936/2923
f 2936/2936/2923 3000/3000/2987 3001/3001/2988
f 2936/2936/2923 3001/3001/2988 2937/2937/2924
f 2937/2937/2924 3001/3001/2988 3002/3002/2989
f 2937/2937/2924 3002/3002/2989 2938/2938/2925
f 2938/2938/2925 3002/3002/2989 3003/3003/2990
f 2938/2938/2925 3003/3003/2990 2939/2939/2926
f 2939/2939/2926 3003/3003/2990 3004/3004/2991
f 2939/2939/2926 3004/3004/2991 2940/2940/2927
f 2940/2940/2927 3004/3004/2991 3005/3005/2992
f 2940/2940/2927 3005/3005/2992 2941/2941/2928
f 2941/2941/2928 3005/3005/2992 3006/3006/2993
f 2941/2941/2928 3006/3006/2993 2942/2942/2929
f 2942/2942/2929 3006/3006/2993 3007/3007/2994
f 2942/2942/2929 3007/3007/2994 2943/2943/2930
f 2943/2943/2930 3007/3007/2994 3008/3008/2995
f 2943/2943/2930 3008/3008/2995 2944/2944/2931
f 2944/2944/2931 3008/3008/2995 3009/3009/2996
f 2944/2944/2931 3009/3009/2996 2945/2945/2932
f 2945/2945/2932 3009/3009/2996 3010/3010/2997
f 2945/2945/2932 3010/3010/2997 2946/2946/2933
f 2946/2946/2933 3010/3010/2997 3011/3011/2998
f 2946/2946/2933 3011/3011/2998 2947/2947/2934
f 2947/2947/2934 3011/3011/2998 3012/3012/2999
f 2947/2947/2934 3012/3012/2999 2948/2948/2935
f 2948/2948/2935 3012/3012/2999 3013/3013/3000
f 2948/2948/2935 3013/3013/3000 2949/2949/2936
f 2949/2949/2936 3013/3013/3000 3014/3014/3001
f 2949/2949/2936 3014/3014/3001 2950/2950/2937
f 2950/2950/2937 3014/3014/3001 3015/3015/3002
f 2950/2950/2937 3015/3015/3002 2951/2951/2938
f 2951/2951/2938 3015/3015/3002 3016/3016/3003
f 2951/2951/2938 3016/3016/3003 2952/2952/2939
f 2952/2952/2939 3016/3016/3003 3017/3017/3004
f 2952/2952/2939 3017/3017/3004 2953/2953/2940
f 2953/2953/2940 3017/3017/3004 3018/3018/3005
f 2953/2953/2940 3018/3018/3005 2954/2954/2941
f 2954/2954/2941 3018/3018/3005 3019/3019/3006
f 2954/2954/2941 3019/3019/3006 2955/2955/2942
f 2955/2955/2942 3019/3019/3006 3020/3020/3007
f 2955/2955/2942 3020/3020/3007 2956/2956/2943
f 2956/2956/2943 3020/3020/3007 3021/3021/3008
f 2956/2956/2943 3021/3021/3008 2957/2957/2944
f 2957/2957/2944 3021/3021/3008 3022/3022/3009
f 2957/2957/2944 3022/3022/3009 2958/2958/2945
f 2958/2958/2945 3022/3022/3009 3023/3023/3010
f 2958/2958/2945 3023/3023/3010 2959/2959/2946
f 2959/2959/2946 3023/3023/3010 3024/3024/3011
f 2959/2959/2946 3024/3024/3011 2960/2960/2947
f 2960/2960/2947 3024/3024/3011 3025/3025/3012
f 2960/2960/2947 3025/3025/3012 2961/2961/2948
f 2961/2961/2948 3025/3025/3012 3026/3026/3013
f 2961/2961/2948 3026/3026/3013 2962/2962/2949
f 2962/2962/2949 3026/3026/3013 3027/3027/3014
f 2962/2962/2949 3027/3027/3014 2963/2963/2950
f 2963/2963/2950 3027/3027/3014 3028/3028/3015
f 2963/2963/2950 3028/3028/3015 2964/2964/2951
f 2964/2964/2951 3028/3028/3015 3029/3029/3016
f 2964/2964/2951 3029/3029/3016 2965/2965/2952
f 2965/2965/2952 3029/3029/3016 3030/3030/3017
f 2965/2965/2952 3030/3030/3017 2966/2966/2953
f 2966/2966/2953 3030/3030/3017 3031/3031/3018
f 2966/2966/2953 3031/3031/3018 2967/2967/2954
f 2967/2967/2954 3031/3031/3018 3032/3032/3019
f 2967/2967/2954 3032/3032/3019 2968/2968/2955
f 2968/2968/2955 3032/3032/3019 3033/3033/3020
f 2968/2968/2955 3033/3033/3020 2969/2969/2956
f 2969/2969/2956 3033/3033/3020 3034/3034/3021
f 2969/2969/2956 3034/3034/3021 2970/2970/2957
f 2970/2970/2957 3034/3034/3021 3035/3035/3022
f 2970/2970/2957 3035/3035/3022 2971/2971/2958
f 2971/2971/2958 3035/3035/3022 3036/3036/3023
f 2971/2971/2958 3036/3036/3023 2972/2972/2959
f 2972/2972/2959 3036/3036/3023 3037/3037/3024
f 2972/2972/2959 3037/3037/3024 2973/2973/2960
f 2973/2973/2960 3037/3037/3024 3038/3038/3025
f 2973/2973/2960 3038/3038/3025 2974/2974/2961
f 2974/2974/2961 3038/3038/3025 3039/3039/3026
f 2974/2974/2961 3039/3039/3026 2975/2975/2962
f 2975/2975/2962 3039/3039/3026 3040/3040/3027
f 2975/2975/2962 3040/3040/3027 2976/2976/2963
f 2976/2976/2963 3040/3040/3027 3041/3041/3028
f 2976/2976/2963 3041/3041/3028 2977/2977/2964
f 2977/2977/2964 3041/3041/3028 3042/3042/3029
f 2977/2977/2964 3042/3042/3029 2978/2978/2965
f 2978/2978/2965 3042/3042/3029 3043/3043/3030
f 2978/2978/2965 3043/3043/3030 2979/2979/2966
f 2979/2979/2966 3043/3043/3030 3044/3044/3031
f 2979/2979/2966 3044/3044/3031 2980/2980/2967
f 2980/2980/2967 3044/3044/3031 3045/3045/3032
f 2980/2980/2967 3045/3045/3032 2981/2981/2968
f 2981/2981/2968 3045/3045/3032 3046/3046/3033
f 2981/2981/2968 3046/3046/3033 2982/2982/2969
f 2982/2982/2969 3046/3046/3033 3047/3047/3034
f 2982/2982/2969 3047/3047/3034 2983/2983/2970
f 2983/2983/2970 3047/3047/3034 3048/3048/3035
f 2983/2983/2970 3048/3048/3035 2984/2984/2971
f 2984/2984/2971 3048/3048/3035 3049/3049/3036
f 2984/2984/2971 3049/3049/3036 2985/2985/2972
f 2985/2985/2972 3049/3049/3036 3050/3050/3037
f 2985/2985/2972 3050/3050/3037 2986/2986/2973
f 2986/2986/2973 3050/3050/3037 3051/3051/3038
f 2986/2986/2973 3051/3051/3038 2987/2987/2974
f 2987/2987/2974 3051/3051/3038 3052/3052/3039
f 2987/2987/2974 3052/3052/3039 2988/2988/2975
f 2988/2988/2975 3052/3052/3039 3053/3053/3040
f 2988/2988/2975 3053/3053/3040 2989/2989/2976
f 2989/2989/2976 3053/3053/3040 3054/3054/3041
f 2989/2989/2976 3054/3054/3041 2990/2990/2977
f 2990/2990/2977 3054/3054/3041 3055/3055/3042
f 2991/2991/2978 3056/3056/3043 2992/2992/2979
f 2992/2992/2979 3056/3056/3043 3057/3057/3044
f 2992/2992/2979 3057/3057/3044 2993/2993/2980
f 2993/2993/2980 3057/3057/3044 3058/3058/3045
f 2993/2993/2980 3058/3058/3045 2994/2994/2981
f 2994/2994/2981 3058/3058/3045 3059/3059/3046
f 2994/2994/2981 3059/3059/3046 2995/2995/2982
f 2995/2995/2982 3059/3059/3046 3060/3060/3047
f 2995/2995/2982 3060/3060/3047 2996/2996/2983
f 2996/2996/2983 3060/3060/3047 3061/3061/3048
f 2996/2996/2983 3061/3061/3048 2997/2997/2984
f 2997/2997/2984 3061/3061/3048 3062/3062/3049
f 2997/2997/2984 3062/3062/3049 2998/2998/2985
f 2998/2998/2985 3062/3062/3049 3063/3063/3050
f 2998/2998/2985 3063/3063/3050 2999/2999/2986
f 2999/2999/2986 3063/3063/3050 3064/3064/3051
f 2999/2999/2986 3064/3064/3051 3000/3000/2987
f 3000/3000/2987 3064/3064/3051 3065/3065/3052
f 3000/3000/2987 3065/3065/3052 3001/3001/2988
f 3001/3001/2988 3065/3065/3052 3066/3066/3053
f 3001/3001/2988 3066/3066/3053 3002/3002/2989
f 3002/3002/2989 3066/3066/3053 3067/3067/3054
f 3002/3002/2989 3067/3067/3054 3003/3003/2990
f 3003/3003/2990 3067/3067/3054 3068/3068/3055
f 3003/3003/2990 3068/3068/3055 3004/3004/2991
f 3004/3004/2991 3068/3068/3055 3069/3069/3056
f 3004/3004/2991 3069/3069/3056 3005/3005/2992
f 3005/3005/2992 3069/3069/3056 3070/3070/3057
f 3005/3005/2992 3070/3070/3057 3006/3006/2993
f 3006/3006/2993 3070/3070/3057 3071/3071/3058
f 3006/3006/2993 3071/3071/3058 3007/3007/2994
f 3007/3007/2994 3071/3071/3058 3072/3072/3059
f 3007/3007/2994 3072/3072/3059 3008/3008/2995
f 3008/3008/2995 3072/3072/3059 3073/3073/3060
f 3008/3008/2995 3073/3073/3060 3009/3009/2996
f 3009/3009/2996 3073/3073/3060 3074/3074/3061
f 3009/3009/2996 3074/3074/3061 3010/3010/2997
f 3010/3010/2997 3074/3074/3061 3075/3075/3062
f 3010/3010/2997 3075/3075/3062 3011/3011/2998
f 3011/3011/2998 3075/3075/3062 3076/3076/3063
f 3011/3011/2998 3076/3076/3063 3012/3012/2999
f 3012/3012/2999 3076/3076/3063 3077/3077/3064
f 3012/3012/2999 3077/3077/3064 3013/3013/3000
f 3013/3013/3000 3077/3077/3064 3078/3078/3065
f 3013/3013/3000 3078/3078/3065 3014/3014/3001
f 3014/3014/3001 3078/3078/3065 3079/3079/3066
f 3014/3014/3001 3079/3079/3066 3015/3015/3002
f 3015/3015/3002 3079/3079/3066 3080/3080/3067
f 3015/3015/3002 3080/3080/3067 3016/3016/3003
f 3016/3016/3003 3080/3080/3067 3081/3081/3068
f 3016/3016/3003 3081/3081/3068 3017/3017/3004
f 3017/3017/3004 3081/3081/3068 3082/3082/3069
f 3017/3017/3004 3082/3082/3069 3018/3018/3005
f 3018/3018/3005 3082/3082/3069 3083/3083/3070
f 3018/3018/3005 3083/3083/3070 3019/3019/3006
f 3019/3019/3006 3083/3083/3070 3084/3084/3071
f 3019/3019/3006 3084/3084/3071 3020/3020/3007
f 3020/3020/3007 3084/3084/3071 3085/3085/3072
f 3020/3020/3007 3085/3085/3072 3021/3021/3008
f 3021/3021/3008 3085/3085/3072 3086/3086/3073
f 3021/3021/3008 3086/3086/3073 3022/3022/3009
f 3022/3022/3009 3086/3086/3073 3087/3087/3074
f 3022/3022/3009 3087/3087/3074 3023/3023/3010
f 3023/3023/3010 3087/3087/3074 3088/3088/3075
f 3023/3023/3010 3088/3088/3075 3024/3024/3011
f 3024/3024/3011 3088/3088/3075 3089/3089/3076
f 3024/3024/3011 3089/3089/3076 3025/3025/3012
f 3025/3025/3012 3089/3089/3076 3090/3090/3077
f 3025/3025/3012 3090/3090/3077 3026/3026/3013
f 3026/3026/3013 3090/3090/3077 3091/3091/3078
f 3026/3026/3013 3091/3091/3078 3027/3027/3014
f 3027/3027/3014 3091/3091/3078 3092/3092/3079
f 3027/3027/3014 3092/3092/3079 3028/3028/3015
f 3028/3028/3015 3092/3092/3079 3093/3093/3080
f 3028/3028/3015 3093/3093/3080 3029/3029/3016
f 3029/3029/3016 3093/3093/3080 3094/3094/3081
f 3029/3029/3016 3094/3094/3081 3030/3030/3017
f 3030/3030/3017 3094/3094/3081 3095/3095/3082
f 3030/3030/3017 3095/3095/3082 3031/3031/3018
f 3031/3031/3018 3095/3095/3082 3096/3096/3083
f 3031/3031/3018 3096/3096/3083 3032/3032/3019
f 3032/3032/3019 3096/3096/3083 3097/3097/3084
f 3032/3032/3019 3097/3097/3084 3033/3033/3020
f 3033/3033/3020 3097/3097/3084 3098/3098/3085
f 3033/3033/3020 3098/3098/3085 3034/3034/3021
f 3034/3034/3021 3098/3098/3085 3099/3099/3086
f 3034/3034/3021 3099/3099/3086 3035/3035/3022
f 3035/3035/3022 3099/3099/3086 3100/3100/3087
f 3035/3035/3022 3100/3100/3087 3036/3036/3023
f 3036/3036/3023 3100/3100/3087 3101/3101/3088
f 3036/3036/3023 3101/3101/3088 3037/3037/3024
f 3037/3037/3024 3101/3101/3088 3102/3102/3089
f 3037/3037/3024 3102/3102/3089 3038/3038/3025
f 3038/3038/3025 3102/3102/3089 3103/3103/3090
f 3038/3038/3025 3103/3103/3090 3039/3039/3026
f 3039/3039/3026 3103/3103/3090 3104/3104/3091
f 3039/3039/3026 3104/3104/3091 3040/3040/3027
f 3040/3040/3027 3104/3104/3091 3105/3105/3092
f 3040/3040/3027 3105/3105/3092 3041/3041/3028
f 3041/3041/3028 3105/3105/3092 3106/3106/3093
f 3041/3041/3028 3106/3106/3093 3042/3042/3029
f 3042/3042/3029 3106/3106/3093 3107/3107/3094
f 3042/3042/3029 3107/3107/3094 3043/3043/3030
f 3043/3043/3030 3107/3107/3094 3108/3108/3095
f 3043/3043/3030 3108/3108/3095 3044/3044/3031
f 3044/3044/3031 3108/3108/3095 3109/3109/3096
f 3044/3044/3031 3109/3109/3096 3045/3045/3032
f 3045/3045/3032 3109/3109/3096 3110/3110/3097
f 3045/3045/3032 3110/3110/3097 3046/3046/3033
f 3046/3046/3033 3110/3110/3097 3111/3111/3098
f 3046/3046/3033 3111/3111/3098 3047/3047/3034
f 3047/3047/3034 3111/3111/3098 3112/3112/3099
f 3047/3047/3034 3112/3112/3099 3048/3048/3035
f 3048/3048/3035 3112/3112/3099 3113/3113/3100
f 3048/3048/3035 3113/3113/3100 3049/3049/3036
f 3049/3049/3036 3113/3113/3100 3114/3114/3101
f 3049/3049/3036 3114/3114/3101 3050/3050/3037
f 3050/3050/3037 3114/3114/3101 3115/3115/3102
f 3050/3050/3037 3115/3115/3102 3051/3051/3038
f 3051/3051/3038 3115/3115/3102 3116/3116/3103
f 3051/3051/3038 3116/3116/3103 3052/3052/3039
f 3052/3052/3039 3116/3116/3103 3117/3117/3104
f 3052/3052/3039 3117/3117/3104 3053/3053/3040
f 3053/3053/3040 3117/3117/3104 3118/3118/3105
f 3053/3053/3040 3118/3118/3105 3054/3054/3041
f 3054/3054/3041 3118/3118/3105 3119/3119/3106
f 3054/3054/3041 3119/3119/3106 3055/3055/3042
f 3055/3055/3042 3119/3119/3106 3120/3120/3107
f 3056/3056/3043 3121/3121/3108 3057/3057/3044
f 3057/3057/3044 3121/3121/3108 3122/3122/3109
f 3057/3057/3044 3122/3122/3109 3058/3058/3045
f 3058/3058/3045 3122/3122/3109 3123/3123/3109
f 3058/3058/3045 3123/3123/3109 3059/3059/3046
f 3059/3059/3046 3123/3123/3109 3124/3124/3109
f 3059/3059/3046 3124/3124/3109 3060/3060/3047
f 3060/3060/3047 3124/3124/3109 3125/3125/3110
f 3060/3060/3047 3125/3125/3110 3061/3061/3048
f 3061/3061/3048 3125/3125/3110 3126/3126/3111
f 3061/3061/3048 3126/3126/3111 3062/3062/3049
f 3062/3062/3049 3126/3126/3111 3127/3127/3111
f 3062/3062/3049 3127/3127/3111 3063/3063/3050
f 3063/3063/3050 3127/3127/3111 3128/3128/3112
f 3063/3063/3050 3128/3128/3112 3064/3064/3051
f 3064/3064/3051 3128/3128/3112 3129/3129/3113
f 3064/3064/3051 3129/3129/3113 3065/3065/3052
f 3065/3065/3052 3129/3129/3113 3130/3130/3114
f 3065/3065/3052 3130/3130/3114 3066/3066/3053
f 3066/3066/3053 3130/3130/3114 3131/3131/3115
f 3066/3066/3053 3131/3131/3115 3067/3067/3054
f 3067/3067/3054 3131/3131/3115 3132/3132/3116
f 3067/3067/3054 3132/3132/3116 3068/3068/3055
f 3068/3068/3055 3132/3132/3116 3133/3133/3117
f 3068/3068/3055 3133/3133/3117 3069/3069/3056
f 3069/3069/3056 3133/3133/3117 3134/3134/3118
f 3069/3069/3056 3134/3134/3118 3070/3070/3057
f 3070/3070/3057 3134/3134/3118 3135/3135/3119
f 3070/3070/3057 3135/3135/3119 3071/3071/3058
f 3071/3071/3058 3135/3135/3119 3136/3136/3120
f 3071/3071/3058 3136/3136/3120 3072/3072/3059
f 3072/3072/3059 3136/3136/3120 3137/3137/3121
f 3072/3072/3059 3137/3137/3121 3073/3073/3060
f 3073/3073/3060 3137/3137/3121 3138/3138/3122
f 3073/3073/3060 3138/3138/3122 3074/3074/3061
f 3074/3074/3061 3138/3138/3122 3139/3139/3123
f 3074/3074/3061 3139/3139/3123 3075/3075/3062
f 3075/3075/3062 3139/3139/3123 3140/3140/3124
f 3075/3075/3062 3140/3140/3124 3076/3076/3063
f 3076/3076/3063 3140/3140/3124 3141/3141/3125
f 3076/3076/3063 3141/3141/3125 3077/3077/3064
f 3077/3077/3064 3141/3141/3125 3142/3142/3126
f 3077/3077/3064 3142/3142/3126 3078/3078/3065
f 3078/3078/3065 3142/3142/3126 3143/3143/3127
f 3078/3078/3065 3143/3143/3127 3079/3079/3066
f 3079/3079/3066 3143/3143/3127 3144/3144/3128
f 3079/3079/3066 3144/3144/3128 3080/3080/3067
f 3080/3080/3067 3144/3144/3128 3145/3145/3129
f 3080/3080/3067 3145/3145/3129 3081/3081/3068
f 3081/3081/3068 3145/3145/3129 3146/3146/3130
f 3081/3081/3068 3146/3146/3130 3082/3082/3069
f 3082/3082/3069 3146/3146/3130 3147/3147/3130
f 3082/3082/3069 3147/3147/3130 3083/3083/3070
f 3083/3083/3070 3147/3147/3130 3148/3148/3131
f 3083/3083/3070 3148/3148/3131 3084/3084/3071
f 3084/3084/3071 3148/3148/3131 3149/3149/3132
f 3084/3084/3071 3149/3149/3132 3085/3085/3072
f 3085/3085/3072 3149/3149/3132 3150/3150/3132
f 3085/3085/3072 3150/3150/3132 3086/3086/3073
f 3086/3086/3073 3150/3150/3132 3151/3151/3132
f 3086/3086/3073 3151/3151/3132 3087/3087/3074
f 3087/3087/3074 3151/3151/3132 3152/3152/3132
f 3087/3087/3074 3152/3152/3132 3088/3088/3075
f 3088/3088/3075 3152/3152/3132 3153/3153/3132
f 3088/3088/3075 3153/3153/3132 3089/3089/3076
f 3089/3089/3076 3153/3153/3132 3154/3154/3132
f 3089/3089/3076 3154/3154/3132 3090/3090/3077
f 3090/3090/3077 3154/3154/3132 3155/3155/3132
f 3090/3090/3077 3155/3155/3132 3091/3091/3078
f 3091/3091/3078 3155/3155/3132 3156/3156/3131
f 3091/3091/3078 3156/3156/3131 3092/3092/3079
f 3092/3092/3079 3156/3156/3131 3157/3157/3131
f 3092/3092/3079 3157/3157/3131 3093/3093/3080
f 3093/3093/3080 3157/3157/3131 3158/3158/3130
f 3093/3093/3080 3158/3158/3130 3094/3094/3081
f 3094/3094/3081 3158/3158/3130 3159/3159/3130
f 3094/3094/3081 3159/3159/3130 3095/3095/3082
f 3095/3095/3082 3159/3159/3130 3160/3160/3133
f 3095/3095/3082 3160/3160/3133 3096/3096/3083
f 3096/3096/3083 3160/3160/3133 3161/3161/3134
f 3096/3096/3083 3161/3161/3134 3097/3097/3084
f 3097/3097/3084 3161/3161/3134 3162/3162/3135
f 3097/3097/3084 3162/3162/3135 3098/3098/3085
f 3098/3098/3085 3162/3162/3135 3163/3163/3136
f 3098/3098/3085 3163/3163/3136 3099/3099/3086
f 3099/3099/3086 3163/3163/3136 3164/3164/3137
f 3099/3099/3086 3164/3164/3137 3100/3100/3087
f 3100/3100/3087 3164/3164/3137 3165/3165/3138
f 3100/3100/3087 3165/3165/3138 3101/3101/3088
f 3101/3101/3088 3165/3165/3138 3166/3166/3139
f 3101/3101/3088 3166/3166/3139 3102/3102/3089
f 3102/3102/3089 3166/3166/3139 3167/3167/3140
f 3102/3102/3089 3167/3167/3140 3103/3103/3090
f 3103/3103/3090 3167/3167/3140 3168/3168/3141
f 3103/3103/3090 3168/3168/3141 3104/3104/3091
f 3104/3104/3091 3168/3168/3141 3169/3169/3142
f 3104/3104/3091 3169/3169/3142 3105/3105/3092
f 3105/3105/3092 3169/3169/3142 3170/3170/3143
f 3105/3105/3092 3170/3170/3143 3106/3106/3093
f 3106/3106/3093 3170/3170/3143 3171/3171/3144
f 3106/3106/3093 3171/3171/3144 3107/3107/3094
f 3107/3107/3094 3171/3171/3144 3172/3172/3145
f 3107/3107/3094 3172/3172/3145 3108/3108/3095
f 3108/3108/3095 3172/3172/3145 3173/3173/3146
f 3108/3108/3095 3173/3173/3146 3109/3109/3096
f 3109/3109/3096 3173/3173/3146 3174/3174/3147
f 3109/3109/3096 3174/3174/3147 3110/3110/3097
f 3110/3110/3097 3174/3174/3147 3175/3175/3148
f 3110/3110/3097 3175/3175/3148 3111/3111/3098
f 3111/3111/3098 3175/3175/3148 3176/3176/3149
f 3111/3111/3098 3176/3176/3149 3112/3112/3099
f 3112/3112/3099 3176/3176/3149 3177/3177/3150
f 3112/3112/3099 3177/3177/3150 3113/3113/3100
f 3113/3113/3100 3177/3177/3150 3178/3178/3111
f 3113/3113/3100 3178/3178/3111 3114/3114/3101
f 3114/3114/3101 3178/3178/3111 3179/3179/3111
f 3114/3114/3101 3179/3179/3111 3115/3115/3102
f 3115/3115/3102 3179/3179/3111 3180/3180/3110
f 3115/3115/3102 3180/3180/3110 3116/3116/3103
f 3116/3116/3103 3180/3180/3110 3181/3181/3110
f 3116/3116/3103 3181/3181/3110 3117/3117/3104
f 3117/3117/3104 3181/3181/3110 3182/3182/3109
f 3117/3117/3104 3182/3182/3109 3118/3118/3105
f 3118/3118/3105 3182/3182/3109 3183/3183/3109
f 3118/3118/3105 3183/3183/3109 3119/3119/3106
f 3119/3119/3106 3183/3183/3109 3184/3184/3109
f 3119/3119/3106 3184/3184/3109 3120/3120/3107
f 3120/3120/3107 3184/3184/3109 3185/3185/1
